-- MySQL dump 10.13  Distrib 5.6.44, for Linux (x86_64)
--
-- Host: localhost    Database: qd_zm297_cn
-- ------------------------------------------------------
-- Server version	5.6.44-log

/*!40101 SET @OLD_CHARACTER_SET_CLIENT=@@CHARACTER_SET_CLIENT */;
/*!40101 SET @OLD_CHARACTER_SET_RESULTS=@@CHARACTER_SET_RESULTS */;
/*!40101 SET @OLD_COLLATION_CONNECTION=@@COLLATION_CONNECTION */;
/*!40101 SET NAMES utf8 */;
/*!40103 SET @OLD_TIME_ZONE=@@TIME_ZONE */;
/*!40103 SET TIME_ZONE='+00:00' */;
/*!40014 SET @OLD_UNIQUE_CHECKS=@@UNIQUE_CHECKS, UNIQUE_CHECKS=0 */;
/*!40014 SET @OLD_FOREIGN_KEY_CHECKS=@@FOREIGN_KEY_CHECKS, FOREIGN_KEY_CHECKS=0 */;
/*!40101 SET @OLD_SQL_MODE=@@SQL_MODE, SQL_MODE='NO_AUTO_VALUE_ON_ZERO' */;
/*!40111 SET @OLD_SQL_NOTES=@@SQL_NOTES, SQL_NOTES=0 */;

--
-- Table structure for table `mirrormx_customer_chat_data`
--

DROP TABLE IF EXISTS `mirrormx_customer_chat_data`;
/*!40101 SET @saved_cs_client     = @@character_set_client */;
/*!40101 SET character_set_client = utf8 */;
CREATE TABLE `mirrormx_customer_chat_data` (
  `id` int(10) unsigned NOT NULL AUTO_INCREMENT,
  `type` varchar(255) NOT NULL,
  `key` varchar(255) NOT NULL,
  `value` text,
  PRIMARY KEY (`id`),
  KEY `data_type_ix` (`type`)
) ENGINE=InnoDB AUTO_INCREMENT=2 DEFAULT CHARSET=utf8;
/*!40101 SET character_set_client = @saved_cs_client */;

--
-- Dumping data for table `mirrormx_customer_chat_data`
--

LOCK TABLES `mirrormx_customer_chat_data` WRITE;
/*!40000 ALTER TABLE `mirrormx_customer_chat_data` DISABLE KEYS */;
INSERT INTO `mirrormx_customer_chat_data` VALUES (1,'canned_message','你好呀','你好!');
/*!40000 ALTER TABLE `mirrormx_customer_chat_data` ENABLE KEYS */;
UNLOCK TABLES;

--
-- Table structure for table `mirrormx_customer_chat_department`
--

DROP TABLE IF EXISTS `mirrormx_customer_chat_department`;
/*!40101 SET @saved_cs_client     = @@character_set_client */;
/*!40101 SET character_set_client = utf8 */;
CREATE TABLE `mirrormx_customer_chat_department` (
  `id` smallint(5) unsigned NOT NULL AUTO_INCREMENT,
  `name` varchar(64) NOT NULL,
  `description` varchar(255) DEFAULT NULL,
  PRIMARY KEY (`id`)
) ENGINE=InnoDB DEFAULT CHARSET=utf8;
/*!40101 SET character_set_client = @saved_cs_client */;

--
-- Dumping data for table `mirrormx_customer_chat_department`
--

LOCK TABLES `mirrormx_customer_chat_department` WRITE;
/*!40000 ALTER TABLE `mirrormx_customer_chat_department` DISABLE KEYS */;
/*!40000 ALTER TABLE `mirrormx_customer_chat_department` ENABLE KEYS */;
UNLOCK TABLES;

--
-- Table structure for table `mirrormx_customer_chat_message`
--

DROP TABLE IF EXISTS `mirrormx_customer_chat_message`;
/*!40101 SET @saved_cs_client     = @@character_set_client */;
/*!40101 SET character_set_client = utf8 */;
CREATE TABLE `mirrormx_customer_chat_message` (
  `id` int(10) unsigned NOT NULL AUTO_INCREMENT,
  `from_id` int(11) NOT NULL,
  `to_id` int(11) NOT NULL,
  `body` text NOT NULL,
  `datetime` timestamp NOT NULL DEFAULT CURRENT_TIMESTAMP ON UPDATE CURRENT_TIMESTAMP,
  `talk_id` int(10) unsigned NOT NULL,
  `extra` text,
  PRIMARY KEY (`id`),
  KEY `message_fk_talk` (`talk_id`),
  KEY `message_from_id_ix` (`from_id`),
  KEY `message_to_id_ix` (`to_id`),
  KEY `message_datetime_ix` (`datetime`),
  CONSTRAINT `message_fk_talk` FOREIGN KEY (`talk_id`) REFERENCES `mirrormx_customer_chat_talk` (`id`) ON DELETE CASCADE ON UPDATE CASCADE
) ENGINE=InnoDB AUTO_INCREMENT=75 DEFAULT CHARSET=utf8;
/*!40101 SET character_set_client = @saved_cs_client */;

--
-- Dumping data for table `mirrormx_customer_chat_message`
--

LOCK TABLES `mirrormx_customer_chat_message` WRITE;
/*!40000 ALTER TABLE `mirrormx_customer_chat_message` DISABLE KEYS */;
INSERT INTO `mirrormx_customer_chat_message` VALUES (1,2,-1,'你好呀','2019-12-13 07:35:26',1,NULL),(2,2,-1,'*-D','2019-12-13 07:35:33',1,NULL),(3,1,-1,'你好!','2019-12-13 07:36:02',1,NULL),(4,2,-1,'你说你 马呢','2019-12-13 07:49:32',1,NULL),(5,1,2,'1','2019-12-13 07:49:54',2,NULL),(6,2,-1,'1','2019-12-13 07:50:22',1,NULL),(7,3,-1,'pa','2019-12-13 07:50:52',3,NULL),(8,1,-1,'你说你                    .-\' _..`.                   /  .\'_.\'.\'                  | .\' (.)`.                  ;\'   ,_   `.  .--.__________.\'    ;  `.;-\' |  ./               / |  |               /  `..\'`-._  _____, ..\'      / | |     | |\\ \\     / /| |     | | \\ \\    / / | |     | |  \\ \\   /_/  |_|     |_|   \\_\\  |__\\  |__\\    |__\\  |__\\呢','2019-12-13 07:51:02',3,NULL),(9,2,-1,'不说话了吗栽种','2019-12-13 07:51:59',1,NULL),(10,1,3,'1111','2019-12-13 07:52:24',4,NULL),(11,3,-1,'sb','2019-12-13 07:53:04',3,NULL),(12,1,-1,'崽种','2019-12-13 07:53:19',3,NULL),(13,4,-1,'123','2019-12-13 08:06:07',5,NULL),(14,1,-1,'????','2019-12-13 08:07:49',5,NULL),(15,4,-1,'测试测试','2019-12-13 08:08:18',5,NULL),(16,3,-1,'爬','2019-12-13 08:10:14',3,NULL),(17,3,-1,'？？？','2019-12-13 08:10:34',3,NULL),(18,5,-1,'？？','2019-12-13 08:10:52',6,NULL),(19,1,-1,'你好菜啊','2019-12-13 08:11:06',6,NULL),(20,5,-1,'不要在这里逼逼赖赖','2019-12-13 08:11:21',6,NULL),(21,1,-1,'你这个不够圆润啊','2019-12-13 08:11:44',6,NULL),(22,6,-1,':(','2019-12-13 08:14:04',7,NULL),(23,1,-1,'给你马来一拳','2019-12-13 08:14:20',7,NULL),(24,1,-1,' :) ','2019-12-13 08:16:09',7,NULL),(25,1,-1,'你的(￣。。￣)呢','2019-12-13 08:17:14',7,NULL),(26,6,-1,':D','2019-12-13 08:17:47',7,NULL),(27,1,6,'1','2019-12-13 08:18:49',9,NULL),(28,1,6,'1','2019-12-13 08:18:58',10,NULL),(29,7,-1,'嗯？','2019-12-13 08:19:16',8,NULL),(30,1,-1,'我的马不见了','2019-12-13 08:19:43',8,NULL),(31,7,-1,'行吧','2019-12-13 08:19:55',8,NULL),(32,6,-1,':^^','2019-12-13 08:20:26',7,NULL),(33,1,-1,'给你马来一拳','2019-12-13 08:20:36',7,NULL),(34,6,-1,'=)','2019-12-13 08:20:41',7,NULL),(35,6,-1,'&gt;:D','2019-12-13 08:20:51',7,NULL),(36,8,-1,'&lt;style&gt;*{color:red}&lt;/style&gt;','2019-12-13 08:31:03',11,NULL),(37,9,-1,'你好 怎么充值','2019-12-14 05:44:20',12,NULL),(38,1,-1,'点击充值然后需要充值的金额充值即可','2019-12-14 05:45:17',12,NULL),(39,9,-1,'你好','2019-12-14 05:47:33',12,NULL),(40,9,-1,'谢谢','2019-12-14 05:50:17',12,NULL),(41,10,-1,':)','2019-12-14 05:54:08',13,NULL),(42,10,-1,'您好怎么充值','2019-12-14 05:54:15',13,NULL),(43,1,-1,'点击钱包，输入充值金额然后进行充值即可','2019-12-14 05:56:31',13,NULL),(44,12,-1,'nin hao','2019-12-16 06:19:05',15,NULL),(45,13,-1,'哈喽哈喽','2019-12-16 06:19:13',16,NULL),(46,1,-1,'哈喽','2019-12-16 06:20:07',16,NULL),(47,14,-1,'您好，请问怎么充值','2019-12-16 06:20:24',17,NULL),(48,1,-1,'嗯嗯','2019-12-16 06:21:29',17,NULL),(49,14,-1,'谢谢','2019-12-16 06:21:43',17,NULL),(50,14,-1,'我明白了','2019-12-16 06:21:46',17,NULL),(51,1,-1,'对接这个上去','2019-12-16 06:25:17',17,NULL),(52,1,-1,'需要多长时间','2019-12-16 06:25:22',17,NULL),(53,1,-1,'我来算下时间','2019-12-16 06:25:24',17,NULL),(54,14,-1,'1','2019-12-16 06:26:51',17,NULL),(55,1,-1,'怎么不显示刚登录进来对话 那句您好有什么可以帮到您','2019-12-16 06:27:31',17,NULL),(56,1,-1,'这个在哪里设置','2019-12-16 06:27:43',17,NULL),(57,15,-1,'11','2019-12-16 07:44:59',18,NULL),(58,16,-1,';-D','2019-12-17 02:14:48',19,NULL),(59,1,-1,'你好','2019-12-17 03:09:54',19,NULL),(60,17,-1,'ni hao','2019-12-18 03:37:39',20,NULL),(61,1,-1,'您好','2019-12-18 03:37:54',20,NULL),(62,17,-1,'89076047ly1g3rrhjf0jij20u01907a2.jpg','2019-12-18 03:38:11',20,'{\"type\":\"files\",\"files\":[{\"name\":\"89076047ly1g3rrhjf0jij20u01907a2.jpg\",\"size\":218354,\"type\":\"image\\/jpeg\"}]}'),(63,18,-1,'你好','2020-01-17 15:04:18',21,NULL),(64,1,-1,'222','2020-01-17 15:04:52',21,NULL),(65,1,-1,'33','2020-01-17 15:05:05',21,NULL),(66,18,-1,'你好呀','2020-01-17 15:05:11',21,NULL),(67,19,-1,'你好呀','2020-01-17 15:09:24',22,NULL),(68,1,-1,'可以呀','2020-01-17 15:09:33',21,NULL),(69,1,-1,'仁恩','2020-01-17 15:09:58',21,NULL),(70,1,-1,'人呢','2020-01-17 15:10:04',21,NULL),(71,19,-1,':|  :-D','2020-01-17 15:10:26',22,NULL),(72,1,-1,'你好','2020-01-17 15:10:37',22,NULL),(73,1,-1,'你谁啊','2020-01-17 15:10:44',22,NULL),(74,19,-1,'1111','2020-01-17 15:10:50',22,NULL);
/*!40000 ALTER TABLE `mirrormx_customer_chat_message` ENABLE KEYS */;
UNLOCK TABLES;

--
-- Table structure for table `mirrormx_customer_chat_shared_file`
--

DROP TABLE IF EXISTS `mirrormx_customer_chat_shared_file`;
/*!40101 SET @saved_cs_client     = @@character_set_client */;
/*!40101 SET character_set_client = utf8 */;
CREATE TABLE `mirrormx_customer_chat_shared_file` (
  `id` int(10) unsigned NOT NULL AUTO_INCREMENT,
  `original_name` varchar(255) NOT NULL,
  `name` varchar(32) NOT NULL,
  `type` varchar(255) DEFAULT NULL,
  `size` int(10) unsigned DEFAULT NULL,
  `upload_id` int(10) unsigned NOT NULL,
  `password` varchar(32) NOT NULL,
  PRIMARY KEY (`id`),
  KEY `shared_file_fk_upload` (`upload_id`),
  CONSTRAINT `shared_file_fk_upload` FOREIGN KEY (`upload_id`) REFERENCES `mirrormx_customer_chat_upload` (`id`) ON DELETE CASCADE ON UPDATE CASCADE
) ENGINE=InnoDB AUTO_INCREMENT=2 DEFAULT CHARSET=utf8;
/*!40101 SET character_set_client = @saved_cs_client */;

--
-- Dumping data for table `mirrormx_customer_chat_shared_file`
--

LOCK TABLES `mirrormx_customer_chat_shared_file` WRITE;
/*!40000 ALTER TABLE `mirrormx_customer_chat_shared_file` DISABLE KEYS */;
INSERT INTO `mirrormx_customer_chat_shared_file` VALUES (1,'89076047ly1g3rrhjf0jij20u01907a2.jpg','S0tChbVzdH2aNfVmnuUnGqwb6Z8FYvI','image/jpeg',218354,1,'4ybpAg5ymjwKZ10tD9EoUv2UyZrNODs');
/*!40000 ALTER TABLE `mirrormx_customer_chat_shared_file` ENABLE KEYS */;
UNLOCK TABLES;

--
-- Table structure for table `mirrormx_customer_chat_talk`
--

DROP TABLE IF EXISTS `mirrormx_customer_chat_talk`;
/*!40101 SET @saved_cs_client     = @@character_set_client */;
/*!40101 SET character_set_client = utf8 */;
CREATE TABLE `mirrormx_customer_chat_talk` (
  `id` int(10) unsigned NOT NULL AUTO_INCREMENT,
  `state` varchar(32) DEFAULT NULL,
  `department_id` smallint(5) unsigned DEFAULT NULL,
  `owner` int(11) DEFAULT NULL,
  `last_activity` timestamp NOT NULL DEFAULT CURRENT_TIMESTAMP ON UPDATE CURRENT_TIMESTAMP,
  `extra` text,
  PRIMARY KEY (`id`),
  KEY `talk_fk_department` (`department_id`),
  KEY `talk_owner_ix` (`owner`),
  KEY `talk_last_activity_ix` (`last_activity`),
  CONSTRAINT `talk_fk_department` FOREIGN KEY (`department_id`) REFERENCES `mirrormx_customer_chat_department` (`id`) ON DELETE SET NULL ON UPDATE CASCADE
) ENGINE=InnoDB AUTO_INCREMENT=23 DEFAULT CHARSET=utf8;
/*!40101 SET character_set_client = @saved_cs_client */;

--
-- Dumping data for table `mirrormx_customer_chat_talk`
--

LOCK TABLES `mirrormx_customer_chat_talk` WRITE;
/*!40000 ALTER TABLE `mirrormx_customer_chat_talk` DISABLE KEYS */;
INSERT INTO `mirrormx_customer_chat_talk` VALUES (1,'closed',NULL,1,'2019-12-13 07:36:02',NULL),(2,'closed',NULL,1,'2019-12-13 07:49:54',NULL),(3,'closed',NULL,1,'2019-12-13 07:53:19',NULL),(4,'closed',NULL,1,'2019-12-13 07:52:24',NULL),(5,'closed',NULL,1,'2019-12-13 08:07:49',NULL),(6,'closed',NULL,1,'2019-12-13 08:11:44',NULL),(7,'closed',NULL,1,'2019-12-13 08:20:36',NULL),(8,'closed',NULL,1,'2019-12-13 08:19:43',NULL),(9,'closed',NULL,1,'2019-12-13 08:18:49',NULL),(10,'closed',NULL,1,'2019-12-13 08:18:58',NULL),(11,'closed',NULL,NULL,'2019-12-13 08:31:03',NULL),(12,'closed',NULL,1,'2019-12-14 05:45:17',NULL),(13,'closed',NULL,1,'2019-12-14 05:56:31',NULL),(14,'closed',NULL,NULL,'2019-12-14 06:39:32',NULL),(15,'closed',NULL,NULL,'2019-12-16 06:19:05',NULL),(16,'closed',NULL,1,'2019-12-16 06:20:07',NULL),(17,'closed',NULL,1,'2019-12-16 06:27:43',NULL),(18,'closed',NULL,NULL,'2019-12-16 07:44:59',NULL),(19,'closed',NULL,1,'2019-12-17 03:09:54',NULL),(20,'closed',NULL,1,'2020-01-17 15:03:25',NULL),(21,'in_progress',NULL,1,'2020-01-17 15:10:04',NULL),(22,'in_progress',NULL,1,'2020-01-17 15:10:44',NULL);
/*!40000 ALTER TABLE `mirrormx_customer_chat_talk` ENABLE KEYS */;
UNLOCK TABLES;

--
-- Table structure for table `mirrormx_customer_chat_upload`
--

DROP TABLE IF EXISTS `mirrormx_customer_chat_upload`;
/*!40101 SET @saved_cs_client     = @@character_set_client */;
/*!40101 SET character_set_client = utf8 */;
CREATE TABLE `mirrormx_customer_chat_upload` (
  `id` int(10) unsigned NOT NULL AUTO_INCREMENT,
  `message_id` int(10) unsigned NOT NULL,
  `state` varchar(16) NOT NULL,
  `files_info` text,
  `size` int(10) unsigned DEFAULT NULL,
  `progress` int(10) unsigned DEFAULT NULL,
  PRIMARY KEY (`id`),
  KEY `upload_fk_message` (`message_id`),
  CONSTRAINT `upload_fk_message` FOREIGN KEY (`message_id`) REFERENCES `mirrormx_customer_chat_message` (`id`) ON DELETE CASCADE ON UPDATE CASCADE
) ENGINE=InnoDB AUTO_INCREMENT=2 DEFAULT CHARSET=utf8;
/*!40101 SET character_set_client = @saved_cs_client */;

--
-- Dumping data for table `mirrormx_customer_chat_upload`
--

LOCK TABLES `mirrormx_customer_chat_upload` WRITE;
/*!40000 ALTER TABLE `mirrormx_customer_chat_upload` DISABLE KEYS */;
INSERT INTO `mirrormx_customer_chat_upload` VALUES (1,62,'uploaded','[{\"name\":\"89076047ly1g3rrhjf0jij20u01907a2.jpg\",\"type\":\"image\\/jpeg\",\"size\":218354}]',218354,218354);
/*!40000 ALTER TABLE `mirrormx_customer_chat_upload` ENABLE KEYS */;
UNLOCK TABLES;

--
-- Table structure for table `mirrormx_customer_chat_user`
--

DROP TABLE IF EXISTS `mirrormx_customer_chat_user`;
/*!40101 SET @saved_cs_client     = @@character_set_client */;
/*!40101 SET character_set_client = utf8 */;
CREATE TABLE `mirrormx_customer_chat_user` (
  `id` int(11) NOT NULL AUTO_INCREMENT,
  `name` varchar(32) NOT NULL,
  `mail` varchar(64) NOT NULL,
  `password` varchar(255) NOT NULL,
  `image` varchar(255) DEFAULT NULL,
  `info` text,
  `roles` varchar(128) DEFAULT NULL,
  `last_activity` timestamp NULL DEFAULT NULL,
  PRIMARY KEY (`id`),
  KEY `user_mail_ix` (`mail`),
  KEY `user_last_activity_ix` (`last_activity`)
) ENGINE=InnoDB AUTO_INCREMENT=20 DEFAULT CHARSET=utf8;
/*!40101 SET character_set_client = @saved_cs_client */;

--
-- Dumping data for table `mirrormx_customer_chat_user`
--

LOCK TABLES `mirrormx_customer_chat_user` WRITE;
/*!40000 ALTER TABLE `mirrormx_customer_chat_user` DISABLE KEYS */;
INSERT INTO `mirrormx_customer_chat_user` VALUES (1,'admin','admin','e86e685ea0ff10e1ea942ba647e63fea2383fa0b',NULL,'{\"ip\":\"127.0.0.1\"}','ADMIN,OPERATOR','2020-01-17 16:06:34'),(2,'anonymous-1576222526','no@e.mail.provided','x',NULL,'{\"ip\":\"113.98.116.92\",\"referer\":\"http:\\/\\/qd2.hskj2016.com\\/customlivechat\\/php\\/app.php?widget-test\",\"userAgent\":\"Mozilla\\/5.0 (Windows NT 6.1) AppleWebKit\\/537.36 (KHTML, like Gecko) Chrome\\/78.0.3904.108 Safari\\/537.36\",\"browserName\":\"chrome\",\"browserVersion\":\"78.0\",\"os\":\"windows\",\"engine\":\"webkit\",\"language\":\"zh\",\"geoloc\":{\"countryCode\":\"CN\",\"countryName\":\"China\",\"regionCode\":\"44\",\"regionName\":\"Guangdong\",\"city\":\"Guangzhou\",\"zipCode\":null,\"timeZone\":\"Asia\\/Shanghai\",\"latitude\":23.1167,\"longitude\":113.25,\"metroCode\":null,\"utcOffset\":-480}}','GUEST','2019-12-13 08:13:03'),(3,'anonymous-1576223452','no@e.mail.provided','x',NULL,'{\"ip\":\"113.98.116.92\",\"referer\":\"http:\\/\\/qd2.hskj2016.com\\/customlivechat\\/php\\/app.php?widget-mobile\",\"userAgent\":\"Mozilla\\/5.0 (iPhone; CPU iPhone OS 11_0 like Mac OS X) AppleWebKit\\/604.1.38 (KHTML, like Gecko) Version\\/11.0 Mobile\\/15A372 Safari\\/604.1\",\"browserName\":\"safari\",\"browserVersion\":\"11.0\",\"os\":\"iphone\",\"engine\":\"webkit\",\"language\":\"zh\",\"geoloc\":{\"countryCode\":\"CN\",\"countryName\":\"China\",\"regionCode\":\"44\",\"regionName\":\"Guangdong\",\"city\":\"Guangzhou\",\"zipCode\":null,\"timeZone\":\"Asia\\/Shanghai\",\"latitude\":23.1167,\"longitude\":113.25,\"metroCode\":null,\"utcOffset\":-480}}','GUEST','0000-00-00 00:00:00'),(4,'anonymous-1576224367','no@e.mail.provided','x',NULL,'{\"ip\":\"113.66.255.73\",\"referer\":\"http:\\/\\/qd2.hskj2016.com\\/index\\/my\\/index.html\",\"userAgent\":\"Mozilla\\/5.0 (iPhone; CPU iPhone OS 11_0 like Mac OS X) AppleWebKit\\/604.1.38 (KHTML, like Gecko) Version\\/11.0 Mobile\\/15A372 Safari\\/604.1\",\"browserName\":\"safari\",\"browserVersion\":\"11.0\",\"os\":\"iphone\",\"engine\":\"webkit\",\"language\":\"zh\",\"geoloc\":{\"countryCode\":\"CN\",\"countryName\":\"China\",\"regionCode\":\"44\",\"regionName\":\"Guangdong\",\"city\":\"Guangzhou\",\"zipCode\":null,\"timeZone\":\"Asia\\/Shanghai\",\"latitude\":23.1167,\"longitude\":113.25,\"metroCode\":null,\"utcOffset\":-480}}','GUEST','2019-12-13 11:13:20'),(5,'anonymous-1576224652','no@e.mail.provided','x',NULL,'{\"ip\":\"113.98.116.92\",\"referer\":\"http:\\/\\/qd2.hskj2016.com\\/customlivechat\\/php\\/app.php?widget-mobile\",\"userAgent\":\"Mozilla\\/5.0 (iPhone; CPU iPhone OS 11_0 like Mac OS X) AppleWebKit\\/604.1.38 (KHTML, like Gecko) Version\\/11.0 Mobile\\/15A372 Safari\\/604.1\",\"browserName\":\"safari\",\"browserVersion\":\"11.0\",\"os\":\"iphone\",\"engine\":\"webkit\",\"language\":\"zh\",\"geoloc\":{\"countryCode\":\"CN\",\"countryName\":\"China\",\"regionCode\":\"44\",\"regionName\":\"Guangdong\",\"city\":\"Guangzhou\",\"zipCode\":null,\"timeZone\":\"Asia\\/Shanghai\",\"latitude\":23.1167,\"longitude\":113.25,\"metroCode\":null,\"utcOffset\":-480}}','GUEST','0000-00-00 00:00:00'),(6,'anonymous-1576224844','no@e.mail.provided','x',NULL,'{\"ip\":\"113.98.116.92\",\"referer\":\"http:\\/\\/qd2.hskj2016.com\\/index\\/my\\/index.html\",\"userAgent\":\"Mozilla\\/5.0 (iPhone; CPU iPhone OS 11_0 like Mac OS X) AppleWebKit\\/604.1.38 (KHTML, like Gecko) Version\\/11.0 Mobile\\/15A372 Safari\\/604.1\",\"browserName\":\"safari\",\"browserVersion\":\"11.0\",\"os\":\"iphone\",\"engine\":\"webkit\",\"language\":\"zh\",\"geoloc\":{\"countryCode\":\"CN\",\"countryName\":\"China\",\"regionCode\":\"44\",\"regionName\":\"Guangdong\",\"city\":\"Guangzhou\",\"zipCode\":null,\"timeZone\":\"Asia\\/Shanghai\",\"latitude\":23.1167,\"longitude\":113.25,\"metroCode\":null,\"utcOffset\":-480}}','GUEST','2019-12-13 09:53:25'),(7,'anonymous-1576225112','no@e.mail.provided','x',NULL,'{\"ip\":\"117.136.41.70\",\"referer\":\"http:\\/\\/qd2.hskj2016.com\\/customlivechat\\/php\\/app.php?widget-mobile\",\"userAgent\":\"Mozilla\\/5.0 (Linux; U; Android 9; zh-CN; MI 8 UD Build\\/PKQ1.180729.001) AppleWebKit\\/537.36 (KHTML, like Gecko) Version\\/4.0 Chrome\\/57.0.2987.108 Quark\\/3.6.2.122 Mobile Safari\\/537.36\",\"browserName\":\"android\",\"browserVersion\":\"mozilla\\/5.0 (linux; u; android 9; zh-cn; mi 8 ud build\\/pkq1.180729.001) applewebkit\\/537.36 (khtml, like gecko) version\\/4.0 chrome\\/57.0.2987.108 quark\\/3.6.2.122 mobile safari\\/537.36\",\"os\":\"android\",\"engine\":\"webkit\",\"language\":\"zh\",\"geoloc\":{\"countryCode\":\"CN\",\"countryName\":\"China\",\"regionCode\":\"44\",\"regionName\":\"Guangdong\",\"city\":\"Shenzhen\",\"zipCode\":null,\"timeZone\":\"Asia\\/Shanghai\",\"latitude\":22.5333,\"longitude\":114.1333,\"metroCode\":null,\"utcOffset\":-480}}','GUEST','2019-12-13 08:31:33'),(8,'anonymous-1576225863','no@e.mail.provided','x',NULL,'{\"ip\":\"113.98.116.92\",\"referer\":\"http:\\/\\/qd2.hskj2016.com\\/customlivechat\\/php\\/app.php?widget-mobile\",\"userAgent\":\"Mozilla\\/5.0 (iPhone; CPU iPhone OS 11_0 like Mac OS X) AppleWebKit\\/604.1.38 (KHTML, like Gecko) Version\\/11.0 Mobile\\/15A372 Safari\\/604.1\",\"browserName\":\"safari\",\"browserVersion\":\"11.0\",\"os\":\"iphone\",\"engine\":\"webkit\",\"language\":\"zh\",\"geoloc\":{\"countryCode\":\"CN\",\"countryName\":\"China\",\"regionCode\":\"44\",\"regionName\":\"Guangdong\",\"city\":\"Guangzhou\",\"zipCode\":null,\"timeZone\":\"Asia\\/Shanghai\",\"latitude\":23.1167,\"longitude\":113.25,\"metroCode\":null,\"utcOffset\":-480}}','GUEST','2019-12-13 09:33:38'),(9,'anonymous-1576302260','no@e.mail.provided','x',NULL,'{\"ip\":\"112.96.194.32\",\"referer\":\"http:\\/\\/qd2.hskj2016.com\\/customlivechat\\/php\\/app.php?widget-mobile\",\"userAgent\":\"Mozilla\\/5.0 (Linux; Android 9; YAL-AL00 Build\\/HUAWEIYAL-AL00; wv) AppleWebKit\\/537.36 (KHTML, like Gecko) Version\\/4.0 Chrome\\/66.0.3359.126 MQQBrowser\\/6.2 TBS\\/45016 Mobile Safari\\/537.36 MMWEBID\\/3526 MicroMessenger\\/7.0.9.1560(0x27000935) Process\\/tools NetType\\/4G Language\\/zh_CN ABI\\/arm64\",\"browserName\":\"android\",\"browserVersion\":\"mozilla\\/5.0 (linux; android 9; yal-al00 build\\/huaweiyal-al00; wv) applewebkit\\/537.36 (khtml, like gecko) version\\/4.0 chrome\\/66.0.3359.126 mqqbrowser\\/6.2 tbs\\/45016 mobile safari\\/537.36 mmwebid\\/3526 micromessenger\\/7.0.9.1560(0x27000935) process\\/tools nettype\\/4g language\\/zh_cn abi\\/arm64\",\"os\":\"android\",\"engine\":\"webkit\",\"language\":\"zh\",\"geoloc\":{\"countryCode\":\"CN\",\"countryName\":\"China\",\"regionCode\":\"44\",\"regionName\":\"Guangdong\",\"city\":\"Guangzhou\",\"zipCode\":null,\"timeZone\":\"Asia\\/Shanghai\",\"latitude\":23.1167,\"longitude\":113.25,\"metroCode\":null,\"utcOffset\":-480}}','GUEST','2019-12-14 05:51:00'),(10,'anonymous-1576302848','no@e.mail.provided','x',NULL,'{\"ip\":\"113.66.255.73\",\"referer\":\"http:\\/\\/qd2.hskj2016.com\\/customlivechat\\/php\\/app.php?widget-mobile\",\"userAgent\":\"Mozilla\\/5.0 (Linux; Android 6.0; Nexus 5 Build\\/MRA58N) AppleWebKit\\/537.36 (KHTML, like Gecko) Chrome\\/70.0.3538.25 Mobile Safari\\/537.36\",\"browserName\":\"android\",\"browserVersion\":\"6.0\",\"os\":\"android\",\"engine\":\"webkit\",\"language\":\"zh\",\"geoloc\":{\"countryCode\":\"CN\",\"countryName\":\"China\",\"regionCode\":\"44\",\"regionName\":\"Guangdong\",\"city\":\"Guangzhou\",\"zipCode\":null,\"timeZone\":\"Asia\\/Shanghai\",\"latitude\":23.1167,\"longitude\":113.25,\"metroCode\":null,\"utcOffset\":-480}}','GUEST','2019-12-14 06:05:48'),(11,'anonymous-1576305572','no@e.mail.provided','x',NULL,'{\"ip\":\"113.66.255.73\",\"referer\":\"http:\\/\\/qd2.hskj2016.com\\/customlivechat\\/php\\/app.php?widget-mobile\",\"userAgent\":\"Mozilla\\/5.0 (Linux; Android 6.0; Nexus 5 Build\\/MRA58N) AppleWebKit\\/537.36 (KHTML, like Gecko) Chrome\\/70.0.3538.25 Mobile Safari\\/537.36\",\"browserName\":\"android\",\"browserVersion\":\"6.0\",\"os\":\"android\",\"engine\":\"webkit\",\"language\":\"zh\",\"geoloc\":{\"countryCode\":\"CN\",\"countryName\":\"China\",\"regionCode\":\"44\",\"regionName\":\"Guangdong\",\"city\":\"Guangzhou\",\"zipCode\":null,\"timeZone\":\"Asia\\/Shanghai\",\"latitude\":23.1167,\"longitude\":113.25,\"metroCode\":null,\"utcOffset\":-480}}','GUEST','2019-12-14 06:40:27'),(12,'anonymous-1576477145','no@e.mail.provided','x',NULL,'{\"ip\":\"116.22.199.81\",\"referer\":\"http:\\/\\/qd2.hskj2016.com\\/customlivechat\\/php\\/app.php?widget-mobile\",\"userAgent\":\"Mozilla\\/5.0 (Linux; Android 6.0; Nexus 5 Build\\/MRA58N) AppleWebKit\\/537.36 (KHTML, like Gecko) Chrome\\/70.0.3538.25 Mobile Safari\\/537.36\",\"browserName\":\"android\",\"browserVersion\":\"6.0\",\"os\":\"android\",\"engine\":\"webkit\",\"language\":\"zh\",\"geoloc\":{\"countryCode\":\"CN\",\"countryName\":\"China\",\"regionCode\":\"44\",\"regionName\":\"Guangdong\",\"city\":\"Guangzhou\",\"zipCode\":null,\"timeZone\":\"Asia\\/Shanghai\",\"latitude\":23.1167,\"longitude\":113.25,\"metroCode\":null,\"utcOffset\":-480}}','GUEST','2019-12-16 06:19:55'),(13,'anonymous-1576477153','no@e.mail.provided','x',NULL,'{\"ip\":\"113.240.164.144\",\"referer\":\"http:\\/\\/qd2.hskj2016.com\\/index\\/index\\/home.html\",\"userAgent\":\"Mozilla\\/5.0 (iPhone; CPU iPhone OS 11_4_1 like Mac OS X) AppleWebKit\\/605.1.15 (KHTML, like Gecko) Version\\/11.0 Mobile\\/15E148 Safari\\/604.1\",\"browserName\":\"safari\",\"browserVersion\":\"11.0\",\"os\":\"iphone\",\"engine\":\"webkit\",\"language\":\"zh\",\"geoloc\":{\"countryCode\":\"CN\",\"countryName\":\"China\",\"regionCode\":\"43\",\"regionName\":\"Hunan\",\"city\":\"Changsha\",\"zipCode\":null,\"timeZone\":\"Asia\\/Shanghai\",\"latitude\":28.1792,\"longitude\":113.1136,\"metroCode\":null,\"utcOffset\":-480}}','GUEST','2019-12-16 06:20:00'),(14,'anonymous-1576477223','no@e.mail.provided','x',NULL,'{\"ip\":\"116.22.199.81\",\"referer\":\"http:\\/\\/qd2.hskj2016.com\\/index\\/index\\/home.html\",\"userAgent\":\"Mozilla\\/5.0 (Linux; Android 6.0; Nexus 5 Build\\/MRA58N) AppleWebKit\\/537.36 (KHTML, like Gecko) Chrome\\/70.0.3538.25 Mobile Safari\\/537.36\",\"browserName\":\"android\",\"browserVersion\":\"6.0\",\"os\":\"android\",\"engine\":\"webkit\",\"language\":\"zh\",\"geoloc\":{\"countryCode\":\"CN\",\"countryName\":\"China\",\"regionCode\":\"44\",\"regionName\":\"Guangdong\",\"city\":\"Guangzhou\",\"zipCode\":null,\"timeZone\":\"Asia\\/Shanghai\",\"latitude\":23.1167,\"longitude\":113.25,\"metroCode\":null,\"utcOffset\":-480}}','GUEST','2019-12-16 08:06:17'),(15,'anonymous-1576482299','no@e.mail.provided','x',NULL,'{\"ip\":\"116.22.199.81\",\"referer\":\"http:\\/\\/qd2.hskj2016.com\\/index\\/index\\/home.html\",\"userAgent\":\"Mozilla\\/5.0 (iPhone; CPU iPhone OS 11_0 like Mac OS X) AppleWebKit\\/604.1.38 (KHTML, like Gecko) Version\\/11.0 Mobile\\/15A372 Safari\\/604.1\",\"browserName\":\"safari\",\"browserVersion\":\"11.0\",\"os\":\"iphone\",\"engine\":\"webkit\",\"language\":\"zh\",\"geoloc\":{\"countryCode\":\"CN\",\"countryName\":\"China\",\"regionCode\":\"44\",\"regionName\":\"Guangdong\",\"city\":\"Guangzhou\",\"zipCode\":null,\"timeZone\":\"Asia\\/Shanghai\",\"latitude\":23.1167,\"longitude\":113.25,\"metroCode\":null,\"utcOffset\":-480}}','GUEST','2019-12-16 08:06:20'),(16,'anonymous-1576548887','no@e.mail.provided','x',NULL,'{\"ip\":\"117.136.32.52\",\"referer\":\"http:\\/\\/qd2.hskj2016.com\\/index\\/rot_order\\/index.html\",\"userAgent\":\"Mozilla\\/5.0 (Linux; Android 9; ALP-AL00 Build\\/HUAWEIALP-AL00; wv) AppleWebKit\\/537.36 (KHTML, like Gecko) Version\\/4.0 Chrome\\/66.0.3359.126 MQQBrowser\\/6.2 TBS\\/045016 Mobile Safari\\/537.36 2.0.5 CK 2.0\",\"browserName\":\"android\",\"browserVersion\":\"mozilla\\/5.0 (linux; android 9; alp-al00 build\\/huaweialp-al00; wv) applewebkit\\/537.36 (khtml, like gecko) version\\/4.0 chrome\\/66.0.3359.126 mqqbrowser\\/6.2 tbs\\/045016 mobile safari\\/537.36 2.0.5 ck 2.0\",\"os\":\"android\",\"engine\":\"webkit\",\"language\":\"zh\",\"geoloc\":{\"countryCode\":\"CN\",\"countryName\":\"China\",\"regionCode\":\"44\",\"regionName\":\"Guangdong\",\"city\":\"Guangzhou\",\"zipCode\":null,\"timeZone\":\"Asia\\/Shanghai\",\"latitude\":23.1167,\"longitude\":113.25,\"metroCode\":null,\"utcOffset\":-480}}','GUEST','2019-12-17 02:17:21'),(17,'anonymous-1576640259','no@e.mail.provided','x',NULL,'{\"ip\":\"113.68.15.181\",\"referer\":\"http:\\/\\/qd2.hskj2016.com\\/index\\/my\\/index.html\",\"userAgent\":\"Mozilla\\/5.0 (Linux; Android 6.0; Nexus 5 Build\\/MRA58N) AppleWebKit\\/537.36 (KHTML, like Gecko) Chrome\\/70.0.3538.25 Mobile Safari\\/537.36\",\"browserName\":\"android\",\"browserVersion\":\"6.0\",\"os\":\"android\",\"engine\":\"webkit\",\"language\":\"zh\",\"geoloc\":{\"countryCode\":\"CN\",\"countryName\":\"China\",\"regionCode\":\"44\",\"regionName\":\"Guangdong\",\"city\":\"Guangzhou\",\"zipCode\":null,\"timeZone\":\"Asia\\/Shanghai\",\"latitude\":23.1167,\"longitude\":113.25,\"metroCode\":null,\"utcOffset\":-480}}','GUEST','2019-12-18 03:40:12'),(18,'anonymous-1579273458','no@e.mail.provided','x',NULL,'{\"ip\":\"127.0.0.1\",\"referer\":\"http:\\/\\/qd.cn\\/customlivechat\\/php\\/app.php?widget-test\",\"userAgent\":\"Mozilla\\/5.0 (Windows NT 10.0; Win64; x64) AppleWebKit\\/537.36 (KHTML, like Gecko) Chrome\\/79.0.3945.117 Safari\\/537.36\",\"browserName\":\"chrome\",\"browserVersion\":\"79.0\",\"os\":\"windows\",\"engine\":\"webkit\",\"language\":\"zh\",\"geoloc\":{\"countryCode\":\"CN\",\"countryName\":\"China\",\"regionCode\":\"62\",\"regionName\":\"Gansu\",\"city\":\"Lanzhou\",\"zipCode\":null,\"timeZone\":\"Asia\\/Shanghai\",\"latitude\":36.0564,\"longitude\":103.7922,\"metroCode\":null,\"utcOffset\":-480}}','GUEST','2020-01-17 16:06:36'),(19,'anonymous-1579273764','no@e.mail.provided','x',NULL,'{\"ip\":\"127.0.0.1\",\"referer\":\"\",\"userAgent\":\"Mozilla\\/5.0 (Windows NT 10.0; Win64; x64; rv:72.0) Gecko\\/20100101 Firefox\\/72.0\",\"browserName\":\"firefox\",\"browserVersion\":\"72.0\",\"os\":\"windows\",\"engine\":\"gecko\",\"language\":\"zh\",\"geoloc\":{\"countryCode\":\"CN\",\"countryName\":\"China\",\"regionCode\":\"62\",\"regionName\":\"Gansu\",\"city\":\"Lanzhou\",\"zipCode\":null,\"timeZone\":\"Asia\\/Shanghai\",\"latitude\":36.0564,\"longitude\":103.7922,\"metroCode\":null,\"utcOffset\":-480}}','GUEST','2020-01-17 16:02:45');
/*!40000 ALTER TABLE `mirrormx_customer_chat_user` ENABLE KEYS */;
UNLOCK TABLES;

--
-- Table structure for table `mirrormx_customer_chat_user_department`
--

DROP TABLE IF EXISTS `mirrormx_customer_chat_user_department`;
/*!40101 SET @saved_cs_client     = @@character_set_client */;
/*!40101 SET character_set_client = utf8 */;
CREATE TABLE `mirrormx_customer_chat_user_department` (
  `user_id` int(11) NOT NULL,
  `department_id` smallint(5) unsigned NOT NULL,
  UNIQUE KEY `user_department_uq` (`user_id`,`department_id`),
  KEY `user_department_fk_department` (`department_id`),
  CONSTRAINT `user_department_fk_department` FOREIGN KEY (`department_id`) REFERENCES `mirrormx_customer_chat_department` (`id`) ON DELETE CASCADE ON UPDATE CASCADE,
  CONSTRAINT `user_department_fk_user` FOREIGN KEY (`user_id`) REFERENCES `mirrormx_customer_chat_user` (`id`) ON DELETE CASCADE ON UPDATE CASCADE
) ENGINE=InnoDB DEFAULT CHARSET=utf8;
/*!40101 SET character_set_client = @saved_cs_client */;

--
-- Dumping data for table `mirrormx_customer_chat_user_department`
--

LOCK TABLES `mirrormx_customer_chat_user_department` WRITE;
/*!40000 ALTER TABLE `mirrormx_customer_chat_user_department` DISABLE KEYS */;
/*!40000 ALTER TABLE `mirrormx_customer_chat_user_department` ENABLE KEYS */;
UNLOCK TABLES;

--
-- Table structure for table `system_auth`
--

DROP TABLE IF EXISTS `system_auth`;
/*!40101 SET @saved_cs_client     = @@character_set_client */;
/*!40101 SET character_set_client = utf8 */;
CREATE TABLE `system_auth` (
  `id` bigint(20) unsigned NOT NULL AUTO_INCREMENT,
  `title` varchar(20) DEFAULT NULL COMMENT '权限名称',
  `status` tinyint(1) unsigned DEFAULT '1' COMMENT '权限状态',
  `sort` bigint(20) unsigned DEFAULT '0' COMMENT '排序权重',
  `desc` varchar(255) DEFAULT '' COMMENT '备注说明',
  `create_at` timestamp NULL DEFAULT CURRENT_TIMESTAMP COMMENT '创建时间',
  PRIMARY KEY (`id`) USING BTREE,
  KEY `index_system_auth_status` (`status`) USING BTREE,
  KEY `index_system_auth_title` (`title`) USING BTREE
) ENGINE=InnoDB AUTO_INCREMENT=2 DEFAULT CHARSET=utf8mb4 COMMENT='系统-权限';
/*!40101 SET character_set_client = @saved_cs_client */;

--
-- Dumping data for table `system_auth`
--

LOCK TABLES `system_auth` WRITE;
/*!40000 ALTER TABLE `system_auth` DISABLE KEYS */;
INSERT INTO `system_auth` VALUES (1,'测试账号',1,0,'拥有全部权限','2019-10-17 06:04:15');
/*!40000 ALTER TABLE `system_auth` ENABLE KEYS */;
UNLOCK TABLES;

--
-- Table structure for table `system_auth_node`
--

DROP TABLE IF EXISTS `system_auth_node`;
/*!40101 SET @saved_cs_client     = @@character_set_client */;
/*!40101 SET character_set_client = utf8 */;
CREATE TABLE `system_auth_node` (
  `id` bigint(20) unsigned NOT NULL AUTO_INCREMENT,
  `auth` bigint(20) unsigned DEFAULT NULL COMMENT '角色',
  `node` varchar(200) DEFAULT NULL COMMENT '节点',
  PRIMARY KEY (`id`) USING BTREE,
  KEY `index_system_auth_auth` (`auth`) USING BTREE,
  KEY `index_system_auth_node` (`node`(191)) USING BTREE
) ENGINE=InnoDB AUTO_INCREMENT=349 DEFAULT CHARSET=utf8mb4 COMMENT='系统-权限-授权';
/*!40101 SET character_set_client = @saved_cs_client */;

--
-- Dumping data for table `system_auth_node`
--

LOCK TABLES `system_auth_node` WRITE;
/*!40000 ALTER TABLE `system_auth_node` DISABLE KEYS */;
INSERT INTO `system_auth_node` VALUES (273,1,'admin'),(274,1,'admin/auth'),(275,1,'admin/auth/index'),(276,1,'admin/auth/apply'),(277,1,'admin/auth/add'),(278,1,'admin/auth/edit'),(279,1,'admin/auth/refresh'),(280,1,'admin/auth/forbid'),(281,1,'admin/auth/resume'),(282,1,'admin/auth/remove'),(283,1,'admin/config'),(284,1,'admin/config/info'),(285,1,'admin/config/config'),(286,1,'admin/config/file'),(287,1,'admin/deal'),(288,1,'admin/deal/order_list'),(289,1,'admin/deal/deal_console'),(290,1,'admin/deal/goods_list'),(291,1,'admin/deal/add_goods'),(292,1,'admin/deal/edit_goods'),(293,1,'admin/deal/edit_goods_status'),(294,1,'admin/deal/del_goods'),(295,1,'admin/deal/user_recharge'),(296,1,'admin/deal/edit_recharge'),(297,1,'admin/deal/deposit_list'),(298,1,'admin/deal/do_deposit'),(299,1,'admin/deal/do_commission'),(300,1,'admin/deal/order_log'),(301,1,'admin/deal/team_reward'),(302,1,'admin/help'),(303,1,'admin/help/message_ctrl'),(304,1,'admin/help/add_message'),(305,1,'admin/help/edit_message'),(306,1,'admin/help/del_message'),(307,1,'admin/help/home_msg'),(308,1,'admin/help/edit_home_msg'),(309,1,'admin/index'),(310,1,'admin/index/main'),(311,1,'admin/index/clearruntime'),(312,1,'admin/index/buildoptimize'),(313,1,'admin/menu'),(314,1,'admin/menu/index'),(315,1,'admin/menu/add'),(316,1,'admin/menu/edit'),(317,1,'admin/menu/resume'),(318,1,'admin/menu/forbid'),(319,1,'admin/menu/remove'),(320,1,'admin/oplog'),(321,1,'admin/oplog/index'),(322,1,'admin/oplog/clear'),(323,1,'admin/oplog/remove'),(324,1,'admin/queue'),(325,1,'admin/queue/index'),(326,1,'admin/queue/redo'),(327,1,'admin/queue/processstart'),(328,1,'admin/queue/processstop'),(329,1,'admin/queue/remove'),(330,1,'admin/user'),(331,1,'admin/user/index'),(332,1,'admin/user/add'),(333,1,'admin/user/edit'),(334,1,'admin/user/pass'),(335,1,'admin/user/forbid'),(336,1,'admin/user/resume'),(337,1,'admin/user/remove'),(338,1,'admin/users'),(339,1,'admin/users/index'),(340,1,'admin/users/add_users'),(341,1,'admin/users/edit_users'),(342,1,'admin/users/edit_users_status'),(343,1,'admin/users/cs_list'),(344,1,'admin/users/add_cs'),(345,1,'admin/users/edit_cs_status'),(346,1,'admin/users/edit_cs'),(347,1,'admin/users/cs_code'),(348,1,'admin/users/edit_users_bk');
/*!40000 ALTER TABLE `system_auth_node` ENABLE KEYS */;
UNLOCK TABLES;

--
-- Table structure for table `system_config`
--

DROP TABLE IF EXISTS `system_config`;
/*!40101 SET @saved_cs_client     = @@character_set_client */;
/*!40101 SET character_set_client = utf8 */;
CREATE TABLE `system_config` (
  `id` bigint(20) unsigned NOT NULL AUTO_INCREMENT,
  `name` varchar(100) DEFAULT '' COMMENT '配置名',
  `value` varchar(500) DEFAULT '' COMMENT '配置值',
  PRIMARY KEY (`id`) USING BTREE,
  KEY `index_system_config_name` (`name`) USING BTREE
) ENGINE=InnoDB AUTO_INCREMENT=81 DEFAULT CHARSET=utf8mb4 COMMENT='系统-配置';
/*!40101 SET character_set_client = @saved_cs_client */;

--
-- Dumping data for table `system_config`
--

LOCK TABLES `system_config` WRITE;
/*!40000 ALTER TABLE `system_config` DISABLE KEYS */;
INSERT INTO `system_config` VALUES (1,'app_name','云淘客'),(2,'site_name','云淘客'),(3,'app_version','V2.0'),(4,'site_copy','©版权所有 2019-2020 大拇指工作室'),(5,'site_icon','http://qd.cn/upload/d99318020f365496/274aeacb35b0ff12.png'),(7,'miitbeian','暂无'),(8,'storage_type','local'),(9,'storage_local_exts','doc,gif,icon,jpg,mp3,mp4,p12,pem,png,rar'),(10,'storage_qiniu_bucket','https'),(11,'storage_qiniu_domain','用你自己的吧'),(12,'storage_qiniu_access_key','用你自己的吧'),(13,'storage_qiniu_secret_key','用你自己的吧'),(14,'storage_oss_bucket','cuci-mytest'),(15,'storage_oss_endpoint','oss-cn-hangzhou.aliyuncs.com'),(16,'storage_oss_domain','用你自己的吧'),(17,'storage_oss_keyid','用你自己的吧'),(18,'storage_oss_secret','用你自己的吧'),(36,'storage_oss_is_https','http'),(43,'storage_qiniu_region','华东'),(44,'storage_qiniu_is_https','https'),(45,'wechat_mch_id','1332187001'),(46,'wechat_mch_key','A82DC5BD1F3359081049C568D8502BC5'),(47,'wechat_mch_ssl_type','p12'),(48,'wechat_mch_ssl_p12','65b8e4f56718182d/1bc857ee646aa15d.p12'),(49,'wechat_mch_ssl_key','cc2e3e1345123930/c407d033294f283d.pem'),(50,'wechat_mch_ssl_cer','966eaf89299e9c95/7014872cc109b29a.pem'),(51,'wechat_token','mytoken'),(52,'wechat_appid','wx60a43dd8161666d4'),(53,'wechat_appsecret','9978422e0e431643d4b42868d183d60b'),(54,'wechat_encodingaeskey',''),(55,'wechat_push_url','消息推送地址：http://127.0.0.1:8000/wechat/api.push'),(56,'wechat_type','thr'),(57,'wechat_thr_appid','wx60a43dd8161666d4'),(58,'wechat_thr_appkey','5caf4b0727f6e46a7e6ccbe773cc955d'),(60,'wechat_thr_appurl','消息推送地址：http://127.0.0.1:2314/wechat/api.push'),(61,'component_appid','wx28b58798480874f9'),(62,'component_appsecret','8d0e1ec14ea0adc5027dd0ad82c64bc9'),(63,'component_token','P8QHTIxpBEq88IrxatqhgpBm2OAQROkI'),(64,'component_encodingaeskey','L5uFIa0U6KLalPyXckyqoVIJYLhsfrg8k9YzybZIHsx'),(65,'system_message_state','0'),(66,'sms_zt_username','可以找CUCI申请'),(67,'sms_zt_password','可以找CUCI申请'),(68,'sms_reg_template','您的验证码为{code}，请在十分钟内完成操作！'),(69,'sms_secure','可以找CUCI申请'),(70,'store_title','测试商城'),(71,'store_order_wait_time','0.50'),(72,'store_order_clear_time','24.00'),(73,'store_order_confirm_time','60.00'),(74,'sms_zt_username2','可以找CUCI申请2'),(75,'sms_zt_password2','可以找CUCI申请2'),(76,'sms_secure2','可以找CUCI申请2'),(77,'sms_reg_template2','您的验证码为{code}，请在十分钟内完成操作！2'),(78,'michat_appid','2882303761518074614'),(79,'michat_appkey','5861807470614'),(80,'michat_appsecert','CP/WUTUgDuyOxgLQ5ztesg==');
/*!40000 ALTER TABLE `system_config` ENABLE KEYS */;
UNLOCK TABLES;

--
-- Table structure for table `system_data`
--

DROP TABLE IF EXISTS `system_data`;
/*!40101 SET @saved_cs_client     = @@character_set_client */;
/*!40101 SET character_set_client = utf8 */;
CREATE TABLE `system_data` (
  `id` bigint(11) unsigned NOT NULL AUTO_INCREMENT,
  `name` varchar(100) DEFAULT NULL COMMENT '配置名',
  `value` longtext COMMENT '配置值',
  PRIMARY KEY (`id`) USING BTREE,
  KEY `index_system_data_name` (`name`) USING BTREE
) ENGINE=InnoDB AUTO_INCREMENT=2 DEFAULT CHARSET=utf8mb4 COMMENT='系统-数据';
/*!40101 SET character_set_client = @saved_cs_client */;

--
-- Dumping data for table `system_data`
--

LOCK TABLES `system_data` WRITE;
/*!40000 ALTER TABLE `system_data` DISABLE KEYS */;
INSERT INTO `system_data` VALUES (1,'menudata','[{\"name\":\"请输入名称\",\"type\":\"scancode_push\",\"key\":\"scancode_push\"}]');
/*!40000 ALTER TABLE `system_data` ENABLE KEYS */;
UNLOCK TABLES;

--
-- Table structure for table `system_log`
--

DROP TABLE IF EXISTS `system_log`;
/*!40101 SET @saved_cs_client     = @@character_set_client */;
/*!40101 SET character_set_client = utf8 */;
CREATE TABLE `system_log` (
  `id` bigint(20) unsigned NOT NULL AUTO_INCREMENT,
  `node` varchar(200) NOT NULL DEFAULT '' COMMENT '当前操作节点',
  `geoip` varchar(15) NOT NULL DEFAULT '' COMMENT '操作者IP地址',
  `action` varchar(200) NOT NULL DEFAULT '' COMMENT '操作行为名称',
  `content` varchar(1024) NOT NULL DEFAULT '' COMMENT '操作内容描述',
  `username` varchar(50) NOT NULL DEFAULT '' COMMENT '操作人用户名',
  `create_at` timestamp NOT NULL DEFAULT CURRENT_TIMESTAMP COMMENT '创建时间',
  PRIMARY KEY (`id`) USING BTREE
) ENGINE=InnoDB AUTO_INCREMENT=192 DEFAULT CHARSET=utf8mb4 COMMENT='系统-日志';
/*!40101 SET character_set_client = @saved_cs_client */;

--
-- Dumping data for table `system_log`
--

LOCK TABLES `system_log` WRITE;
/*!40000 ALTER TABLE `system_log` DISABLE KEYS */;
INSERT INTO `system_log` VALUES (1,'admin/login/index','127.0.0.1','系统管理','用户登录系统成功','admin','2019-08-19 05:57:57'),(2,'admin/login/index','127.0.0.1','系统管理','用户登录系统成功','admin','2019-08-19 06:00:03'),(3,'admin/login/index','127.0.0.1','系统管理','用户登录系统成功','admin','2019-08-28 03:00:54'),(4,'admin/login/index','127.0.0.1','系统管理','用户登录系统成功','admin','2019-08-29 08:17:23'),(5,'admin/login/index','127.0.0.1','系统管理','用户登录系统成功','admin','2019-08-31 06:14:06'),(6,'admin/login/index','127.0.0.1','系统管理','用户登录系统成功','admin','2019-09-10 07:08:18'),(7,'admin/login/index','127.0.0.1','系统管理','用户登录系统成功','admin','2019-09-14 14:02:18'),(8,'admin/login/index','127.0.0.1','系统管理','用户登录系统成功','admin','2019-09-16 02:54:26'),(9,'admin/login/index','127.0.0.1','系统管理','用户登录系统成功','admin','2019-10-17 03:11:53'),(10,'admin/login/index','127.0.0.1','系统管理','用户登录系统成功','admin','2019-10-17 03:19:02'),(11,'admin/login/index','127.0.0.1','系统管理','用户登录系统成功','admin','2019-10-17 08:51:46'),(12,'admin/login/index','127.0.0.1','系统管理','用户登录系统成功','admin','2019-10-18 01:45:51'),(13,'admin/login/index','127.0.0.1','系统管理','用户登录系统成功','admin','2019-10-18 06:48:55'),(14,'admin/login/index','127.0.0.1','系统管理','用户登录系统成功','admin','2019-10-19 03:17:45'),(15,'admin/login/index','127.0.0.1','系统管理','用户登录系统成功','admin','2019-10-19 05:46:39'),(16,'admin/login/index','127.0.0.1','系统管理','用户登录系统成功','admin','2019-10-21 01:59:11'),(17,'admin/login/index','127.0.0.1','系统管理','用户登录系统成功','admin','2019-10-21 08:13:35'),(18,'admin/login/index','127.0.0.1','系统管理','用户登录系统成功','admin','2019-10-22 02:16:47'),(19,'admin/login/index','127.0.0.1','系统管理','用户登录系统成功','admin','2019-10-23 01:42:17'),(20,'admin/login/index','127.0.0.1','系统管理','用户登录系统成功','admin','2019-10-23 06:36:44'),(21,'admin/login/index','127.0.0.1','系统管理','用户登录系统成功','admin','2019-10-23 08:21:39'),(22,'admin/login/index','127.0.0.1','系统管理','用户登录系统成功','admin','2019-10-24 02:37:09'),(23,'admin/login/index','127.0.0.1','系统管理','用户登录系统成功','admin','2019-10-25 02:01:04'),(24,'admin/login/index','127.0.0.1','系统管理','用户登录系统成功','admin','2019-10-26 02:02:39'),(25,'admin/login/index','192.168.0.147','系统管理','用户登录系统成功','admin','2019-10-26 05:46:57'),(26,'admin/login/index','127.0.0.1','系统管理','用户登录系统成功','admin','2019-10-28 07:33:42'),(27,'admin/login/index','127.0.0.1','系统管理','用户登录系统成功','admin','2019-10-29 01:50:59'),(28,'admin/login/index','127.0.0.1','系统管理','用户登录系统成功','admin','2019-10-30 02:06:33'),(29,'admin/login/index','127.0.0.1','系统管理','用户登录系统成功','admin','2019-10-31 03:05:20'),(30,'admin/login/index','127.0.0.1','系统管理','用户登录系统成功','admin','2019-10-31 06:12:49'),(31,'admin/login/index','127.0.0.1','系统管理','用户登录系统成功','admin','2019-11-01 05:47:12'),(32,'admin/login/index','127.0.0.1','系统管理','用户登录系统成功','admin','2019-11-04 01:52:10'),(33,'admin/login/index','116.22.199.113','系统管理','用户登录系统成功','admin','2019-11-05 09:00:38'),(34,'admin/login/index','116.22.199.113','系统管理','用户登录系统成功','admin','2019-11-05 09:23:01'),(35,'admin/login/index','127.0.0.1','系统管理','用户登录系统成功','admin','2019-11-06 10:03:32'),(36,'admin/login/index','116.22.198.18','系统管理','用户登录系统成功','admin','2019-11-09 09:28:37'),(37,'admin/login/index','116.22.198.18','系统管理','用户登录系统成功','admin','2019-11-11 06:06:59'),(38,'admin/login/index','116.22.198.18','系统管理','用户登录系统成功','admin','2019-11-11 06:30:02'),(39,'admin/login/index','116.22.198.18','系统管理','用户登录系统成功','admin','2019-11-11 08:51:48'),(40,'admin/login/index','116.22.198.18','系统管理','用户登录系统成功','admin','2019-11-12 02:00:31'),(41,'admin/login/index','223.89.146.59','系统管理','用户登录系统成功','admin','2019-11-13 09:00:18'),(42,'admin/login/index','122.97.179.72','系统管理','用户登录系统成功','admin','2019-11-14 06:35:48'),(43,'admin/login/index','122.97.175.146','系统管理','用户登录系统成功','admin','2019-11-14 07:00:51'),(44,'admin/login/index','61.140.234.82','系统管理','用户登录系统成功','admin','2019-11-14 11:04:15'),(45,'admin/login/index','112.96.66.146','系统管理','用户登录系统成功','admin','2019-11-14 11:07:09'),(46,'admin/login/index','171.10.237.26','系统管理','用户登录系统成功','admin','2019-11-21 06:38:49'),(47,'admin/login/index','218.20.197.3','系统管理','用户登录系统成功','admin','2019-11-22 04:56:44'),(48,'admin/login/index','112.96.179.206','系统管理','用户登录系统成功','admin','2019-11-22 05:31:41'),(49,'admin/login/index','218.20.197.3','系统管理','用户登录系统成功','admin','2019-11-22 06:53:28'),(50,'admin/login/index','218.20.197.3','系统管理','用户登录系统成功','admin','2019-11-22 07:01:35'),(51,'admin/login/index','127.0.0.1','系统管理','用户登录系统成功','admin','2019-11-25 02:48:50'),(52,'admin/login/index','218.20.197.3','系统管理','用户登录系统成功','admin','2019-11-25 06:16:58'),(53,'admin/login/index','218.20.197.3','系统管理','用户登录系统成功','admin','2019-11-25 06:17:40'),(54,'admin/login/index','218.20.197.3','系统管理','用户登录系统成功','admin','2019-11-25 06:19:15'),(55,'admin/login/index','218.20.197.3','系统管理','用户登录系统成功','admin','2019-11-25 06:19:41'),(56,'admin/login/index','218.20.197.215','系统管理','用户登录系统成功','admin','2019-11-25 06:34:18'),(57,'admin/login/index','112.96.109.16','系统管理','用户登录系统成功','admin','2019-11-25 07:47:14'),(58,'admin/login/index','218.20.197.3','系统管理','用户登录系统成功','admin','2019-11-25 08:35:11'),(59,'admin/login/index','218.20.197.170','系统管理','用户登录系统成功','admin','2019-11-26 08:00:53'),(60,'admin/login/index','218.20.197.170','系统管理','用户登录系统成功','admin','2019-11-26 08:04:22'),(61,'admin/login/index','218.20.197.95','系统管理','用户登录系统成功','admin','2019-11-26 09:25:53'),(62,'admin/login/index','218.20.197.170','系统管理','用户登录系统成功','admin','2019-11-27 02:06:39'),(63,'admin/login/index','127.0.0.1','系统管理','用户登录系统成功','admin','2019-11-27 02:54:05'),(64,'admin/login/index','218.20.197.95','系统管理','用户登录系统成功','admin','2019-11-27 03:14:40'),(65,'admin/login/index','112.96.37.109','系统管理','用户登录系统成功','admin','2019-11-27 04:44:04'),(66,'admin/login/index','127.0.0.1','系统管理','用户登录系统成功','admin','2019-11-28 02:12:38'),(67,'admin/login/index','218.20.197.170','系统管理','用户登录系统成功','admin','2019-11-28 07:22:51'),(68,'admin/login/index','218.20.197.170','系统管理','用户登录系统成功','admin','2019-11-28 07:54:18'),(69,'admin/login/index','218.20.197.95','系统管理','用户登录系统成功','admin','2019-11-28 08:48:38'),(70,'admin/login/index','218.20.197.170','系统管理','用户登录系统成功','admin','2019-11-29 02:06:21'),(71,'admin/login/index','127.0.0.1','系统管理','用户登录系统成功','admin','2019-11-29 08:05:43'),(72,'admin/login/index','42.249.10.63','系统管理','用户登录系统成功','admin','2019-12-01 10:05:01'),(73,'admin/login/index','14.146.126.75','系统管理','用户登录系统成功','admin','2019-12-02 02:39:49'),(74,'admin/login/index','14.146.126.75','系统管理','用户登录系统成功','admin','2019-12-02 02:49:32'),(75,'admin/login/index','113.98.116.158','系统管理','用户登录系统成功','admin','2019-12-02 04:01:21'),(76,'admin/login/index','14.146.126.75','系统管理','用户登录系统成功','admin','2019-12-02 06:13:15'),(77,'admin/login/index','14.146.126.75','系统管理','用户登录系统成功','admin','2019-12-02 08:11:47'),(78,'admin/login/index','112.96.179.81','系统管理','用户登录系统成功','admin','2019-12-02 11:09:15'),(79,'admin/login/index','42.249.21.67','系统管理','用户登录系统成功','admin','2019-12-02 11:18:07'),(80,'admin/login/index','112.96.179.81','系统管理','用户登录系统成功','admin','2019-12-02 11:29:56'),(81,'admin/login/index','14.146.126.75','系统管理','用户登录系统成功','admin','2019-12-03 01:56:43'),(82,'admin/login/index','113.68.15.86','系统管理','用户登录系统成功','admin','2019-12-03 03:27:19'),(83,'admin/login/index','14.146.126.75','系统管理','用户登录系统成功','admin','2019-12-03 07:14:49'),(84,'admin/login/index','113.68.15.86','系统管理','用户登录系统成功','admin','2019-12-03 10:01:38'),(85,'admin/login/index','112.96.195.60','系统管理','用户登录系统成功','admin','2019-12-03 10:54:13'),(86,'admin/login/index','113.65.211.90','系统管理','用户登录系统成功','admin','2019-12-03 11:12:40'),(87,'admin/login/index','112.96.195.60','系统管理','用户登录系统成功','admin','2019-12-03 11:33:29'),(88,'admin/login/index','113.65.211.90','系统管理','用户登录系统成功','admin','2019-12-03 13:04:28'),(89,'admin/login/index','14.146.126.75','系统管理','用户登录系统成功','admin','2019-12-04 01:35:17'),(90,'admin/login/index','113.68.15.86','系统管理','用户登录系统成功','admin','2019-12-04 01:47:50'),(91,'admin/login/index','14.146.126.75','系统管理','用户登录系统成功','admin','2019-12-04 05:44:07'),(92,'admin/login/index','14.146.126.75','系统管理','用户登录系统成功','admin','2019-12-04 07:12:42'),(93,'admin/login/index','113.68.15.86','系统管理','用户登录系统成功','admin','2019-12-04 07:21:53'),(94,'admin/login/index','112.96.166.244','系统管理','用户登录系统成功','admin','2019-12-04 11:48:55'),(95,'admin/login/index','106.44.230.19','系统管理','用户登录系统成功','admin','2019-12-04 11:49:16'),(96,'admin/login/index','106.44.230.19','系统管理','用户登录系统成功','admin','2019-12-04 17:58:59'),(97,'admin/login/index','117.136.87.103','系统管理','用户登录系统成功','admin','2019-12-05 02:33:12'),(98,'admin/login/index','113.98.116.154','系统管理','用户登录系统成功','admin','2019-12-05 03:39:34'),(99,'admin/login/index','117.136.87.103','系统管理','用户登录系统成功','admin','2019-12-05 04:50:08'),(100,'admin/login/index','14.146.126.75','系统管理','用户登录系统成功','admin','2019-12-05 05:38:09'),(101,'admin/login/index','117.136.87.103','系统管理','用户登录系统成功','admin','2019-12-05 07:01:43'),(102,'admin/login/index','113.135.199.139','系统管理','用户登录系统成功','admin','2019-12-05 07:21:52'),(103,'admin/login/index','113.135.199.139','系统管理','用户登录系统成功','admin','2019-12-05 09:57:51'),(104,'admin/login/index','113.135.199.139','系统管理','用户登录系统成功','admin','2019-12-05 11:56:05'),(105,'admin/login/index','117.136.87.103','系统管理','用户登录系统成功','admin','2019-12-05 12:14:18'),(106,'admin/login/index','113.135.199.139','系统管理','用户登录系统成功','admin','2019-12-05 13:42:17'),(107,'admin/login/index','117.136.87.103','系统管理','用户登录系统成功','admin','2019-12-05 14:01:12'),(108,'admin/login/index','117.136.87.103','系统管理','用户登录系统成功','admin','2019-12-06 01:24:31'),(109,'admin/login/index','117.136.87.103','系统管理','用户登录系统成功','admin','2019-12-06 01:27:52'),(110,'admin/login/index','117.23.109.178','系统管理','用户登录系统成功','admin','2019-12-06 01:42:51'),(111,'admin/login/index','117.23.109.178','系统管理','用户登录系统成功','admin','2019-12-06 03:52:37'),(112,'admin/login/index','117.136.87.103','系统管理','用户登录系统成功','admin','2019-12-06 03:56:04'),(113,'admin/login/index','113.98.116.154','系统管理','用户登录系统成功','admin','2019-12-06 05:58:24'),(114,'admin/login/index','117.136.87.103','系统管理','用户登录系统成功','admin','2019-12-06 06:46:54'),(115,'admin/login/index','117.23.109.178','系统管理','用户登录系统成功','admin','2019-12-06 09:31:19'),(116,'admin/login/index','117.23.109.178','系统管理','用户登录系统成功','admin','2019-12-06 12:10:34'),(117,'admin/login/index','113.140.96.83','系统管理','用户登录系统成功','admin','2019-12-07 01:41:34'),(118,'admin/login/index','117.23.109.178','系统管理','用户登录系统成功','admin','2019-12-07 01:58:21'),(119,'admin/login/index','113.140.96.83','系统管理','用户登录系统成功','admin','2019-12-07 03:24:20'),(120,'admin/login/index','113.140.96.83','系统管理','用户登录系统成功','admin','2019-12-07 04:31:23'),(121,'admin/login/index','117.23.109.170','系统管理','用户登录系统成功','admin','2019-12-07 11:27:11'),(122,'admin/login/index','117.23.109.170','系统管理','用户登录系统成功','admin','2019-12-07 12:58:08'),(123,'admin/login/index','113.140.96.83','系统管理','用户登录系统成功','admin','2019-12-07 14:29:27'),(124,'admin/login/index','113.140.96.83','系统管理','用户登录系统成功','admin','2019-12-07 16:13:28'),(125,'admin/login/index','113.140.96.83','系统管理','用户登录系统成功','admin','2019-12-08 02:52:03'),(126,'admin/login/index','36.46.212.245','系统管理','用户登录系统成功','admin','2019-12-08 04:06:17'),(127,'admin/login/index','117.23.109.170','系统管理','用户登录系统成功','admin','2019-12-08 07:30:26'),(128,'admin/login/index','36.46.212.245','系统管理','用户登录系统成功','admin','2019-12-08 07:48:31'),(129,'admin/login/index','36.46.212.245','系统管理','用户登录系统成功','admin','2019-12-08 09:23:16'),(130,'admin/login/index','117.23.109.170','系统管理','用户登录系统成功','admin','2019-12-08 09:24:09'),(131,'admin/login/index','117.23.109.170','系统管理','用户登录系统成功','admin','2019-12-08 12:26:00'),(132,'admin/login/index','117.23.109.170','系统管理','用户登录系统成功','admin','2019-12-08 17:21:19'),(133,'admin/login/index','117.23.108.127','系统管理','用户登录系统成功','admin','2019-12-09 00:22:24'),(134,'admin/login/index','117.136.86.59','系统管理','用户登录系统成功','admin','2019-12-09 03:01:16'),(135,'admin/login/index','117.23.108.127','系统管理','用户登录系统成功','admin','2019-12-09 03:38:13'),(136,'admin/login/index','117.23.108.127','系统管理','用户登录系统成功','admin','2019-12-09 04:20:00'),(137,'admin/login/index','117.136.86.59','系统管理','用户登录系统成功','admin','2019-12-09 04:37:10'),(138,'admin/login/index','117.23.108.127','系统管理','用户登录系统成功','admin','2019-12-09 07:12:31'),(139,'admin/login/index','117.136.86.59','系统管理','用户登录系统成功','admin','2019-12-09 07:27:19'),(140,'admin/login/index','117.23.108.127','系统管理','用户登录系统成功','admin','2019-12-09 09:57:06'),(141,'admin/login/index','117.136.86.59','系统管理','用户登录系统成功','admin','2019-12-09 10:07:39'),(142,'admin/login/index','117.23.108.127','系统管理','用户登录系统成功','admin','2019-12-09 11:56:52'),(143,'admin/login/index','117.23.108.127','系统管理','用户登录系统成功','admin','2019-12-09 12:20:52'),(144,'admin/login/index','117.23.108.127','系统管理','用户登录系统成功','admin','2019-12-09 12:47:01'),(145,'admin/login/index','117.23.108.127','系统管理','用户登录系统成功','admin','2019-12-09 13:08:53'),(146,'admin/login/index','36.43.232.103','系统管理','用户登录系统成功','admin','2019-12-09 13:10:41'),(147,'admin/login/index','113.140.133.173','系统管理','用户登录系统成功','admin','2019-12-10 03:07:06'),(148,'admin/login/index','127.0.0.1','系统管理','用户登录系统成功','admin','2019-12-11 02:18:07'),(149,'admin/login/index','113.98.116.154','系统管理','用户登录系统成功','admin','2019-12-11 03:10:23'),(150,'admin/login/index','113.66.255.73','系统管理','用户登录系统成功','admin','2019-12-12 02:45:07'),(151,'admin/login/index','113.98.116.92','系统管理','用户登录系统成功','admin','2019-12-12 09:29:31'),(152,'admin/login/index','113.98.116.92','系统管理','用户登录系统成功','admin','2019-12-13 07:25:19'),(153,'admin/login/index','113.98.116.92','系统管理','用户登录系统成功','admin','2019-12-13 07:28:15'),(154,'admin/login/index','113.66.255.73','系统管理','用户登录系统成功','admin','2019-12-14 06:19:55'),(155,'admin/login/index','113.98.116.92','系统管理','用户登录系统成功','admin','2019-12-16 05:57:41'),(156,'admin/login/index','113.66.255.34','系统管理','用户登录系统成功','admin','2019-12-16 09:13:39'),(157,'admin/login/index','116.22.196.204','系统管理','用户登录系统成功','admin','2019-12-20 05:00:46'),(158,'admin/login/index','116.22.196.204','系统管理','用户登录系统成功','admin','2019-12-20 07:26:26'),(159,'admin/login/index','116.22.196.204','系统管理','用户登录系统成功','admin','2019-12-21 01:38:16'),(160,'admin/login/index','127.0.0.1','系统管理','用户登录系统成功','admin','2019-12-21 03:16:02'),(161,'admin/login/index','116.22.196.204','系统管理','用户登录系统成功','admin','2019-12-21 05:09:01'),(162,'admin/login/index','193.148.16.253','系统管理','用户登录系统成功','admin','2019-12-27 11:46:27'),(163,'admin/login/index','127.0.0.1','系统管理','用户登录系统成功','admin','2019-12-29 03:42:44'),(164,'admin/login/index','127.0.0.1','系统管理','用户登录系统成功','admin','2019-12-29 11:06:22'),(165,'admin/login/index','127.0.0.1','系统管理','用户登录系统成功','admin','2019-12-30 08:10:46'),(166,'admin/login/index','127.0.0.1','系统管理','用户登录系统成功','admin','2019-12-30 10:48:37'),(167,'admin/login/index','127.0.0.1','系统管理','用户登录系统成功','admin','2019-12-31 03:02:51'),(168,'admin/login/index','127.0.0.1','系统管理','用户登录系统成功','admin','2020-01-04 11:03:20'),(169,'admin/login/index','127.0.0.1','系统管理','用户登录系统成功','admin','2020-01-06 13:25:54'),(170,'admin/login/index','127.0.0.1','系统管理','用户登录系统成功','admin','2020-01-07 09:56:22'),(171,'admin/login/index','127.0.0.1','系统管理','用户登录系统成功','admin','2020-01-09 15:20:12'),(172,'admin/login/index','127.0.0.1','系统管理','用户登录系统成功','admin','2020-01-10 02:27:38'),(173,'admin/login/index','127.0.0.1','系统管理','用户登录系统成功','admin','2020-01-11 09:00:24'),(174,'admin/login/index','127.0.0.1','系统管理','用户登录系统成功','admin','2020-01-14 12:43:29'),(175,'admin/login/index','127.0.0.1','系统管理','用户登录系统成功','admin','2020-01-17 14:24:35'),(176,'admin/login/index','114.139.50.217','系统管理','用户登录系统成功','admin','2020-01-19 04:42:25'),(177,'admin/login/index','114.139.50.217','系统管理','用户登录系统成功','admin','2020-01-19 05:13:55'),(178,'admin/login/index','114.139.50.217','系统管理','用户登录系统成功','admin','2020-01-19 05:17:40'),(179,'admin/login/index','114.139.50.217','系统管理','用户登录系统成功','admin','2020-01-19 05:20:53'),(180,'admin/login/index','114.139.50.217','系统管理','用户登录系统成功','admin','2020-01-19 13:53:42'),(181,'admin/login/index','121.205.80.210','系统管理','用户登录系统成功','admin','2020-01-19 14:26:53'),(182,'admin/login/index','114.139.50.217','系统管理','用户登录系统成功','admin','2020-01-19 15:42:13'),(183,'admin/login/index','114.139.50.217','系统管理','用户登录系统成功','admin','2020-01-19 15:44:01'),(184,'admin/login/index','114.139.50.217','系统管理','用户登录系统成功','admin','2020-01-19 15:46:50'),(185,'admin/login/index','114.139.50.217','系统管理','用户登录系统成功','admin','2020-01-20 01:55:02'),(186,'admin/login/index','61.158.208.232','系统管理','用户登录系统成功','admin','2020-01-20 04:57:09'),(187,'admin/login/index','39.158.164.27','系统管理','用户登录系统成功','admin','2020-01-20 09:07:19'),(188,'admin/login/index','39.149.86.25','系统管理','用户登录系统成功','admin','2020-01-20 09:18:03'),(189,'admin/login/index','183.131.161.76','系统管理','用户登录系统成功','admin','2020-01-20 10:01:36'),(190,'admin/login/index','1.205.142.77','系统管理','用户登录系统成功','admin','2020-01-20 11:54:01'),(191,'admin/login/index','39.158.164.27','系统管理','用户登录系统成功','admin','2020-01-19 16:37:18');
/*!40000 ALTER TABLE `system_log` ENABLE KEYS */;
UNLOCK TABLES;

--
-- Table structure for table `system_menu`
--

DROP TABLE IF EXISTS `system_menu`;
/*!40101 SET @saved_cs_client     = @@character_set_client */;
/*!40101 SET character_set_client = utf8 */;
CREATE TABLE `system_menu` (
  `id` bigint(20) unsigned NOT NULL AUTO_INCREMENT,
  `pid` bigint(20) unsigned DEFAULT '0' COMMENT '父ID',
  `title` varchar(100) DEFAULT '' COMMENT '名称',
  `node` varchar(200) DEFAULT '' COMMENT '节点代码',
  `icon` varchar(100) DEFAULT '' COMMENT '菜单图标',
  `url` varchar(400) DEFAULT '' COMMENT '链接',
  `params` varchar(500) DEFAULT '' COMMENT '链接参数',
  `target` varchar(20) DEFAULT '_self' COMMENT '打开方式',
  `sort` int(11) unsigned DEFAULT '0' COMMENT '菜单排序',
  `status` tinyint(1) unsigned DEFAULT '1' COMMENT '状态(0:禁用,1:启用)',
  `create_at` timestamp NULL DEFAULT CURRENT_TIMESTAMP COMMENT '创建时间',
  PRIMARY KEY (`id`) USING BTREE,
  KEY `index_system_menu_node` (`node`(191)) USING BTREE,
  KEY `index_system_menu_status` (`status`) USING BTREE
) ENGINE=InnoDB AUTO_INCREMENT=85 DEFAULT CHARSET=utf8mb4 COMMENT='系统-菜单';
/*!40101 SET character_set_client = @saved_cs_client */;

--
-- Dumping data for table `system_menu`
--

LOCK TABLES `system_menu` WRITE;
/*!40000 ALTER TABLE `system_menu` DISABLE KEYS */;
INSERT INTO `system_menu` VALUES (1,0,'后台首页','','','admin/index/main','','_self',500,1,'2018-09-05 09:59:38'),(2,0,'系统管理','','','#','','_self',0,1,'2018-09-05 10:04:52'),(3,4,'系统菜单管理','','layui-icon layui-icon-layouts','admin/menu/index','','_self',1,1,'2018-09-05 10:05:26'),(4,2,'系统配置','','','#','','_self',20,1,'2018-09-05 10:07:17'),(5,12,'系统用户管理','','layui-icon layui-icon-username','admin/user/index','','_self',1,1,'2018-09-06 03:10:42'),(7,12,'访问权限管理','','layui-icon layui-icon-vercode','admin/auth/index','','_self',2,1,'2018-09-06 07:17:14'),(11,4,'系统参数配置','','layui-icon layui-icon-set','admin/config/info','','_self',4,1,'2018-09-06 08:43:47'),(12,2,'权限管理','','','#','','_self',10,1,'2018-09-06 10:01:31'),(62,0,'角色','','layui-icon layui-icon-username','#','','_self',19,1,'2019-10-17 05:43:53'),(63,62,'会员管理','','','#','','_self',0,1,'2019-10-17 05:44:17'),(64,63,'会员列表','','layui-icon layui-icon-username','admin/users/index','','_self',0,1,'2019-10-17 05:44:45'),(65,0,'帮助中心','','fa fa-flag-o','#','','_self',2,1,'2019-10-18 02:42:54'),(66,67,'公告管理','','layui-icon layui-icon-speaker','admin/help/message_ctrl','','_self',0,0,'2019-10-18 02:45:12'),(67,65,'首页文本','','','#','','_self',0,1,'2019-10-18 06:50:42'),(68,67,'文本管理','','fa fa-book','admin/help/home_msg','','_self',0,1,'2019-10-18 07:13:53'),(69,0,'交易','','fa fa-balance-scale','#','','_self',18,1,'2019-10-19 06:38:16'),(70,69,'商品管理','','','#','','_self',1,1,'2019-10-19 06:39:55'),(71,70,'商品列表','','fa fa-shopping-cart','admin/deal/goods_list','','_self',0,1,'2019-10-19 06:40:50'),(72,69,'交易管理','','','#','','_self',2,1,'2019-10-19 07:31:16'),(73,72,'交易控制','','layui-icon layui-icon-console','admin/deal/deal_console','','_self',1,1,'2019-10-19 07:32:25'),(74,72,'充值管理','','layui-icon layui-icon-chart-screen','admin/deal/user_recharge','','_self',3,1,'2019-10-22 06:15:27'),(75,72,'订单列表','','layui-icon layui-icon-cart-simple','admin/deal/order_list','','_self',4,1,'2019-10-24 08:10:29'),(76,72,'提现管理','','fa fa-legal','admin/deal/deposit_list','','_self',2,1,'2019-10-24 08:44:52'),(77,62,'客服管理','','','#','','_self',0,1,'2019-10-25 02:01:53'),(78,77,'客服列表','','layui-icon layui-icon-group','admin/users/cs_list','','_self',0,1,'2019-10-25 02:07:17'),(79,77,'客服代码','','layui-icon layui-icon-fonts-code','admin/users/cs_code','','_self',0,1,'2019-10-29 05:53:55'),(82,67,'首页轮播图','','layui-icon layui-icon-carousel','admin/help/banner','','_self',0,1,'2019-12-11 03:21:29'),(83,70,'商品分类','','','/admin/deal/goods_cate','','_self',0,1,'2020-01-05 03:16:29'),(84,4,'支付方式管理','','','/admin/pay/index','','_self',0,1,'2020-01-14 12:50:29');
/*!40000 ALTER TABLE `system_menu` ENABLE KEYS */;
UNLOCK TABLES;

--
-- Table structure for table `system_queue`
--

DROP TABLE IF EXISTS `system_queue`;
/*!40101 SET @saved_cs_client     = @@character_set_client */;
/*!40101 SET character_set_client = utf8 */;
CREATE TABLE `system_queue` (
  `id` bigint(20) NOT NULL AUTO_INCREMENT,
  `title` varchar(50) NOT NULL DEFAULT '' COMMENT '任务名称',
  `data` longtext NOT NULL COMMENT '执行参数',
  `status` tinyint(1) unsigned DEFAULT '1' COMMENT '任务状态(1新任务,2处理中,3成功,4失败)',
  `preload` varchar(500) DEFAULT '' COMMENT '执行内容',
  `time` bigint(20) unsigned NOT NULL DEFAULT '0' COMMENT '执行时间',
  `double` tinyint(1) DEFAULT '1' COMMENT '单例模式',
  `desc` varchar(500) DEFAULT '' COMMENT '状态描述',
  `start_at` varchar(20) DEFAULT '' COMMENT '开始时间',
  `end_at` varchar(20) DEFAULT '' COMMENT '结束时间',
  `create_at` timestamp NOT NULL DEFAULT CURRENT_TIMESTAMP COMMENT '创建时间',
  PRIMARY KEY (`id`) USING BTREE,
  KEY `index_system_queue_double` (`double`) USING BTREE,
  KEY `index_system_queue_time` (`time`) USING BTREE,
  KEY `index_system_queue_title` (`title`) USING BTREE,
  KEY `index_system_queue_create_at` (`create_at`) USING BTREE
) ENGINE=InnoDB DEFAULT CHARSET=utf8mb4 COMMENT='系统-任务';
/*!40101 SET character_set_client = @saved_cs_client */;

--
-- Dumping data for table `system_queue`
--

LOCK TABLES `system_queue` WRITE;
/*!40000 ALTER TABLE `system_queue` DISABLE KEYS */;
/*!40000 ALTER TABLE `system_queue` ENABLE KEYS */;
UNLOCK TABLES;

--
-- Table structure for table `system_user`
--

DROP TABLE IF EXISTS `system_user`;
/*!40101 SET @saved_cs_client     = @@character_set_client */;
/*!40101 SET character_set_client = utf8 */;
CREATE TABLE `system_user` (
  `id` bigint(20) unsigned NOT NULL AUTO_INCREMENT,
  `username` varchar(50) DEFAULT '' COMMENT '用户账号',
  `password` varchar(32) DEFAULT '' COMMENT '用户密码',
  `qq` varchar(16) DEFAULT '' COMMENT '联系QQ',
  `mail` varchar(32) DEFAULT '' COMMENT '联系邮箱',
  `phone` varchar(16) DEFAULT '' COMMENT '联系手机',
  `login_at` datetime DEFAULT NULL COMMENT '登录时间',
  `login_ip` varchar(255) DEFAULT '' COMMENT '登录IP',
  `login_num` bigint(20) unsigned DEFAULT '0' COMMENT '登录次数',
  `authorize` varchar(255) DEFAULT '' COMMENT '权限授权',
  `tags` varchar(255) DEFAULT '' COMMENT '用户标签',
  `desc` varchar(255) DEFAULT '' COMMENT '备注说明',
  `status` tinyint(1) unsigned DEFAULT '1' COMMENT '状态(0禁用,1启用)',
  `is_deleted` tinyint(1) unsigned DEFAULT '0' COMMENT '删除(1删除,0未删)',
  `create_at` timestamp NULL DEFAULT CURRENT_TIMESTAMP COMMENT '创建时间',
  PRIMARY KEY (`id`) USING BTREE,
  KEY `index_system_user_username` (`username`) USING BTREE,
  KEY `index_system_user_status` (`status`) USING BTREE,
  KEY `index_system_user_deleted` (`is_deleted`) USING BTREE
) ENGINE=InnoDB AUTO_INCREMENT=10001 DEFAULT CHARSET=utf8mb4 COMMENT='系统-用户';
/*!40101 SET character_set_client = @saved_cs_client */;

--
-- Dumping data for table `system_user`
--

LOCK TABLES `system_user` WRITE;
/*!40000 ALTER TABLE `system_user` DISABLE KEYS */;
INSERT INTO `system_user` VALUES (10000,'admin','7fef6171469e80d32c0559f88b377245','22222222','','','2020-01-20 00:37:18','39.158.164.27',852,'','','',1,0,'2015-11-13 07:14:22');
/*!40000 ALTER TABLE `system_user` ENABLE KEYS */;
UNLOCK TABLES;

--
-- Table structure for table `xy_balance_log`
--

DROP TABLE IF EXISTS `xy_balance_log`;
/*!40101 SET @saved_cs_client     = @@character_set_client */;
/*!40101 SET character_set_client = utf8 */;
CREATE TABLE `xy_balance_log` (
  `id` int(11) NOT NULL AUTO_INCREMENT,
  `uid` int(11) NOT NULL COMMENT '会员ID',
  `sid` int(10) unsigned NOT NULL DEFAULT '0' COMMENT '交易对象id',
  `oid` char(18) NOT NULL COMMENT '交易单号',
  `num` decimal(10,2) NOT NULL COMMENT '交易金额',
  `type` int(2) NOT NULL COMMENT '交易类型 0系统 1充值 2交易 3返佣 4强制交易 5推广返佣 6下级交易返佣',
  `status` int(1) DEFAULT '1' COMMENT '收入1 支出2',
  `addtime` int(10) NOT NULL COMMENT '添加时间',
  PRIMARY KEY (`id`),
  KEY `oid` (`oid`) USING BTREE,
  KEY `uid` (`uid`) USING BTREE
) ENGINE=InnoDB AUTO_INCREMENT=51688 DEFAULT CHARSET=utf8 COMMENT='会员-收支明细表';
/*!40101 SET character_set_client = @saved_cs_client */;

--
-- Dumping data for table `xy_balance_log`
--

LOCK TABLES `xy_balance_log` WRITE;
/*!40000 ALTER TABLE `xy_balance_log` DISABLE KEYS */;
INSERT INTO `xy_balance_log` VALUES (51616,1,0,'UB2001010229447516',47.70,2,1,1577817006),(51617,3,0,'UB2001010229447516',0.24,6,1,1577817051),(51618,2,0,'UB2001010229447516',0.24,6,1,1577817051),(51619,1,0,'UB2001041855169065',55.60,2,2,1578135593),(51620,1,0,'UB2001042011464929',33.60,2,2,1578139991),(51621,1,0,'UB2001042013254088',32.00,2,2,1578140037),(51622,1,0,'UB2001042016413266',150.00,2,2,1578140216),(51623,1,0,'UB2001042017309983',294.00,2,2,1578140268),(51624,1,0,'UB2001042023545931',68.00,2,2,1578140656),(51625,1,0,'UB2001042025072195',138.00,2,2,1578140774),(51626,1,0,'UB2001042027035104',89.00,2,2,1578140869),(51627,1,0,'UB2001052053465967',72.00,2,1,1578228888),(51628,1,0,'SY2001062125364480',100.00,1,1,1578317175),(51629,1,0,'UB2001192158147717',26.90,2,1,1579442318),(51630,1,0,'UB2001192159041702',76.50,2,1,1579442389),(51631,1,0,'UB2001192221493908',99.50,2,1,1579444443),(51632,1,0,'UB2001192237411930',755.00,2,1,1579444681),(51633,1,0,'UB2001192238261740',2997.00,2,1,1579444725),(51634,1,0,'UB2001192245085690',693.00,2,1,1579445128),(51635,1,0,'UB2001192249408690',276.00,2,1,1579445431),(51636,1,0,'UB2001192250465123',49.50,2,1,1579445466),(51637,1,0,'UB2001192251229060',18.00,2,1,1579445511),(51638,1,0,'UB2001192253391471',69.30,2,1,1579445639),(51639,15,0,'UB2001192253561188',1194.00,2,1,1579445655),(51640,1,0,'UB2001192254581729',59.70,2,1,1579445722),(51641,1,0,'UB2001192257356442',2495.00,2,1,1579445882),(51642,3,0,'UB2001052053465967',0.36,6,1,1579446319),(51643,3,0,'UB2001192158147717',0.13,6,1,1579446319),(51644,3,0,'UB2001192159041702',0.38,6,1,1579446319),(51645,3,0,'UB2001192221493908',0.50,6,1,1579446319),(51646,3,0,'UB2001192237411930',3.78,6,1,1579446319),(51647,3,0,'UB2001192238261740',14.99,6,1,1579446319),(51648,3,0,'UB2001192245085690',3.47,6,1,1579446319),(51649,3,0,'UB2001192249408690',1.38,6,1,1579446319),(51650,3,0,'UB2001192250465123',0.25,6,1,1579446319),(51651,3,0,'UB2001192251229060',0.09,6,1,1579446319),(51652,3,0,'UB2001192253391471',0.35,6,1,1579446319),(51653,3,0,'UB2001192254581729',0.30,6,1,1579446319),(51654,3,0,'UB2001192257356442',12.48,6,1,1579446319),(51655,15,0,'UB2001192306017448',1498.00,2,1,1579446385),(51656,1,0,'UB2001192307117395',3995.00,2,1,1579446452),(51657,3,0,'UB2001192307117395',19.98,6,1,1579446481),(51658,15,0,'UB2001192309009720',795.00,2,1,1579446560),(51659,16,0,'UB2001192353102078',3996.00,2,1,1579449214),(51660,1,0,'UB2001200037021689',6496.00,2,1,1579451855),(51661,3,0,'UB2001200037021689',32.48,6,1,1579451882),(51662,1,0,'UB2001200915203743',5994.00,2,1,1579482940),(51663,3,0,'UB2001200915203743',29.97,6,1,1579482961),(51664,1,0,'UB2001200955553816',2997.00,2,1,1579485379),(51665,3,0,'UB2001200955553816',14.99,6,1,1579485421),(51666,1,0,'SY2001201108042671',500.00,1,1,1579489719),(51667,15,0,'UB2001201119184442',702.00,2,1,1579490378),(51668,1,0,'UB2001201358274265',2247.00,2,1,1579499956),(51669,3,0,'UB2001201358274265',11.24,6,1,1579500002),(51670,1,0,'UB2001201416312359',5994.00,2,1,1579501020),(51671,1,0,'UB2001201417146937',1352.00,2,1,1579501058),(51672,3,0,'UB2001201416312359',29.97,6,1,1579501082),(51673,3,0,'UB2001201417146937',6.76,6,1,1579501082),(51674,1,0,'UB2001201542269199',6293.00,2,1,1579506225),(51675,3,0,'UB2001201542269199',31.47,6,1,1579506242),(51676,1,0,'UB2001201544114080',4495.00,2,1,1579506276),(51677,3,0,'UB2001201544114080',22.48,6,1,1579506301),(51678,1,0,'UB2001201753231139',2997.00,2,1,1579514030),(51679,3,0,'UB2001201753231139',14.99,6,1,1579514041),(51680,1,0,'UB2001201754141871',3297.00,2,1,1579514075),(51681,3,0,'UB2001201754141871',16.49,6,1,1579514101),(51682,1,0,'UB2001201754527656',899.00,2,1,1579514111),(51683,3,0,'UB2001201754527656',4.50,6,1,1579514161),(51684,1,0,'UB2001201756227990',4495.00,2,1,1579514203),(51685,3,0,'UB2001201756227990',22.48,6,1,1579514222),(51686,15,0,'UB2001202105559640',792.00,2,1,1579525575),(51687,15,0,'UB2001202106276089',594.00,2,1,1579525610);
/*!40000 ALTER TABLE `xy_balance_log` ENABLE KEYS */;
UNLOCK TABLES;

--
-- Table structure for table `xy_bank_list`
--

DROP TABLE IF EXISTS `xy_bank_list`;
/*!40101 SET @saved_cs_client     = @@character_set_client */;
/*!40101 SET character_set_client = utf8 */;
CREATE TABLE `xy_bank_list` (
  `id` int(11) unsigned NOT NULL AUTO_INCREMENT,
  `number` varchar(15) NOT NULL COMMENT '银行编号',
  `bankname` varchar(255) NOT NULL COMMENT '银行名称',
  PRIMARY KEY (`id`)
) ENGINE=InnoDB AUTO_INCREMENT=25 DEFAULT CHARSET=utf8mb4 COMMENT='提现银行编码表';
/*!40101 SET character_set_client = @saved_cs_client */;

--
-- Dumping data for table `xy_bank_list`
--

LOCK TABLES `xy_bank_list` WRITE;
/*!40000 ALTER TABLE `xy_bank_list` DISABLE KEYS */;
INSERT INTO `xy_bank_list` VALUES (1,'ICBC','工商银行'),(2,'ABC','农业银行'),(3,'CMB','招商银行'),(4,'BCM','交通银行'),(5,'CCB','建设银行'),(6,'CMBC','民生银行'),(7,'CIB','兴业银行'),(8,'BOC','中国银行'),(9,'SPDB','浦发银行'),(10,'CEB ','光大银行'),(11,'PSBC','邮政储蓄银行'),(12,'PAB','平安银行'),(13,'HXB','华夏银行'),(14,'CGB','广发银行'),(15,'HKBEA','东亚银行'),(16,'NBCB','宁波银行'),(17,'CITIC','中信银行'),(18,'CBHB','渤海银行'),(19,'BOB','北京银行'),(20,'BJCB','南京银行'),(21,'SHB','上海银行'),(22,'GZYH','广州银行'),(23,'HZYH','杭州银行'),(24,'HZLHNCSYYH','杭州联合商业银行');
/*!40000 ALTER TABLE `xy_bank_list` ENABLE KEYS */;
UNLOCK TABLES;

--
-- Table structure for table `xy_bankinfo`
--

DROP TABLE IF EXISTS `xy_bankinfo`;
/*!40101 SET @saved_cs_client     = @@character_set_client */;
/*!40101 SET character_set_client = utf8 */;
CREATE TABLE `xy_bankinfo` (
  `id` int(10) unsigned NOT NULL AUTO_INCREMENT,
  `uid` int(10) unsigned NOT NULL COMMENT '会员ID',
  `bankname` varchar(100) NOT NULL DEFAULT '' COMMENT '银行名称',
  `cardnum` varchar(50) NOT NULL DEFAULT '' COMMENT '卡号',
  `username` varchar(64) NOT NULL DEFAULT '' COMMENT '用户名',
  `site` varchar(255) NOT NULL DEFAULT '' COMMENT '开户行地址',
  `tel` varchar(20) NOT NULL COMMENT '手机号',
  `status` tinyint(1) NOT NULL DEFAULT '0' COMMENT '状态，1启用，0禁用',
  PRIMARY KEY (`id`),
  KEY `Uid` (`uid`),
  KEY `Cardnum` (`cardnum`)
) ENGINE=InnoDB AUTO_INCREMENT=145 DEFAULT CHARSET=utf8mb4 COMMENT='会员-银行卡信息表';
/*!40101 SET character_set_client = @saved_cs_client */;

--
-- Dumping data for table `xy_bankinfo`
--

LOCK TABLES `xy_bankinfo` WRITE;
/*!40000 ALTER TABLE `xy_bankinfo` DISABLE KEYS */;
INSERT INTO `xy_bankinfo` VALUES (19,52,'工商银行','6212262610002483216','折江江','榆林市榆阳区新建南路支行','18729421778',1),(20,57,'建设银行','6236682920010008439','欧阳','','18670735894',1),(21,68,'农业银行','6228481466757767670','宁良泸','佛山支行','13534394277',1),(22,71,'中国银行','6217868000006091743','陈培庆','','17630778798',1),(23,66,'建设银行','6217004550007488319','魏志昂','','15639460689',1),(24,61,'邮政储蓄银行','6217997900086950904','李娜','长安区支行','18502988107',1),(25,56,'建设银行','6212842195010003452','马进','山东省烟台市莱山支行','17663745274',1),(26,67,'中国银行','6212836110000011397','田娇娇','','13196968090',1),(27,76,'工商银行','6222021507006988938','周健','','18979261828',1),(28,92,'民生银行','6216911706467953','李攀','汕头分行澄海支行','15139016780',1),(29,93,'农业银行','6228480269104053070','马进','山东省烟台市龙口支行','17663745274',1),(30,90,'工商银行','6212260408006513126','于春艳','沧州市东光县','15532812527',1),(31,85,'北京银行','6214680033494210','张敏','','13126975906',1),(32,73,'建设银行','6217003800025187505','吴优','四川省成都市双流区','15624756444',1),(33,78,'交通银行','6222620840000149511','明昌泽','晋城交通银行矿区支行','13453615149',1),(34,107,'工商银行','6217230506000887515','明昌泽','中国工商银行晋城矿区支行营业部','13453615149',1),(35,108,'邮政储蓄银行','6217995840005024146','韦日文','','15914190547',1),(36,69,'工商银行','6222032115000804106','宁良泸','广西钦州灵山县','17754776299',1),(37,103,'邮政储蓄银行','6215995200008127947','牙彩桂','湖北省随州市广水市中国邮政储蓄银行','15878859199',1),(38,143,'农业银行','6228480626750610471','李春明','','18934227621',1),(39,148,'兴业银行','622908433020482615','杨晓华','','15308073235',1),(40,162,'农业银行','6228482908570130171','肖琳洁','陕西省渭南市合阳县支行','18791937521',1),(41,181,'中国银行','6217858000053483407','段涵博','','13193761917',1),(42,220,'建设银行','6217000870001354976','刘焕文','吉林省白山市浑江区','18904390246',1),(43,223,'中国银行','6217856200051214752','叶昊桓','','13968084260',1),(44,233,'工商银行','6212260200121008573','王淞丙','','17601605765',1),(45,246,'农业银行','6228480359423930775','王百昌','安吉县地铺中路801号','17586472491',1),(46,297,'建设银行','6217000180011125675','王超','','13832963623',1),(47,254,'建设银行','6217000180011364365','李思达','','15931515411',1),(48,264,'农业银行','6228480068838902077','张功杰','','18859122245',1),(49,134,'中国银行','6217858400023180796','苗嘉月','','13014276108',1),(50,270,'招商银行','6214833152543909','李森','','15132590296',1),(51,226,'农业银行','6230520650008771479','马欢欢','','13463586722',1),(52,252,'交通银行','6222620910034021166','王鹏','北京东单北大街支行','18569472179',1),(53,310,'中信银行','6217715400803168','林森','','18231518006',1),(54,315,'邮政储蓄银行','6217998800052651578','谢天宇','','15009950190',1),(55,130,'建设银行','6236683100002570568','谭松','汕头珠池支行','17607541657',1),(56,212,'建设银行','6236681420020751590','周文将','','15151353425',1),(57,289,'中国银行','6217853600039848345','刘博','','18966993754',1),(58,309,'工商银行','62284800','ls','湖北武汉','135456',0),(59,202,'中国银行','6212832800002171249','姜婷婷','贵州省遵义市红花岗区','18798134529',1),(60,334,'农业银行','6228270081504060876','袁红敏','广州智慧城支行','15245034612',1),(61,340,'工商银行','6212260510003224902','乔彦杰','','13834333337',1),(62,342,'邮政储蓄银行','6217991240015275701','孙晨洋','','18732566351',1),(63,259,'农业银行','6228410654514338978','朱佳俊','','17317051217',1),(64,352,'建设银行','6217002920153638540','贺黎明','湖南省长沙市雨花区建设银行支行','13222480078',1),(65,305,'工商银行','6215581209001856931','雷晨','','17858566965',1),(66,140,'建设银行','6217003100012000807','马帮柱','潮州建设银行','17673941509',1),(67,165,'招商银行','6214832938733115','颜飞','','18392565454',1),(68,99,'招商银行','6214832711457387','胡利名','金地雄楚支行','18707153172',1),(69,182,'农业银行','6228482326148516161','朱勇建','','15932836398',1),(70,126,'工商银行','6212260503002990987','李亚星','阳泉南大街支行营业室','15234344737',1),(71,219,'建设银行','6217002300003587108','孔祥欢','','15653024123',1),(72,191,'工商银行','6217231111004346342','黄晓星','南通市经济技术开发区竹行街道瑞兴路99号瑞兴支行','13372173602',1),(73,368,'建设银行','6215982530000546305','化世娟','中国建设银行河南省支行','15516137590',1),(74,361,'兴业银行','622908183207224211','俞志斌','','15160605899',1),(75,354,'农业银行','6228480018907616470','孟文星','中国农业银行股份有限公司北京沙河支行','15666306649',1),(76,338,'邮政储蓄银行','6217994910172877963','付中坤','河南南阳','19913266623',1),(77,394,'建设银行','6230943320000027705','周素婷','机场路支行','13480249478',1),(78,398,'中国银行','6216696200011108116','陶渊鹏','','17888290226',1),(79,399,'中国银行','6217856000063543465','牛晓勇','','13675352630',1),(80,377,'建设银行','6217001830025596407','刘恩辉','福建省泉州市安吉支行','15070793327',1),(81,263,'中国银行','6217900200001489286','李勇','','15633634354',1),(82,408,'建设银行','6217002500006703715','赵玉','','17601603806',1),(83,112,'工商银行','6222031709000474539','梁晶','','18839191648',1),(84,418,'工商银行','6212264000038436248','王奕','深圳大浪支行','13018724894',1),(85,260,'工商银行','6222020403030129445','谷立建','','13402406624',1),(86,317,'邮政储蓄银行','6217993300112464729','雷天乐','浙江省衢州市龙游县溪口镇','18767070748',1),(87,54,'工商银行','6222031602001298280','马进','山东省济南市高新区支行','17663745274',1),(88,55,'浦发银行','6217932275225944','马进','山东省烟台市龙口支行','17663745274',1),(89,427,'建设银行','6217007110012423889','李显洪','贵州省遵义市红花岗区新浦','18385205989',1),(90,285,'建设银行','6217002660002272253','李登烽','','13545635340',1),(91,426,'邮政储蓄银行','6217997030029940851','犹福莉','贵州遵义红花岗区新浦','18311666289',1),(92,430,'建设银行','6217007110012423988','犹福莉','贵州遵义红花岗区新浦','18311666289',1),(93,314,'招商银行','6214835254436775','欧阳宏姗','','13691660893',1),(94,436,'农业银行','6213361128007643179','张林','湖南省邵阳市农业银行支行','18670943264',1),(95,404,'建设银行','6236683230007069934','陈健沾','广东省东莞市塘厦中心支行','13250478287',1),(96,441,'中国银行','6217906500003282603','陈金青','','18370113021',1),(97,447,'工商银行','6236681540019839872','季二伟','','18605619489',1),(98,173,'招商银行','6214 8379 1274 9227','李伟','南昌县招商银行','18170974240',1),(99,248,'农业银行','6228480649134885577','董海龙','中国农业银行秦皇岛市抚宁区支行','18733477678',1),(100,51,'邮政储蓄银行','6217987900008756233','陈明','新建路支行','18966955603',1),(101,458,'工商银行','6212812013000054953','邓志锋','','13068639181',1),(102,462,'中国银行','6212832800002175216','周小洪','贵州省遵义市红花岗区','15985236989',1),(103,309,'建设银行','6227002662090380625','李登烽','荆州','13545635340',1),(104,129,'招商银行','6225882302526865','周艳','','15213651158',1),(105,459,'中国银行','6237863100001715174','何平','','15528248198',1),(106,473,'交通银行','6222600620021464683','邓鹏洋','河南省郑州市管城区支行','15515506574',1),(107,481,'中国银行','6216698000008034590','陈国将','','17729712535',1),(108,493,'中信银行','6217731205228501','陈柏庄','','18523514400',1),(109,79,'工商银行','6216702610000160799','陈亮','陕西省榆林市榆阳区中国工商银行','18391241006',1),(110,502,'中国银行','6216617001005128573','李雪锋','广东省佛山市高明区御泉湾中国银行支行','15015593191',1),(111,492,'招商银行','6214 8302 1498 7363','戴永珍','上海分行共和新路支行','15921100850',1),(112,497,'建设银行','6217001840009702376','张纯小','','13860973358',1),(113,503,'中国银行','6217900600026622441','孙明','','13620747457',1),(114,468,'农业银行','6228481458436620172','邓秋泉','中国农业银行股份有限公司顺德陈村支行','13612515286',1),(115,53,'工商银行','124345465868668','哈哈','','13800138000',1),(116,510,'建设银行','6214662210017618','孔秀芳','','13054981949',1),(117,482,'农业银行','6228480096726241373','黄庆海','广东省佛山市高明区农业支行','15916121724',1),(118,422,'中国银行','6217858000112870404','王亚飞','','13938755811',1),(119,509,'中国银行','6217858600001251978','王琦','','18095212356',1),(120,516,'建设银行','6217007150003872231','吴国丽','贵州省施秉县建行支行','13985826918',1),(121,513,'中国银行','6230901818086134345','李伟峰','湖南省永州市祁阳县支行','15355843635',1),(122,522,'农业银行','6228481728179582577','赵娟华','','15383808050',0),(123,522,'农业银行','6228481728479582577','赵娟华','','15383808050',1),(124,442,'招商银行','6214832044421647','谈智良','','13232878857',1),(125,525,'工商银行','6216703012001122952','阿克力江·阿布利米提','','18699877076',1),(126,124,'建设银行','6217001630044801840','梁雲','','17755105296',1),(127,75,'工商银行','6215590607004293896','朝鲁门','','15174771594',1),(128,545,'工商银行','6212261705011828095','李留杰','','17624033682',1),(129,505,'建设银行','6217003120022815440','冯绮雯','江门新会中心南支行','15521216409',1),(130,555,'邮政储蓄银行','6221885081030057281','王瑞停','河南省','15294978717',1),(131,484,'建设银行','6210812480008659337','曾淼鑫','','18236981845',1),(132,514,'工商银行','6212262017005598265','李宗蔚','','18211415508',1),(133,578,'建设银行','6217002430042474743','袁锦彬','','17335650158',1),(134,583,'农业银行','6228271331261365979','井晓媛','山东省济宁市邹城市千泉街道办事处义乌商贸城农业银行','15563148989',1),(135,573,'工商银行','6212260904006478419','张京子','','18729027475',1),(136,588,'建设银行','6217007110006971711','唐怡','','13984233489',1),(137,406,'光大银行','6226623104699271','韩雅琦','山西省太原市并州路支行','18613579782',1),(138,590,'中信银行','6217714805228477','杜伟杰','','13437398583',1),(139,364,'工商银行','41414994618464562','荷城','','17620715534',1),(140,611,'工商银行','6212251812001115236','李林','','15072577913',1),(141,563,'中国银行','6232086500009910570','宋来旺','','18296395441',1),(142,612,'农业银行','6228270051524622674','杨容芳','','15077755126',1),(143,94,'工商银行','13112341234','张学友','北京市朝阳街道办','13112341234',1),(144,1,'11','11','11','11','11',1);
/*!40000 ALTER TABLE `xy_bankinfo` ENABLE KEYS */;
UNLOCK TABLES;

--
-- Table structure for table `xy_banner`
--

DROP TABLE IF EXISTS `xy_banner`;
/*!40101 SET @saved_cs_client     = @@character_set_client */;
/*!40101 SET character_set_client = utf8 */;
CREATE TABLE `xy_banner` (
  `id` int(11) NOT NULL AUTO_INCREMENT,
  `image` text,
  `title` varchar(255) DEFAULT NULL,
  `url` varchar(255) DEFAULT NULL,
  PRIMARY KEY (`id`)
) ENGINE=InnoDB AUTO_INCREMENT=5 DEFAULT CHARSET=utf8mb4 COMMENT='首页轮播图';
/*!40101 SET character_set_client = @saved_cs_client */;

--
-- Dumping data for table `xy_banner`
--

LOCK TABLES `xy_banner` WRITE;
/*!40000 ALTER TABLE `xy_banner` DISABLE KEYS */;
INSERT INTO `xy_banner` VALUES (2,'http://qd.x-g.vip/upload/dbfb632b539cd296/e312e231df8c96f7.jpg',NULL,'/index.html'),(4,'http://qd.x-g.vip/upload/dbfb632b539cd296/e312e231df8c96f7.jpg',NULL,'/index.html');
/*!40000 ALTER TABLE `xy_banner` ENABLE KEYS */;
UNLOCK TABLES;

--
-- Table structure for table `xy_convey`
--

DROP TABLE IF EXISTS `xy_convey`;
/*!40101 SET @saved_cs_client     = @@character_set_client */;
/*!40101 SET character_set_client = utf8 */;
CREATE TABLE `xy_convey` (
  `id` char(18) NOT NULL,
  `uid` int(10) NOT NULL COMMENT '会员ID',
  `num` decimal(10,2) NOT NULL DEFAULT '0.00' COMMENT '交易金额',
  `addtime` int(10) NOT NULL DEFAULT '0' COMMENT '下单时间',
  `endtime` int(10) NOT NULL DEFAULT '0' COMMENT '完成交易时间',
  `status` int(2) NOT NULL DEFAULT '0' COMMENT '订单状态 0待付款 1交易完成 2用户取消  3强制完成 4强制取消  5交易冻结',
  `commission` decimal(10,2) NOT NULL DEFAULT '0.00' COMMENT '佣金',
  `c_status` int(1) NOT NULL DEFAULT '0' COMMENT '佣金发放状态 0未发放 1已发放 2账号冻结',
  `add_id` int(11) NOT NULL COMMENT '收货地址',
  `goods_id` int(11) NOT NULL COMMENT '商品ID',
  `goods_count` int(2) NOT NULL DEFAULT '1' COMMENT '商品数量',
  PRIMARY KEY (`id`),
  KEY `uid` (`uid`) USING BTREE
) ENGINE=InnoDB DEFAULT CHARSET=utf8mb4 COMMENT='会员-订单表';
/*!40101 SET character_set_client = @saved_cs_client */;

--
-- Dumping data for table `xy_convey`
--

LOCK TABLES `xy_convey` WRITE;
/*!40000 ALTER TABLE `xy_convey` DISABLE KEYS */;
INSERT INTO `xy_convey` VALUES ('UB2001051946286893',1,225.00,1578224788,1578225388,2,0.45,0,171,133,9),('UB2001052053465967',1,72.00,1578228826,1578229488,1,0.29,1,171,449,4),('UB2001192158147717',1,26.90,1579442294,1579442918,1,0.05,1,171,126,1),('UB2001192159041702',1,76.50,1579442344,1579442989,1,0.15,1,171,159,3),('UB2001192221493908',1,99.50,1579443709,1579445043,1,0.20,1,171,47,5),('UB2001192237411930',1,755.00,1579444661,1579445281,1,2.27,1,171,177,1),('UB2001192238261740',1,2997.00,1579444706,1579445325,1,11.99,1,171,350,3),('UB2001192245085690',1,693.00,1579445108,1579445728,1,1.39,1,171,75,7),('UB2001192249408690',1,276.00,1579445380,1579445441,1,0.55,1,171,64,4),('UB2001192250465123',1,49.50,1579445446,1579445476,1,0.10,1,171,116,5),('UB2001192251229060',1,18.00,1579445482,1579445521,1,0.04,1,171,121,1),('UB2001192253391471',1,69.30,1579445619,1579445649,1,0.14,1,171,143,7),('UB2001192253561188',15,1194.00,1579445636,1579445665,1,3.58,1,172,251,6),('UB2001192254581729',1,59.70,1579445698,1579445732,1,0.12,1,171,152,3),('UB2001192257356442',1,2495.00,1579445855,1579445892,1,4.99,1,171,80,5),('UB2001192306017448',15,1498.00,1579446361,1579446395,1,3.00,1,172,24,2),('UB2001192307117395',1,3995.00,1579446431,1579446462,1,7.99,1,171,18,5),('UB2001192309009720',15,795.00,1579446540,1579446570,1,1.59,1,172,106,5),('UB2001192353102078',16,3996.00,1579449190,1579449224,1,7.99,1,173,26,4),('UB2001200037021689',1,6496.00,1579451822,1579451865,1,12.99,1,171,25,7),('UB2001200915203743',1,5994.00,1579482920,1579482950,1,11.99,1,171,26,6),('UB2001200955553816',1,2997.00,1579485355,1579485389,1,5.99,1,171,26,3),('UB2001201119184442',15,702.00,1579490358,1579490388,1,1.40,1,172,70,9),('UB2001201358274265',1,2247.00,1579499907,1579499966,1,4.49,1,171,16,3),('UB2001201416312359',1,5994.00,1579500991,1579501030,1,11.99,1,171,30,6),('UB2001201417146937',1,1352.00,1579501034,1579501068,1,2.70,1,171,119,8),('UB2001201542269199',1,6293.00,1579506146,1579506235,1,18.88,1,171,189,7),('UB2001201544114080',1,4495.00,1579506251,1579506286,1,17.98,1,171,342,5),('UB2001201715167187',1,4495.00,1579511716,1579512961,4,8.99,0,171,20,5),('UB2001201753231139',1,2997.00,1579514003,1579514040,1,5.99,1,171,27,3),('UB2001201754141871',1,3297.00,1579514054,1579514085,1,6.59,1,171,82,3),('UB2001201754527656',1,899.00,1579514092,1579514121,1,1.80,1,171,29,1),('UB2001201756227990',1,4495.00,1579514182,1579514213,1,17.98,1,171,341,5),('UB2001202105559640',15,792.00,1579525555,1579525585,1,2.38,1,172,232,8),('UB2001202106276089',15,594.00,1579525587,1579525620,1,1.19,1,172,73,6);
/*!40000 ALTER TABLE `xy_convey` ENABLE KEYS */;
UNLOCK TABLES;

--
-- Table structure for table `xy_cs`
--

DROP TABLE IF EXISTS `xy_cs`;
/*!40101 SET @saved_cs_client     = @@character_set_client */;
/*!40101 SET character_set_client = utf8 */;
CREATE TABLE `xy_cs` (
  `id` int(11) NOT NULL AUTO_INCREMENT,
  `tel` varchar(20) NOT NULL COMMENT '手机号',
  `username` varchar(30) NOT NULL COMMENT '用户名',
  `pwd` varchar(255) NOT NULL DEFAULT '' COMMENT '密码',
  `salt` varchar(255) NOT NULL DEFAULT '' COMMENT '盐',
  `qq` varchar(20) NOT NULL COMMENT 'QQ号',
  `wechat` varchar(150) NOT NULL COMMENT '微信号',
  `qr_code` varchar(150) NOT NULL COMMENT '微信二维码',
  `btime` char(5) NOT NULL DEFAULT '0' COMMENT '上班时间',
  `etime` char(5) NOT NULL COMMENT '下班时间',
  `status` int(1) NOT NULL DEFAULT '1' COMMENT '账号状态 1启用 2禁用',
  `addtime` int(10) NOT NULL COMMENT '添加时间',
  PRIMARY KEY (`id`)
) ENGINE=InnoDB AUTO_INCREMENT=5 DEFAULT CHARSET=utf8mb4 COMMENT='客服-用户表';
/*!40101 SET character_set_client = @saved_cs_client */;

--
-- Dumping data for table `xy_cs`
--

LOCK TABLES `xy_cs` WRITE;
/*!40000 ALTER TABLE `xy_cs` DISABLE KEYS */;
INSERT INTO `xy_cs` VALUES (1,'18503043295','客服一号','123456','','1454812003','','http://www.kkugea.cn/upload/8d8974e94ea71793/ef08b1ba42a6f787.jpg','08:01','18:00',2,1571970644),(2,'18503043295','客服二号','123456','','1454812003','','http://www.kkugea.cn/upload/8d8974e94ea71793/ef08b1ba42a6f787.jpg','10:00','20:00',2,1571971118),(3,'18503043295','商务咨询','123456','','1454812003','','http://www.kkugea.cn/upload/278cce429f71e443/f55c41cf04b35a6f.jpg','10:00','22:00',2,1575521614),(4,'18503043295','广告加盟','123456','','1454812003','/index/support/index.html','http://qd.cn/upload/f8a252173a9d2e87/a14ecf487cc2fe1c.png','09:00','22:00',1,1575595897);
/*!40000 ALTER TABLE `xy_cs` ENABLE KEYS */;
UNLOCK TABLES;

--
-- Table structure for table `xy_deal_elog`
--

DROP TABLE IF EXISTS `xy_deal_elog`;
/*!40101 SET @saved_cs_client     = @@character_set_client */;
/*!40101 SET character_set_client = utf8 */;
CREATE TABLE `xy_deal_elog` (
  `id` int(10) unsigned NOT NULL AUTO_INCREMENT,
  `oid` char(18) NOT NULL COMMENT '相关订单',
  `uid` int(10) unsigned NOT NULL COMMENT '用户id',
  `errmsg` varchar(255) NOT NULL COMMENT '错误信息',
  `addtime` int(10) unsigned NOT NULL COMMENT '添加时间',
  PRIMARY KEY (`id`),
  KEY `oid` (`oid`) USING BTREE,
  KEY `uid` (`uid`) USING BTREE
) ENGINE=InnoDB AUTO_INCREMENT=11 DEFAULT CHARSET=utf8mb4 COMMENT='交易错误日志表';
/*!40101 SET character_set_client = @saved_cs_client */;

--
-- Dumping data for table `xy_deal_elog`
--

LOCK TABLES `xy_deal_elog` WRITE;
/*!40000 ALTER TABLE `xy_deal_elog` DISABLE KEYS */;
INSERT INTO `xy_deal_elog` VALUES (1,'SY1912061259444913',0,'充值成功但是修改订单状态失败!请尝试在后台确认并修改订单状态',1575611363),(3,'SY1912061259444913',0,'充值成功但是查不到订单号或者是重复触发回调!请尝试在后台确认订单详情',1575612620),(5,'SY1912061259444913',0,'充值成功但是查不到订单号或者是重复触发回调!请尝试在后台确认订单详情',1575612979),(6,'SY1912061418399195',0,'充值成功但是查不到订单号或者是重复触发回调!请尝试在后台确认订单详情',1575613761),(7,'SY1912061713179792',510,'签名不正确',1575623644),(8,'0',0,'Undefined index: appid',1575632178),(9,'0',0,'Undefined index: appid',1575632238),(10,'',0,'签名错误',1576983298);
/*!40000 ALTER TABLE `xy_deal_elog` ENABLE KEYS */;
UNLOCK TABLES;

--
-- Table structure for table `xy_deposit`
--

DROP TABLE IF EXISTS `xy_deposit`;
/*!40101 SET @saved_cs_client     = @@character_set_client */;
/*!40101 SET character_set_client = utf8 */;
CREATE TABLE `xy_deposit` (
  `id` char(18) NOT NULL,
  `uid` int(11) NOT NULL COMMENT '提现用户',
  `bk_id` int(11) NOT NULL COMMENT '银行卡信息',
  `num` decimal(12,2) NOT NULL COMMENT '提现金额',
  `addtime` int(10) NOT NULL COMMENT '提交时间',
  `endtime` int(10) NOT NULL DEFAULT '0' COMMENT '审核时间',
  `status` int(11) NOT NULL DEFAULT '1' COMMENT '订单状态 1待处理 2审核通过 3审核不通过',
  PRIMARY KEY (`id`)
) ENGINE=InnoDB DEFAULT CHARSET=utf8mb4 COMMENT='会员-余额提现表';
/*!40101 SET character_set_client = @saved_cs_client */;

--
-- Dumping data for table `xy_deposit`
--

LOCK TABLES `xy_deposit` WRITE;
/*!40000 ALTER TABLE `xy_deposit` DISABLE KEYS */;
INSERT INTO `xy_deposit` VALUES ('CO1912111142514402',1,143,1200.00,1578763165,1576035899,1),('CO2001072244032914',1,144,100.00,1578408243,0,1);
/*!40000 ALTER TABLE `xy_deposit` ENABLE KEYS */;
UNLOCK TABLES;

--
-- Table structure for table `xy_goods_cate`
--

DROP TABLE IF EXISTS `xy_goods_cate`;
/*!40101 SET @saved_cs_client     = @@character_set_client */;
/*!40101 SET character_set_client = utf8 */;
CREATE TABLE `xy_goods_cate` (
  `id` int(11) NOT NULL AUTO_INCREMENT,
  `name` varchar(255) NOT NULL COMMENT '商店名称',
  `bili` varchar(255) NOT NULL COMMENT '商品名称',
  `cate_info` varchar(255) DEFAULT '' COMMENT '商品描述',
  `goods_price` decimal(10,2) DEFAULT NULL COMMENT '商品价格',
  `cate_pic` varchar(120) DEFAULT '' COMMENT '商品展示图片',
  `addtime` int(10) NOT NULL COMMENT '添加时间',
  `status` int(1) DEFAULT '0' COMMENT '上架状态 0不上架 1上架',
  PRIMARY KEY (`id`)
) ENGINE=MyISAM AUTO_INCREMENT=166 DEFAULT CHARSET=utf8mb4 COMMENT='商品表';
/*!40101 SET character_set_client = @saved_cs_client */;

--
-- Dumping data for table `xy_goods_cate`
--

LOCK TABLES `xy_goods_cate` WRITE;
/*!40000 ALTER TABLE `xy_goods_cate` DISABLE KEYS */;
INSERT INTO `xy_goods_cate` VALUES (1,'淘宝专区','0.002','顶顶顶顶',NULL,'/statics/img/tb.svg',1578196036,0),(2,'京东专区','0.003','京东',NULL,'/statics/img/gd.svg',1578196081,0),(3,'唯品会专区','0.004','唯品会专区',NULL,'/statics/img/w.svg',1578196305,0);
/*!40000 ALTER TABLE `xy_goods_cate` ENABLE KEYS */;
UNLOCK TABLES;

--
-- Table structure for table `xy_goods_list`
--

DROP TABLE IF EXISTS `xy_goods_list`;
/*!40101 SET @saved_cs_client     = @@character_set_client */;
/*!40101 SET character_set_client = utf8 */;
CREATE TABLE `xy_goods_list` (
  `id` int(11) NOT NULL AUTO_INCREMENT,
  `shop_name` varchar(255) NOT NULL COMMENT '商店名称',
  `goods_name` varchar(255) NOT NULL COMMENT '商品名称',
  `goods_info` varchar(255) DEFAULT '' COMMENT '商品描述',
  `goods_price` decimal(10,2) NOT NULL COMMENT '商品价格',
  `goods_pic` varchar(120) DEFAULT '' COMMENT '商品展示图片',
  `addtime` int(10) NOT NULL COMMENT '添加时间',
  `status` int(1) NOT NULL DEFAULT '0' COMMENT '上架状态 0不上架 1上架',
  `cid` int(11) DEFAULT '1',
  PRIMARY KEY (`id`)
) ENGINE=MyISAM AUTO_INCREMENT=642 DEFAULT CHARSET=utf8mb4 COMMENT='商品表';
/*!40101 SET character_set_client = @saved_cs_client */;

--
-- Dumping data for table `xy_goods_list`
--

LOCK TABLES `xy_goods_list` WRITE;
/*!40000 ALTER TABLE `xy_goods_list` DISABLE KEYS */;
INSERT INTO `xy_goods_list` VALUES (1,'信酷小米专营店','小米/MIUI 小米电视4S 43英寸人工智能语音网络平板电视 1GB+8GB HDR 4K超高清','<p>金属机身</p>',1.00,'/upload/goods_img/大家电/5db3b89a8d174.jpg',1579444358,0,2),(2,'邮乐安阳馆','【汤阴县积分用户专享】洗衣机XpB—126-9896S','',1.00,'/upload/goods_img/大家电/5db3b89a9f288.jpg',1579444368,0,2),(3,'海信电器旗舰店','海信（Hisense）HZ39E35A 39英寸高清手机交互 轻薄金属 WIFI人工智能液晶电视机','',1.00,'/upload/goods_img/大家电/5db3b89ab61bd.jpg',1572059510,0,1),(4,'邮滋味如皋馆专柜','创维9公斤变频滚筒洗衣机  型号：F9015NC-炫金   如皋免费送货上门，南通包邮，华东地区配货','创维洗衣机，安全健康专家，免费上门安装，绝对优惠，每月线下更有现场特惠活动',1.00,'/upload/goods_img/大家电/5db3b89b52437.jpg',1572059510,0,1),(5,'邮滋味如皋馆专柜','创维2P定频立式柜机，型号：KFR-50LW/F2DA1A-3（限如皋地区免费送货上门安装）','创维定频空调，免费上门安装，绝对优惠，每月更有现场特惠活动',4.00,'/upload/goods_img/大家电/5db3b89b6e95e.jpg',1572059510,0,1),(6,'创维电视官方旗舰店','创维/SKYWORTH 58H8M 58英寸4K超高清全面屏防蓝光人工智能语音HDR超薄网络液晶电视','4K超高清，声像自然，一场声觉革新，视觉体验，光学防蓝光，护眼不偏色',3.00,'/upload/goods_img/大家电/5db3b89b79d10.jpg',1572059510,0,1),(7,'邮乐洛阳','【洛阳金融积分兑换】TCL 205升 三门电冰箱 （星空银） BC（邮政网点配送）','',1.00,'/upload/goods_img/大家电/5db3b89bc11c1.jpg',1572059510,0,1),(8,'邮滋味如皋馆专柜','创维9公斤全自动波轮洗衣机，型号XQB90-52BAS淡雅银如皋免费送货上门，南通包邮，华东地区配送','创维家电大品牌，安全可靠，夏季特惠；每月现场有特惠活动',1.00,'/upload/goods_img/大家电/5db3b89bcfc24.jpg',1572059510,0,1),(9,'信阳邮约会','【限信阳地区积分兑换专用，不对外销售】家用洗衣机，图片仅供参考','',1.00,'/upload/goods_img/大家电/5db3b89be0d98.jpg',1572059510,0,1),(10,'邮乐安阳馆','【滑县积分用户专享】创维电器洗衣机9公斤波轮安阳','',1.00,'/upload/goods_img/大家电/5db3b89bee474.jpg',1572059510,0,1),(11,'邮乐安阳馆','美菱3开门冰箱BCD-209M3CX【汤阴县积分兑换专用，其他下单不发货】','',1.00,'/upload/goods_img/大家电/5db3b89c06586.jpg',1572059510,0,1),(12,'邮乐安阳馆','美菱电冰箱209L3CS【安阳县积分兑换用户专用，其他地区发】','',1.00,'/upload/goods_img/大家电/5db3b89c16f2a.jpg',1572059510,0,1),(13,'信阳邮约会','【限信阳地区积分兑换专用，不对外销售】自动洗衣机 家用洗衣机，图片仅供参考','',2.00,'/upload/goods_img/大家电/5db3b89c22e95.jpg',1572059510,0,1),(14,'邮乐安阳馆','【滑县积分用户专享】创维电器电视50寸4K智能安阳','',3.00,'/upload/goods_img/大家电/5db3b89c2bb37.jpg',1572059510,0,1),(15,'邮乐安阳馆','【安阳县积分用户专享】长虹液晶电视55U1','',3.00,'/upload/goods_img/大家电/5db3b89f48109.jpg',1572059510,0,1),(16,'海信电器旗舰店','海信（Hisense）HZ32E30D 32英寸蓝光高清平板液晶电视机 酒店宾馆卧室推荐','【海信今日限时特惠-到手价788元！】限量200台！抢完即止！',749.00,'/upload/goods_img/大家电/5db3b89f51194.jpg',1572059510,0,1),(17,'邮滋味如皋馆专柜','邮乐特卖：庭美家用消毒柜    型号：YTP-280    如皋免费送货上门，南通包邮，华东地区配送','庭美消毒柜，安全可靠，邮乐特惠；每月现场有特惠活动——18862731238',755.00,'/upload/goods_img/大家电/5db3b89f5ec57.jpg',1572059510,0,1),(18,'吉舜诚商城专柜','飞利浦（PHILIPS）  19英寸液晶电视机 显示器两用 hdmi高清接口','19PFF2650',799.00,'/upload/goods_img/大家电/5db3b89fb14ba.jpg',1572059510,0,1),(19,'创维集团官方旗舰店','创维/SKYWORTH 32X3 32英寸窄边非智能老人机蓝光高清节能LED平板液晶电视机工程机','蓝光高清，经典窄边，节能液晶，简单好用，谁用谁知道，实用耐用款',799.00,'/upload/goods_img/大家电/5db3b89fc8fa8.jpg',1572059510,0,1),(20,'吉舜诚商城专柜','飞利浦（PHILIPS）22英寸LED高清液晶平板电视机含底座 黑色','22PFF2650/T3',899.00,'/upload/goods_img/大家电/5db3b89fd917b.jpg',1572059510,0,1),(21,'创维集团官方旗舰店','创维/SKYWORTH 32X6 32英寸10核窄边高清 人工智能 网络WIFI 卧室液晶平板电视机','超值钜惠，高清智能电视，WIFI，酷开系统，10核处理器',899.00,'/upload/goods_img/大家电/5db3b89fe6086.jpg',1572059510,0,1),(22,'海信电器旗舰店','海信 (Hisense) HZ32E35A 32英寸AI智能WIFI 轻薄金属 卧室神器高清电视机','',899.00,'/upload/goods_img/大家电/5db3b8a0004c2.jpg',1572059510,0,1),(23,'邮滋味如皋馆专柜','创维邮乐特卖： 32寸液晶电视机，型号：32E381S   如皋免费送货上门，南通包邮，华东地区配货','创维液晶电视大品牌，夏季特惠；每月现场有特惠活动',899.00,'/upload/goods_img/大家电/5db3b8a01be30.jpg',1572059510,0,1),(24,'琥麟电器专柜','海信 XQB60-H3568 6公斤全自动波轮洗衣机','',749.00,'/upload/goods_img/大家电/5db3b8a0279b3.jpg',1572059510,0,1),(25,'邮滋味如皋馆专柜','创维7公斤全自动波轮洗衣机，型号：XQB70-21C淡雅银，如皋免费送货上门，南通包邮，华东地区配送','创维家电大品牌，安全可靠，邮乐特惠；每月现场有特惠活动——18862731238',928.00,'/upload/goods_img/大家电/5db3b8a0367fe.jpg',1572059510,0,1),(26,'邮滋味如皋馆专柜','创维单冷冰柜，型号：BD/C-160雅白，如皋地区免费送货上门安装，南通地区包邮，华东地区配货','创维冰柜，安全健康专家，免费上门安装，绝对优惠，每月线下更有现场特惠活动',999.00,'/upload/goods_img/大家电/5db3b8a042f39.jpg',1572059510,0,1),(27,'创维集团官方旗舰店','创维（SKYWORTH）32H5 32英寸高清HDR 护眼全面屏 AI人工智能语音 网络WIFI 卧','高清HDR 护眼全面屏 AI人工智能语音 网络WIFI',999.00,'/upload/goods_img/大家电/5db3b8a0511cd.jpg',1572059510,0,1),(28,'邮滋味如皋馆专柜','创维/SKYWORTH热水器，型号：DSZF-D5501-80，如皋免费送货上门，南通包邮 创维/','创维家电大品牌，安全可靠，邮乐特惠；每月现场有特惠活动——18862731238',999.00,'/upload/goods_img/大家电/5db3b8a07389d.jpg',1572059510,0,1),(29,'琥麟电器专柜','Hisense/海信 HB80DA332G8KG公斤大容量家用全自动节能波轮洗衣机','',899.00,'/upload/goods_img/大家电/5db3b8a386615.jpg',1572059510,0,1),(30,'琥麟电器专柜','海信 BCD-163N/B 冰柜冷藏冷冻双温家用商用小型卧式','',999.00,'/upload/goods_img/大家电/5db3b8a390a27.jpg',1572059510,0,1),(31,'吉舜诚商城专柜','东芝（TOSHIBA）  32英寸 蓝光液晶电视 高清平板电视机 东芝电视机','32L1500C',1.00,'/upload/goods_img/大家电/5db3b8a69aafd.jpg',1572059510,0,1),(32,'创维集团官方旗舰店','创维/SKYWORTH 40X6 40英寸10核窄边高清 人工智能 网络WIFI 卧室液晶平板电视机','超值钜惠！高清智能，10核处理器，可以WIFI上网',1.00,'/upload/goods_img/大家电/5db3b8a9a6b14.jpg',1572059510,0,1),(33,'甲子商城旗舰店','康佳/KONKA  LED39E330C 39英寸卧室电视高清蓝光节能平板液晶电视','',949.00,'/upload/goods_img/大家电/5db3b8a9b22ae.jpg',1572059510,0,1),(34,'邮乐赣州馆','【不支持邮乐卡支付】创维-彩电-40E1C 40英寸全高清HDR 护眼全面屏 AI人工智能语音','',1.00,'/upload/goods_img/大家电/5db3b8a9cf38d.jpg',1572059510,0,1),(35,'琥麟电器专柜','海信 BCD-177F/Q 177升 双门冰箱','',1.00,'/upload/goods_img/大家电/5db3b8a9f0abd.jpg',1572059510,0,1),(36,'创维集团官方旗舰店','创维/SKYWORTH 43X6 43英寸10核窄边高清 人工智能 网络WIFI 卧室液晶平板电视机','【买电视选创维】高清智能，10核处理器，质量上乘，价格厚道，可以Wifi上网',1.00,'/upload/goods_img/大家电/5db3b8aa1b4b4.jpg',1572059510,0,1),(37,'创维集团官方旗舰店','创维（SKYWORTH）40H5 40英寸全高清HDR 护眼全面屏 AI人工智能语音 网络WIFI','全高清HDR 护眼全面屏 AI人工智能语音',1.00,'/upload/goods_img/大家电/5db3b8aa26c4f.jpg',1572059510,0,1),(38,'邮乐安阳馆','市区积分用户专享】创维平板电视32X6','',1.00,'/upload/goods_img/大家电/5db3b8aa31c19.jpg',1572059510,0,1),(39,'吉舜诚商城专柜','飞利浦（PHILIPS）32英寸新品高清LED电视 接口丰富窄边高清LED液晶平板电视机','32PHF3282/T3',1.00,'/upload/goods_img/大家电/5db3b8aa3b85c.jpg',1572059510,0,1),(40,'琥麟电器专柜','海信 BD/BC-308NU/A 冰柜家用 顶开式卧式商用冷藏冷冻柜','',1.00,'/upload/goods_img/大家电/5db3b8aa4931f.jpg',1572059510,0,1),(41,'明凰服饰专营店','男女冲锋衣工装棉服外套修身加厚款','邮乐支持微信，支付宝，网银，邮储卡和银联卡支付。（不同商品请分开下单）',85.00,'/upload/goods_img/户外服饰/5db3b8b22c022.jpg',1572059516,0,1),(42,'户外途量工厂专卖店','春夏季运动风衣钓鱼防晒衣男女超薄透气皮肤衣防风外套户外速干潮流衣服情侣款皮肤衣','大码骑行长袖',29.90,'/upload/goods_img/户外服饰/5db3b8b23604c.jpg',1572059516,0,1),(43,'探路者正江专卖店','探路者/TOREAD 冲锋裤 运动裤 秋冬户外软壳裤男透气防风保暖徒步裤KAMG91159','',428.00,'/upload/goods_img/户外服饰/5db3b8b25312b.jpg',1572059516,0,1),(44,'探路者正江专卖店','探路者运动服 探路者冲锋衣 19秋冬户外女式防水透湿套绒冲锋衣TAWH92285','',839.00,'/upload/goods_img/户外服饰/5db3b8b25d925.jpg',1572059516,0,1),(45,'好看哒专营店','防晒衣女中长款薄款防晒服','FSY-6387',45.00,'/upload/goods_img/户外服饰/5db3b8b56628b.jpg',1572059516,0,1),(46,'宝仕母婴专营店专柜','L户外皮肤衣防紫外线防晒衣男女夏季超薄透气防晒服运动风衣','',75.00,'/upload/goods_img/户外服饰/5db3b8b573966.jpg',1572059516,0,1),(47,'好看哒专营店','防晒衣女夏季新款韩版连帽系带长袖防晒衣糖果色沙滩户外披肩防晒衣','FSY-54',19.90,'/upload/goods_img/户外服饰/5db3b8b88f380.jpg',1572059516,0,1),(48,'户外途量工厂专卖店','户外速干T恤男 女休闲跑步运动健身短袖大码情侣快干衣排汗透气','',22.80,'/upload/goods_img/户外服饰/5db3b8b8abc8f.jpg',1572059516,0,1),(49,'好看哒专营店','防晒衣 户外薄款防紫外线印花防晒衣','FSY-1736',25.00,'/upload/goods_img/户外服饰/5db3b8b8c0c84.jpg',1572059516,0,1),(50,'好看哒专营店','防晒衣夏季女蝙蝠袖连帽拉链短款防晒衣','FSY-5423',35.00,'/upload/goods_img/户外服饰/5db3b8b9b16a1.jpg',1572059516,0,1),(51,'好看哒专营店','防晒衣男士薄款纯色连帽防晒衣','FSY-4167',35.00,'/upload/goods_img/户外服饰/5db3b8b9bbe9c.jpg',1572059516,0,1),(52,'户外途量工厂专卖店','城徒 户外春夏单层冲锋衣女防晒衣男轻薄防风钓鱼服透气速干外套长袖衫','',35.80,'/upload/goods_img/户外服饰/5db3b8ba1b847.jpg',1572059516,0,1),(53,'好看哒专营店','防晒衣韩版短款薄款连帽长袖防晒衣','FSY-5439',36.00,'/upload/goods_img/户外服饰/5db3b8ba72314.jpg',1572059516,0,1),(54,'好看哒专营店','防晒衣女中长款涂鸦薄款防晒衣','FSY-5282',36.00,'/upload/goods_img/户外服饰/5db3b8ba99fd5.jpg',1572059516,0,1),(55,'好看哒专营店','防晒衣女中长款薄款防晒衣','FSY-5456',37.90,'/upload/goods_img/户外服饰/5db3b8baa8e20.jpg',1572059516,0,1),(56,'户外途量工厂专卖店','秋冬户外男抓绒衣摇粒绒女外套保暖冲锋衣内胆开衫卫衣','',39.00,'/upload/goods_img/户外服饰/5db3b8bab267b.jpg',1572059516,0,1),(57,'户外途量工厂专卖店','户外秋冬季加绒加厚抓绒衣男女摇粒绒保暖抓绒外套开衫冲锋衣内胆','',49.00,'/upload/goods_img/户外服饰/5db3b8bae0cb5.jpg',1572059516,0,1),(58,'江门新会馆','【江门新会馆】caxa断码 两截速干裤女 韩版修身透气徒步快干裤野外登山跑步长裤','',50.00,'/upload/goods_img/户外服饰/5db3b8baf06b9.jpg',1572059516,0,1),(59,'宝仕母婴专营店专柜','L夏季休闲短裤男宽松5分中裤子男士运动五分裤大码跑步速干沙滩裤','',55.00,'/upload/goods_img/户外服饰/5db3b8bb2ba54.jpg',1572059516,0,1),(60,'江门新会馆','【江门新会馆】caxa修身户外健身速干裤女 快干弹力透气登山大码长裤 弹力户外裤','',60.00,'/upload/goods_img/户外服饰/5db3b8bb513ed.jpg',1572059516,0,1),(61,'探路者正江专卖店','探路者/TOREADt恤女户外夏季快干速干透气运动服TAJG82984','',61.00,'/upload/goods_img/户外服饰/5db3b8bb5ac47.jpg',1572059516,0,1),(62,'铁好家居美妆日用百货专营店','佳钓尼 夏遮阳防晒帽套头面罩透气防紫外线渔夫帽','',48.00,'/upload/goods_img/户外服饰/5db3b8bb8e0a3.jpg',1572059516,0,1),(63,'宝仕母婴专营店专柜','防晒衣男女情侣春夏季防雨风衣超薄透气速干钓鱼防晒服户外皮肤衣MN','',69.00,'/upload/goods_img/户外服饰/5db3b8bb9f9e7.jpg',1572059516,0,1),(64,'户外途量工厂专卖店','城徒 春夏季速干裤男女大码轻薄快干透气户外修身显瘦弹力冲锋裤','',69.00,'/upload/goods_img/户外服饰/5db3b8bbb3e24.jpg',1572059516,0,1),(65,'宝仕母婴专营店专柜','L运动户外夏季速干t恤 男女短袖速干衣快干t恤 吸汗透气','',69.00,'/upload/goods_img/户外服饰/5db3b8bbe33ff.jpg',1572059516,0,1),(66,'宝仕母婴专营店专柜','L健身房教练速干T恤男女 圆领情侣夏季短袖汗衫','',69.00,'/upload/goods_img/户外服饰/5db3b8bc1bca2.jpg',1572059516,0,1),(67,'户外途量工厂专卖店','城徒 冬季正品户外冲锋裤男女抓绒裤保暖防风防水加厚软壳裤登山裤长裤','',75.00,'/upload/goods_img/户外服饰/5db3b8bc42dab.jpg',1572059516,0,1),(68,'江门新会馆','【江门新会馆】caxa修身弹力女款休闲棉裤 户外休闲快干长裤 女士跑步登山健身裤','',78.00,'/upload/goods_img/户外服饰/5db3b8bc96997.jpg',1572059516,0,1),(69,'江门新会馆','【江门新会馆】caxa休闲修身速干裤 透气轻薄运动裤耐磨健身户外裤多袋裤七分裤','',78.00,'/upload/goods_img/户外服饰/5db3b8bcac92c.jpg',1572059516,0,1),(70,'探路者正江专卖店','探路者/TOREAD 运动服 短袖户外女运动跑步排汗透气圆领速干T恤TAJF82784','',78.00,'/upload/goods_img/户外服饰/5db3b8bcc53b9.jpg',1572059516,0,1),(71,'户外途量工厂专卖店','冲锋裤男户外秋冬防风防水软壳裤女加绒加厚抓绒裤保暖徒步登山裤','',79.00,'/upload/goods_img/户外服饰/5db3b8bd362c1.jpg',1572059516,0,1),(72,'探路者正江专卖店','探路者/TOREADT恤女 夏户外女式超轻透气速干衣圆领T恤短袖KAJG82352','',99.00,'/upload/goods_img/户外服饰/5db3b8bd44554.jpg',1572059516,0,1),(73,'探路者正江专卖店','探路者/TOREAD 短袖 18春夏新款户外女式圆领速干透气印花短袖T恤TAJG82939','',99.00,'/upload/goods_img/户外服饰/5db3b8bd602ab.jpg',1572059516,0,1),(74,'探路者正江专卖店','探路者/TOREAD夏新款户外运动透气弹力速干女式半袖短袖T恤KAJG82310','',99.00,'/upload/goods_img/户外服饰/5db3b8be68f86.jpg',1572059516,0,1),(75,'探路者正江专卖店','探路者/TOREAD T恤女款 秋季户外短袖女时尚速干透气短袖T恤TAJG82938','',99.00,'/upload/goods_img/户外服饰/5db3b8be96a09.jpg',1572059516,0,1),(76,'洋湖轩榭官方旗舰店','洋湖轩榭 春秋季新款中老年男装连帽冲锋衣爸爸装休闲夹克衫外套男A','钜惠双十一 感恩惠顾',126.42,'/upload/goods_img/户外服饰/5db3b8bea6025.jpg',1572059516,0,1),(77,'南城百货专营店','秋冬季加绒加厚冲锋衣男女三合一可拆卸两件套防水户外情侣登山服','秋冬季加绒加厚冲锋衣男女三合一可拆卸两件套防水户外情侣登山服',158.00,'/upload/goods_img/户外服饰/5db3b8bede68a.jpg',1572059516,0,1),(78,'正江服饰专营店','包邮韵格NT1021男士紧身训练PRO运动健身跑步长袖弹力速干服纯色衣服','',59.00,'/upload/goods_img/户外服饰/5db3b8beeb97d.jpg',1572059516,0,1),(79,'流行饰品运动户外器械','汤河店 户外冲锋裤男女可脱卸秋冬季加绒加厚保暖软壳防风防水登山滑雪裤','',179.00,'/upload/goods_img/户外服饰/5db3b8bf07cf9.jpg',1572059516,0,1),(80,'流行饰品运动户外器械','汤河店 韩国正品vvc防晒衣女经典薄夏季中长款防晒服户外防紫外线皮肤衣','',499.00,'/upload/goods_img/户外服饰/5db3b8bf2bf21.jpg',1572059516,0,1),(81,'乐颐汇数码专营店','荣耀10青春版 幻彩渐变 2400万AI自拍 全网通版4GB+64GB','2400万AI高清自拍，麒麟710处理器，炫光渐变色',989.00,'/upload/goods_img/手机数码/5db3b8700e46c.jpg',1572059524,0,1),(82,'乐颐汇数码专营店','华为/HUAWEI 畅享9 手机 全网通 4GB+128GB','6.26英寸珍珠屏 4000mAh大电池',1099.00,'/upload/goods_img/手机数码/5db3b8731cf7b.jpg',1572059524,0,1),(83,'米果商贸专柜','折叠式平板电脑支架底座懒人手机支架【颜色随机发货】','',9.90,'/upload/goods_img/手机数码/5db3b87337179.jpg',1572059524,0,1),(84,'邮乐韵菲专营店','（亏本促销）车载手机支架双面吸盘式家居懒人多功能通用可弯曲创意手机支架','',1.00,'/upload/goods_img/手机数码/5db3b87345fc4.jpg',1572059524,0,1),(85,'麦尚科技专营店','手机支架懒人支架卡通创意平板电脑桌面支撑座【款式随机】','',9.90,'/upload/goods_img/手机数码/5db3b8734f81e.jpg',1572059524,0,1),(86,'邮乐韵菲专营店','无线蓝牙耳机迷你超小苹果安卓通用耳机','送两条充电线+一个收纳盒',15.90,'/upload/goods_img/手机数码/5db3b873b60d7.jpg',1572059524,0,1),(87,'万品好易购商城','XO NB23 八角宝石锌合金数据线','产品颜色：黑色  白色 宝石外观 不拘一格;  锌合金 更出色；  2.4A极速充电，高效传输文件',49.00,'/upload/goods_img/手机数码/5db3b873bf931.jpg',1572059524,0,1),(88,'万品好易购商城','XO F1 户外Mini蓝牙音箱 经典挂扣 防水 防尘/防摔 抗干扰性强 无线链接 免提通话','音量调节/音乐播放、暂停/上下曲切换 语音报号/来电铃声/数据输出/直读SD卡',99.00,'/upload/goods_img/手机数码/5db3b873d7806.jpg',1572059524,0,1),(89,'万品好易购商城','XO  PB39 移动电源 8000mAh','8000mAh大容量 双输出带LED灯  ； 电源保护, 好用更安全； 智能分流 高效输出',119.00,'/upload/goods_img/手机数码/5db3b8740878f.jpg',1572059524,0,1),(90,'万品好易购商城','XO BS8 运动蓝牙耳机源于经典 加以升级 鲨鱼鳍耳翼 舒适牢固','源于经典 加以升级； 鲨鱼鳍耳翼 舒适牢固 ； 无惧雨水  防水防汗； 蓝牙4.2版本，深度降噪',169.00,'/upload/goods_img/手机数码/5db3b87419133.jpg',1572059524,0,1),(91,'万品好易购商城','XO BS7 运动蓝牙耳机 深度降噪 通话更清晰 轻松操控 随意切换','强劲的CSR芯片 提升续航能力； 蓝牙4.1版本，深度降噪，通话更清晰； 霍尔磁控开关，智能感应',199.00,'/upload/goods_img/手机数码/5db3b8742586e.jpg',1572059524,0,1),(92,'万品好易购商城','XO A8 蓝牙音箱 智能触控 自由切换 大容量电池 可连续播放约4-6小时 土豪金 星空银 银色','智能触控，自由切换； 内置1000毫安聚合物电池，全频高清喇叭+低音振膜,可连续播放约4-6小时',169.00,'/upload/goods_img/手机数码/5db3b874390f2.jpg',1572059524,0,1),(93,'普润家居专营店','oppo蓝牙耳机迷你vivo超小隐形运动通用华为无线耳塞超长待机开车','',79.00,'/upload/goods_img/手机数码/5db3b874496ae.jpg',1572059524,0,1),(94,'木易生活专柜','2米超长  美能格  苹果安卓Type-C数据线 2.4A快充电线','2米超长  美能格  苹果安卓Type-C数据线 2.4A快充电线',12.90,'/upload/goods_img/手机数码/5db3b874588e2.jpg',1572059524,0,1),(95,'木易生活专柜','沃晟伦蓝牙耳机M165蓝牙耳机入耳式商务车载便携式4.1*','沃晟伦蓝牙耳机M165蓝牙耳机入耳式商务车载便携式4.1',15.90,'/upload/goods_img/手机数码/5db3b8746c166.jpg',1572059524,0,1),(96,'北京信酷数码商城专柜','iPhone 苹果原装充电器套装/数据线+充电头电源适配器 通用型','【全国包邮】 充电套装更优惠',69.00,'/upload/goods_img/手机数码/5db3b874784b9.jpg',1572059524,0,1),(97,'小牛数码家居专柜','飞利浦/PHILIPS 多功能可伸缩车载手机支架DLK35002','多功能可伸缩车载手机支架',68.00,'/upload/goods_img/手机数码/5db3b87484bf4.jpg',1572059524,0,1),(98,'北京信酷数码商城专柜','苹果 iphone X /XS MAX/XS/XR/钢化膜 全屏全覆盖 手机贴膜','',19.00,'/upload/goods_img/手机数码/5db3b87493e28.jpg',1572059524,0,1),(99,'邮乐萍乡馆','南孚(NANFU)3V纽扣电池两粒 CR2032/CR2025/CR2016锂电池电子汽车钥匙遥控','奔驰c200l福特 新蒙迪欧 高尔夫7 新马自达昂克赛拉阿特兹 手表奔驰大众汽车钥匙电池',9.90,'/upload/goods_img/手机数码/5db3b874a670c.jpg',1572059524,0,1),(100,'信酷小米专营店','小米（MI） 车载充电器快充版 QC3.0 双口输出 智能温度控制 兼容iOS和Android设备','小米正品 全国包邮',89.00,'/upload/goods_img/手机数码/5db3b874b8050.jpg',1572059524,0,1),(101,'北京信酷数码商城专柜','苹果 iPhone6/6S/6Plus/6SPlus/iPhone7/7P防爆钢化玻璃膜高清手机贴膜','进口AGC玻璃板！超薄钢化玻璃膜！秒杀国产玻璃！',26.00,'/upload/goods_img/手机数码/5db3b874c207b.jpg',1572059524,0,1),(102,'北京信酷数码商城专柜','OPPO手机原装耳机R11/PLUS入耳式线控r11s/r15耳机 白色盒装','',38.80,'/upload/goods_img/手机数码/5db3b874d31ef.jpg',1572059524,0,1),(103,'北京信酷数码商城专柜','华为（HUAWEI）小天鹅无线蓝牙免提通话音箱4.0 便携户外/车载迷你音响AM08','音·触即发！360°音效技术，音质真实自然，简洁触控操作，支持蓝牙免提通话。',95.00,'/upload/goods_img/手机数码/5db3b874e280a.jpg',1572059524,0,1),(104,'北京信酷数码商城专柜','三星 32G内存卡(CLASS10 48MB/s)  手机内存卡32g MicroSD存储卡','正品行货 支持专柜验货 实行三包政策 轻放心购买',95.00,'/upload/goods_img/手机数码/5db3b874edfa5.jpg',1572059524,0,1),(105,'北京信酷数码商城专柜','华为/HUAWEI 华为快速充电套装 4.5V/5A充电头+type-c线  华为充电器','支持p20/mate10/9pro/p10plus荣耀10/v10/note10等机型',98.00,'/upload/goods_img/手机数码/5db3b87504947.jpg',1572059524,0,1),(106,'北京信酷数码商城专柜','小米（MI）小米手环2（黑色）智能运动 防水 心率监测 计步器 久坐提醒','正品行货 全国包邮',159.00,'/upload/goods_img/手机数码/5db3b875133ab.jpg',1572059524,0,1),(107,'信酷小米专营店','小米活塞耳机 清新版 黑色 蓝色 入耳式手机耳机 通用耳麦','小米正品 全国包邮',45.00,'/upload/goods_img/手机数码/5db3b8751ef2e.jpg',1572059524,0,1),(108,'信酷小米专营店','小米支架式自拍杆 灰色 黑色 蓝牙遥控迷你便携带三脚架多功能','小米正品 全国包邮',105.00,'/upload/goods_img/手机数码/5db3b875327b2.jpg',1572059524,0,1),(109,'信酷小米专营店','小米（MI）方盒子蓝牙音箱2 无线迷你随身户外便携客厅家用小音响','小米正品 全国包邮',149.00,'/upload/goods_img/手机数码/5db3b87546807.jpg',1572059524,0,1),(110,'信酷小米专营店','小米（MI）小米运动蓝牙耳机mini 黑色白色 无线蓝牙入耳式运动耳机','小米正品 全国包邮',169.00,'/upload/goods_img/手机数码/5db3b8755a85b.jpg',1572059524,0,1),(111,'信酷小米专营店','小米（MI）小钢炮2代 无线蓝牙便携音箱','小米正品 全国包邮',139.00,'/upload/goods_img/手机数码/5db3b87564c6e.jpg',1572059524,0,1),(112,'铁好家居美妆日用百货专营店','公牛BULL 独立3孔位2USB创意魔方插座 1.5米线GN-UUB122【热卖推荐】','立体集成结构 小巧轻便 五重保护',67.00,'/upload/goods_img/手机数码/5db3b87575612.jpg',1572059524,0,1),(113,'九洲科瑞数码专营店','华为 HUAWEI 畅享9 Plus 4GB+128GB','',1.00,'/upload/goods_img/手机数码/5db3b8758639e.jpg',1572059524,0,1),(114,'九洲科瑞数码专营店','华为HUAWEI nova4 4800万超广角三摄8GB+128GB','',2.00,'/upload/goods_img/手机数码/5db3b875932a9.jpg',1572059524,0,1),(115,'九洲科瑞数码专营店','华为 HUAWEI P30 Pro 徕卡四摄10倍混合变焦麒麟980芯片屏内指纹 8GB+128G','',4.00,'/upload/goods_img/手机数码/5db3b8759d6bb.jpg',1572059524,0,1),(116,'邮乐萍乡馆','南孚 安卓数据线 NF-LM001 小米华为OPPO三星vivo充电器通用','',9.90,'/upload/goods_img/手机数码/5db3b875a923e.jpg',1572059524,0,1),(117,'铁好家电数码专营店','公牛BULL 二合一苹果lighting+micro USB数据线GN-J81N【热卖推荐】','MFi官方认证，快速充电，抗折断',69.00,'/upload/goods_img/手机数码/5db3b875b2e80.jpg',1572059524,0,1),(118,'邮乐萍乡馆','南孚(NANFU)LR6AA聚能环 5号+7号碱性干电池【共4粒装】','',9.90,'/upload/goods_img/手机数码/5db3b875be233.jpg',1572059524,0,1),(119,'岳灵生活专营店','南孚手机充电宝 10000毫安大容量礼盒装NFCT10','',169.00,'/upload/goods_img/手机数码/5db3b875cad56.jpg',1572059524,0,1),(120,'邮乐萍乡馆','南孚(NANFU)LR03AAA聚能环7号电池碱性干电池12粒装儿童玩具遥控器赛车闹钟智能门锁电池','AAA干电池持久电力家用',27.80,'/upload/goods_img/手机数码/5db3b875d3610.jpg',1572059524,0,1),(121,'中国农垦官方旗舰店','买2份送一份【中国农垦】黑龙江北大荒  支豆浆粉早餐豆浆粉 非转基因大豆 五谷豆浆粉28g*10袋','早餐豆粉买2份送一份',18.00,'/upload/goods_img/特色美食/5db3b8d338ebc.jpg',1572059535,0,1),(122,'中国农垦官方旗舰店','【中国农垦】黑龙江 北大荒支装豆浆粉（醇豆浆、红枣味可选） 非转基因大豆','早餐豆粉买2份送一份',15.00,'/upload/goods_img/特色美食/5db3b8d3432ce.jpg',1572059535,0,1),(123,'牛牛食品专营店','(8月新货)蒙牛小真果粒125ml*20盒草莓味果粒酸奶小胖丁迷你装','8月份的新货,超好喝，儿童，果粒，健康营养，',22.70,'/upload/goods_img/特色美食/5db3b8d34deb1.jpg',1572059535,0,1),(124,'中国农垦官方旗舰店','【中国农垦】黑龙江 北大荒 支装豆浆粉 麦香甜豆浆粉 28g*10袋','早餐豆粉买2份送一份',15.00,'/upload/goods_img/特色美食/5db3b8d3651ce.jpg',1572059535,0,1),(125,'禾煜食品旗舰店','禾煜 黄冰糖418g包  冰糖土冰糖  煲汤食材','黄冰糖买2送1',15.00,'/upload/goods_img/特色美食/5db3b8d66e304.jpg',1572059535,0,1),(126,'新农哥旗舰店','【新农哥】板栗仁108gx4袋  休闲零食小吃','',26.90,'/upload/goods_img/特色美食/5db3b8d6832f9.jpg',1572059535,0,1),(127,'新农哥旗舰店','新农哥 每日坚果 混合果仁 缤纷坚果仁175g*2盒  休闲零食','缤纷美味 一吃钟情',59.90,'/upload/goods_img/特色美食/5db3b8d68e2c4.jpg',1572059535,0,1),(128,'众天蜂蜜邮乐农品旗舰店','众天山花蜂蜜500g','秦岭深处 百花酿造而成 最受欢迎的蜂蜜 性价比极高！',19.90,'/upload/goods_img/特色美食/5db3b8d6a2ed1.jpg',1572059535,0,1),(129,'中国农垦官方旗舰店','【中国农垦】黑龙江 北大荒 非转基因大豆 豆浆粉 红枣豆浆粉28g*10袋','早餐豆粉买2份送一份',18.00,'/upload/goods_img/特色美食/5db3b8d6ae283.jpg',1572059535,0,1),(130,'考拉小哥专营店','薛小贱 每日坚果25g*1包','厂家直供、7种混合、日期新鲜',1.66,'/upload/goods_img/特色美食/5db3b8d6b8e66.jpg',1572059535,0,1),(131,'萃涣堂蒲公英茶专柜','【滨州馆】萃涣堂五宝茶 益本茶 男人茶养生茶 草本','【萃涣堂】五宝益本茶 男人茶买2送1五宝茶男人茶枸杞茶玛咖片黄精男肾茶老公八宝茶养生茶 做性福的男人',19.00,'/upload/goods_img/特色美食/5db3b8d6c8481.jpg',1572059535,0,1),(132,'萃涣堂蒲公英茶专柜','【滨州馆】寻味山东新鲜现做手工 滨州黑芝麻红枣饼核桃 枸杞传统工艺 香甜可口 10g独立装包邮','寻味山东 新鲜现做手工滨州黑芝麻红枣饼核桃 枸杞传统工艺 香甜可口 10g独立装包邮',1.00,'/upload/goods_img/特色美食/5db3b8d6cc302.jpg',1572059535,0,1),(133,'正江食品专营店','寿全斋  红枣姜茶 姜茶 12g*10条','',25.00,'/upload/goods_img/特色美食/5db3b8d6debe7.jpg',1572059535,0,1),(134,'阿坝州理县地方扶贫馆','四川浓香菜籽油 5升农家非转基因5l纯菜子粮油食用油约10斤植物油','2019新油，滴滴香浓，四川非转基因纯菜籽油',66.00,'/upload/goods_img/特色美食/5db3b8d6f246b.jpg',1572059535,0,1),(135,'千岛湖品牌农产品馆','千岛湖 千岛渔娘 糍粑（4味）200g','买二赠一 糍粑',15.00,'/upload/goods_img/特色美食/5db3b8d706ecd.jpg',1572059535,0,1),(136,'萃涣堂蒲公英茶专柜','【滨州馆】萃涣堂 金菊饮 菊花枸杞茶 菊花茶叶贡菊散装杭枸杞菊花茶非解毒去火清热凉茶','【滨州馆】萃涣堂 金菊饮 菊花枸杞茶 菊花茶叶贡菊散装杭枸杞菊花茶非解毒去火清热凉茶',0.50,'/upload/goods_img/特色美食/5db3b8d713dd8.jpg',1572059535,0,1),(137,'果蔻食品专营店','果蔻 每日坚果B款20g/包简装无礼盒成人儿童孕妇混合果仁坚果零食大礼包','科学配比  营养美味',1.39,'/upload/goods_img/特色美食/5db3b8d729985.jpg',1572059535,0,1),(138,'萃涣堂蒲公英茶专柜','【滨州馆】萃涣堂 黑苦荞茶 5克/袋 苦荞茶正品 大凉山','【滨州馆】萃涣堂 黑苦荞茶 5克/袋 苦荞茶正品 大凉山',0.50,'/upload/goods_img/特色美食/5db3b8d736890.jpg',1572059535,0,1),(139,'佳林院红枣旗舰店','【0.4元/袋佳林院泡茶煮粥煲汤枣圈】山东特产乐陵红枣每袋约12克袋装50袋起拍包邮部分偏远地区除外','佳林院品牌装，泡茶煮粥枣圈，拼团价0.4元/袋，每袋约12克装，50袋起拍，食用方便，经济实惠！',0.40,'/upload/goods_img/特色美食/5db3b8d798327.jpg',1572059535,0,1),(140,'果蔻食品专营店','果蔻 每日坚果25g*1包成人儿童孕妇混合坚果混合果仁小吃零食','',1.65,'/upload/goods_img/特色美食/5db3b8d7aa43b.jpg',1572059535,0,1),(141,'萃涣堂蒲公英茶专柜','【滨州馆】红枣黑糖姜茶大姨妈水姜糖女老姜块生姜姜汁姜汤红糖姜枣茶小袋装25克/袋','姜味浓,红枣多,顺畅暖暖,效果杠杠“冬吃萝卜夏吃姜。”传统组方真材实料。',0.90,'/upload/goods_img/特色美食/5db3b8dab8392.jpg',1572059535,0,1),(142,'南阳专区专营店','南阳西峡现摘金桃黄心猕猴桃15枚 （单枚60g-90g）买一送一 共30枚，合并发一箱','买一赠一活动',19.90,'/upload/goods_img/特色美食/5db3b8dac3745.jpg',1572059535,0,1),(143,'果然好口福专柜','宁 福吉 5斤起拍新疆原味生核桃新货 特产薄皮核桃 坚果炒货休闲零食包邮','新疆薄皮核桃  送夹子',9.90,'/upload/goods_img/特色美食/5db3b8daea466.jpg',1572059535,0,1),(144,'刘陶生鲜旗舰店','刘陶 福建红肉柚子红心蜜柚8.5-9.5斤（3-4个装） 新鲜水果2','',25.50,'/upload/goods_img/特色美食/5db3b8db3a40e.jpg',1572059535,0,1),(145,'丹东邮政农特产品专营店','2019年丹东新鲜板栗4斤东北农家生板栗毛栗子现摘栗子应季水果干','',19.90,'/upload/goods_img/特色美食/5db3b8db3a7f6.jpg',1572059535,0,1),(146,'果然好口福专柜','宁福吉 新疆和田大枣煲粥枣500克包邮','',6.60,'/upload/goods_img/特色美食/5db3b8db578d5.jpg',1572059535,0,1),(147,'小呆妞旗舰店','预售小呆妞四川蒲江金艳黄心猕猴桃90-110g中果24枚 72内小时发货','关于售后：签收24小时内后台申请退款请提供坏果和快递单合照，会根据实际损坏赔付',27.90,'/upload/goods_img/特色美食/5db3b8db63c28.jpg',1572059535,0,1),(148,'萃涣堂蒲公英茶专柜','萃涣堂茉莉绿茶三角茶包袋茉莉花茶小袋装绿茶袋泡冷泡茶包伴手礼花茶茶包组合玫瑰茉莉绿茶袋泡三','萃涣堂茉莉绿茶三角茶包袋茉莉花茶小袋装绿茶袋泡冷泡茶包',0.90,'/upload/goods_img/特色美食/5db3b8db71303.jpg',1572059535,0,1),(149,'丹东邮政农特产品专营店','新鲜现挖番薯红黄心密署农家自种蒸煮粉糯香甜沙地地瓜烤烟署5斤','',16.80,'/upload/goods_img/特色美食/5db3b8db862f8.jpg',1572059535,0,1),(150,'川锅壹号旗舰店','川锅壹号辣白菜228g韩国泡菜下饭菜正宗朝鲜口味拌饭菜版面菜','酸辣可口 老少皆宜',5.90,'/upload/goods_img/特色美食/5db3b8dbcdf79.jpg',1572059535,0,1),(151,'福香御旗舰店','福香御 慢生长2018东北大米雪花米10斤真空包邮色选米','初霜收割，180天慢生长周期，30天鲜磨直达，大米胚乳含量极为丰富，口感软糯香甜。',27.90,'/upload/goods_img/特色美食/5db3b8dbdb26c.jpg',1572059535,0,1),(152,'兰州鲜合苑百合特产店专营店','现包现发100%新鲜正宗兰州市七里河区产兰州鲜百合3年生兰州百合农家甜百合，约16颗百合一斤','兰州鲜百合，无任何添加剂，宝宝也可以放心食用',19.90,'/upload/goods_img/特色美食/5db3b8dbe8d2f.jpg',1572059535,0,1),(153,'当季鲜果','黄金奇异果12枚包邮（中果70-90克，拍2件多送6枚，合并发30枚）金艳黄心猕猴桃新鲜水果','快递随机，不能指定快递，下单后72小时内发货，下雨天顺延，购买前请阅读售后要求，介意慎拍',9.90,'/upload/goods_img/特色美食/5db3b8dc0be0c.jpg',1572059535,0,1),(154,'丹东邮政农特产品专营店','东北特产老品种大米  凤城蓝乡生态米 10斤 珍珠米 非蟹田','东北特产老品种大米  凤城蓝乡生态米 10斤 珍珠米 非蟹田',28.80,'/upload/goods_img/特色美食/5db3b8dc17d77.jpg',1572059535,0,1),(155,'川锅壹号旗舰店','川锅壹号蟹黄酱拌饭酱秃黄油拌面酱蟹粉酱蟹黄膏酱料即食螃蟹酱','金脂香软 经典美味',9.90,'/upload/goods_img/特色美食/5db3b8dc2c59c.jpg',1572059535,0,1),(156,'刘陶生鲜旗舰店','刘陶 云南昭通丑苹果5斤大果（13-15个）新鲜水果','拼团的亲想更加快的发货，尽量和已经开团的亲拼团购买',27.00,'/upload/goods_img/特色美食/5db3b8dc365c6.jpg',1572059535,0,1),(157,'福香御旗舰店','福香御 大米5kg装2018新米圆粒珍珠米寿司香米秋田小町农家东北大米包邮','',29.99,'/upload/goods_img/特色美食/5db3b8de5a091.jpg',1572059535,0,1),(158,'刘陶生鲜旗舰店','刘陶 云南石林人生果圆果净果5斤（25-35个）大果新鲜水果2','拼团的亲想更加快的发货，尽量和已经开团的亲拼团购买',25.00,'/upload/goods_img/特色美食/5db3b8de6ec9e.jpg',1572059535,0,1),(159,'刘陶生鲜旗舰店','刘陶 福建红肉柚子红心蜜柚8.5-9.5斤（3-4个装） 新鲜水果特卖','',25.50,'/upload/goods_img/特色美食/5db3b8de7ac09.jpg',1572059535,0,1),(160,'萃涣堂蒲公英茶专柜','【萃涣堂】 蜜桃乌龙茶  水果茶 三角包共蜜桃白桃乌龙茶袋泡花茶包花','新品上市!独立三角袋泡茶,携带冲泡更便捷!【萃涣堂】 蜜桃乌龙茶 水果茶 三角包',0.90,'/upload/goods_img/特色美食/5db3b8de97517.jpg',1572059535,0,1),(161,'信酷小米专营店','小米/MIUI 小米电视4S 43英寸人工智能语音网络平板电视 1GB+8GB HDR 4K超高清','金属机身',1.00,'/upload/goods_img/大家电/5db3b89a8d174.jpg',1572059510,0,2),(162,'邮乐安阳馆','【汤阴县积分用户专享】洗衣机XpB—126-9896S','',1.00,'/upload/goods_img/大家电/5db3b89a9f288.jpg',1578206762,0,2),(163,'海信电器旗舰店','海信（Hisense）HZ39E35A 39英寸高清手机交互 轻薄金属 WIFI人工智能液晶电视机','',1.00,'/upload/goods_img/大家电/5db3b89ab61bd.jpg',1572059510,0,2),(164,'邮滋味如皋馆专柜','创维9公斤变频滚筒洗衣机  型号：F9015NC-炫金   如皋免费送货上门，南通包邮，华东地区配货','创维洗衣机，安全健康专家，免费上门安装，绝对优惠，每月线下更有现场特惠活动',1.00,'/upload/goods_img/大家电/5db3b89b52437.jpg',1572059510,0,2),(165,'邮滋味如皋馆专柜','创维2P定频立式柜机，型号：KFR-50LW/F2DA1A-3（限如皋地区免费送货上门安装）','创维定频空调，免费上门安装，绝对优惠，每月更有现场特惠活动',4.00,'/upload/goods_img/大家电/5db3b89b6e95e.jpg',1572059510,0,2),(166,'创维电视官方旗舰店','创维/SKYWORTH 58H8M 58英寸4K超高清全面屏防蓝光人工智能语音HDR超薄网络液晶电视','4K超高清，声像自然，一场声觉革新，视觉体验，光学防蓝光，护眼不偏色',3.00,'/upload/goods_img/大家电/5db3b89b79d10.jpg',1572059510,0,2),(167,'邮乐洛阳','【洛阳金融积分兑换】TCL 205升 三门电冰箱 （星空银） BC（邮政网点配送）','',1.00,'/upload/goods_img/大家电/5db3b89bc11c1.jpg',1572059510,0,2),(168,'邮滋味如皋馆专柜','创维9公斤全自动波轮洗衣机，型号XQB90-52BAS淡雅银如皋免费送货上门，南通包邮，华东地区配送','创维家电大品牌，安全可靠，夏季特惠；每月现场有特惠活动',1.00,'/upload/goods_img/大家电/5db3b89bcfc24.jpg',1572059510,0,2),(169,'信阳邮约会','【限信阳地区积分兑换专用，不对外销售】家用洗衣机，图片仅供参考','',1.00,'/upload/goods_img/大家电/5db3b89be0d98.jpg',1572059510,0,2),(170,'邮乐安阳馆','【滑县积分用户专享】创维电器洗衣机9公斤波轮安阳','',1.00,'/upload/goods_img/大家电/5db3b89bee474.jpg',1572059510,0,2),(171,'邮乐安阳馆','美菱3开门冰箱BCD-209M3CX【汤阴县积分兑换专用，其他下单不发货】','',1.00,'/upload/goods_img/大家电/5db3b89c06586.jpg',1572059510,0,2),(172,'邮乐安阳馆','美菱电冰箱209L3CS【安阳县积分兑换用户专用，其他地区发】','',1.00,'/upload/goods_img/大家电/5db3b89c16f2a.jpg',1572059510,0,2),(173,'信阳邮约会','【限信阳地区积分兑换专用，不对外销售】自动洗衣机 家用洗衣机，图片仅供参考','',2.00,'/upload/goods_img/大家电/5db3b89c22e95.jpg',1572059510,0,2),(174,'邮乐安阳馆','【滑县积分用户专享】创维电器电视50寸4K智能安阳','',3.00,'/upload/goods_img/大家电/5db3b89c2bb37.jpg',1572059510,0,2),(175,'邮乐安阳馆','【安阳县积分用户专享】长虹液晶电视55U1','',3.00,'/upload/goods_img/大家电/5db3b89f48109.jpg',1572059510,0,2),(176,'海信电器旗舰店','海信（Hisense）HZ32E30D 32英寸蓝光高清平板液晶电视机 酒店宾馆卧室推荐','【海信今日限时特惠-到手价788元！】限量200台！抢完即止！',749.00,'/upload/goods_img/大家电/5db3b89f51194.jpg',1572059510,0,2),(177,'邮滋味如皋馆专柜','邮乐特卖：庭美家用消毒柜    型号：YTP-280    如皋免费送货上门，南通包邮，华东地区配送','庭美消毒柜，安全可靠，邮乐特惠；每月现场有特惠活动——18862731238',755.00,'/upload/goods_img/大家电/5db3b89f5ec57.jpg',1572059510,0,2),(178,'吉舜诚商城专柜','飞利浦（PHILIPS）  19英寸液晶电视机 显示器两用 hdmi高清接口','19PFF2650',799.00,'/upload/goods_img/大家电/5db3b89fb14ba.jpg',1572059510,0,2),(179,'创维集团官方旗舰店','创维/SKYWORTH 32X3 32英寸窄边非智能老人机蓝光高清节能LED平板液晶电视机工程机','蓝光高清，经典窄边，节能液晶，简单好用，谁用谁知道，实用耐用款',799.00,'/upload/goods_img/大家电/5db3b89fc8fa8.jpg',1572059510,0,2),(180,'吉舜诚商城专柜','飞利浦（PHILIPS）22英寸LED高清液晶平板电视机含底座 黑色','22PFF2650/T3',899.00,'/upload/goods_img/大家电/5db3b89fd917b.jpg',1572059510,0,2),(181,'创维集团官方旗舰店','创维/SKYWORTH 32X6 32英寸10核窄边高清 人工智能 网络WIFI 卧室液晶平板电视机','超值钜惠，高清智能电视，WIFI，酷开系统，10核处理器',899.00,'/upload/goods_img/大家电/5db3b89fe6086.jpg',1572059510,0,2),(182,'海信电器旗舰店','海信 (Hisense) HZ32E35A 32英寸AI智能WIFI 轻薄金属 卧室神器高清电视机','',899.00,'/upload/goods_img/大家电/5db3b8a0004c2.jpg',1572059510,0,2),(183,'邮滋味如皋馆专柜','创维邮乐特卖： 32寸液晶电视机，型号：32E381S   如皋免费送货上门，南通包邮，华东地区配货','创维液晶电视大品牌，夏季特惠；每月现场有特惠活动',899.00,'/upload/goods_img/大家电/5db3b8a01be30.jpg',1572059510,0,2),(184,'琥麟电器专柜','海信 XQB60-H3568 6公斤全自动波轮洗衣机','',749.00,'/upload/goods_img/大家电/5db3b8a0279b3.jpg',1572059510,0,2),(185,'邮滋味如皋馆专柜','创维7公斤全自动波轮洗衣机，型号：XQB70-21C淡雅银，如皋免费送货上门，南通包邮，华东地区配送','创维家电大品牌，安全可靠，邮乐特惠；每月现场有特惠活动——18862731238',928.00,'/upload/goods_img/大家电/5db3b8a0367fe.jpg',1572059510,0,2),(186,'邮滋味如皋馆专柜','创维单冷冰柜，型号：BD/C-160雅白，如皋地区免费送货上门安装，南通地区包邮，华东地区配货','创维冰柜，安全健康专家，免费上门安装，绝对优惠，每月线下更有现场特惠活动',999.00,'/upload/goods_img/大家电/5db3b8a042f39.jpg',1572059510,0,2),(187,'创维集团官方旗舰店','创维（SKYWORTH）32H5 32英寸高清HDR 护眼全面屏 AI人工智能语音 网络WIFI 卧','高清HDR 护眼全面屏 AI人工智能语音 网络WIFI',999.00,'/upload/goods_img/大家电/5db3b8a0511cd.jpg',1572059510,0,2),(188,'邮滋味如皋馆专柜','创维/SKYWORTH热水器，型号：DSZF-D5501-80，如皋免费送货上门，南通包邮 创维/','创维家电大品牌，安全可靠，邮乐特惠；每月现场有特惠活动——18862731238',999.00,'/upload/goods_img/大家电/5db3b8a07389d.jpg',1572059510,0,2),(189,'琥麟电器专柜','Hisense/海信 HB80DA332G8KG公斤大容量家用全自动节能波轮洗衣机','',899.00,'/upload/goods_img/大家电/5db3b8a386615.jpg',1572059510,0,2),(190,'琥麟电器专柜','海信 BCD-163N/B 冰柜冷藏冷冻双温家用商用小型卧式','',999.00,'/upload/goods_img/大家电/5db3b8a390a27.jpg',1572059510,0,2),(191,'吉舜诚商城专柜','东芝（TOSHIBA）  32英寸 蓝光液晶电视 高清平板电视机 东芝电视机','32L1500C',1.00,'/upload/goods_img/大家电/5db3b8a69aafd.jpg',1572059510,0,2),(192,'创维集团官方旗舰店','创维/SKYWORTH 40X6 40英寸10核窄边高清 人工智能 网络WIFI 卧室液晶平板电视机','超值钜惠！高清智能，10核处理器，可以WIFI上网',1.00,'/upload/goods_img/大家电/5db3b8a9a6b14.jpg',1572059510,0,2),(193,'甲子商城旗舰店','康佳/KONKA  LED39E330C 39英寸卧室电视高清蓝光节能平板液晶电视','',949.00,'/upload/goods_img/大家电/5db3b8a9b22ae.jpg',1572059510,0,2),(194,'邮乐赣州馆','【不支持邮乐卡支付】创维-彩电-40E1C 40英寸全高清HDR 护眼全面屏 AI人工智能语音','',1.00,'/upload/goods_img/大家电/5db3b8a9cf38d.jpg',1572059510,0,2),(195,'琥麟电器专柜','海信 BCD-177F/Q 177升 双门冰箱','',1.00,'/upload/goods_img/大家电/5db3b8a9f0abd.jpg',1572059510,0,2),(196,'创维集团官方旗舰店','创维/SKYWORTH 43X6 43英寸10核窄边高清 人工智能 网络WIFI 卧室液晶平板电视机','【买电视选创维】高清智能，10核处理器，质量上乘，价格厚道，可以Wifi上网',1.00,'/upload/goods_img/大家电/5db3b8aa1b4b4.jpg',1572059510,0,2),(197,'创维集团官方旗舰店','创维（SKYWORTH）40H5 40英寸全高清HDR 护眼全面屏 AI人工智能语音 网络WIFI','全高清HDR 护眼全面屏 AI人工智能语音',1.00,'/upload/goods_img/大家电/5db3b8aa26c4f.jpg',1572059510,0,2),(198,'邮乐安阳馆','市区积分用户专享】创维平板电视32X6','',1.00,'/upload/goods_img/大家电/5db3b8aa31c19.jpg',1572059510,0,2),(199,'吉舜诚商城专柜','飞利浦（PHILIPS）32英寸新品高清LED电视 接口丰富窄边高清LED液晶平板电视机','32PHF3282/T3',1.00,'/upload/goods_img/大家电/5db3b8aa3b85c.jpg',1572059510,0,2),(200,'琥麟电器专柜','海信 BD/BC-308NU/A 冰柜家用 顶开式卧式商用冷藏冷冻柜','',1.00,'/upload/goods_img/大家电/5db3b8aa4931f.jpg',1572059510,0,2),(201,'明凰服饰专营店','男女冲锋衣工装棉服外套修身加厚款','邮乐支持微信，支付宝，网银，邮储卡和银联卡支付。（不同商品请分开下单）',85.00,'/upload/goods_img/户外服饰/5db3b8b22c022.jpg',1572059516,0,2),(202,'户外途量工厂专卖店','春夏季运动风衣钓鱼防晒衣男女超薄透气皮肤衣防风外套户外速干潮流衣服情侣款皮肤衣','大码骑行长袖',29.90,'/upload/goods_img/户外服饰/5db3b8b23604c.jpg',1572059516,0,2),(203,'探路者正江专卖店','探路者/TOREAD 冲锋裤 运动裤 秋冬户外软壳裤男透气防风保暖徒步裤KAMG91159','',428.00,'/upload/goods_img/户外服饰/5db3b8b25312b.jpg',1572059516,0,2),(204,'探路者正江专卖店','探路者运动服 探路者冲锋衣 19秋冬户外女式防水透湿套绒冲锋衣TAWH92285','',839.00,'/upload/goods_img/户外服饰/5db3b8b25d925.jpg',1572059516,0,2),(205,'好看哒专营店','防晒衣女中长款薄款防晒服','FSY-6387',45.00,'/upload/goods_img/户外服饰/5db3b8b56628b.jpg',1572059516,0,2),(206,'宝仕母婴专营店专柜','L户外皮肤衣防紫外线防晒衣男女夏季超薄透气防晒服运动风衣','',75.00,'/upload/goods_img/户外服饰/5db3b8b573966.jpg',1572059516,0,2),(207,'好看哒专营店','防晒衣女夏季新款韩版连帽系带长袖防晒衣糖果色沙滩户外披肩防晒衣','FSY-54',19.90,'/upload/goods_img/户外服饰/5db3b8b88f380.jpg',1572059516,0,2),(208,'户外途量工厂专卖店','户外速干T恤男 女休闲跑步运动健身短袖大码情侣快干衣排汗透气','',22.80,'/upload/goods_img/户外服饰/5db3b8b8abc8f.jpg',1572059516,0,2),(209,'好看哒专营店','防晒衣 户外薄款防紫外线印花防晒衣','FSY-1736',25.00,'/upload/goods_img/户外服饰/5db3b8b8c0c84.jpg',1572059516,0,2),(210,'好看哒专营店','防晒衣夏季女蝙蝠袖连帽拉链短款防晒衣','FSY-5423',35.00,'/upload/goods_img/户外服饰/5db3b8b9b16a1.jpg',1572059516,0,2),(211,'好看哒专营店','防晒衣男士薄款纯色连帽防晒衣','FSY-4167',35.00,'/upload/goods_img/户外服饰/5db3b8b9bbe9c.jpg',1572059516,0,2),(212,'户外途量工厂专卖店','城徒 户外春夏单层冲锋衣女防晒衣男轻薄防风钓鱼服透气速干外套长袖衫','',35.80,'/upload/goods_img/户外服饰/5db3b8ba1b847.jpg',1572059516,0,2),(213,'好看哒专营店','防晒衣韩版短款薄款连帽长袖防晒衣','FSY-5439',36.00,'/upload/goods_img/户外服饰/5db3b8ba72314.jpg',1572059516,0,2),(214,'好看哒专营店','防晒衣女中长款涂鸦薄款防晒衣','FSY-5282',36.00,'/upload/goods_img/户外服饰/5db3b8ba99fd5.jpg',1572059516,0,2),(215,'好看哒专营店','防晒衣女中长款薄款防晒衣','FSY-5456',37.90,'/upload/goods_img/户外服饰/5db3b8baa8e20.jpg',1572059516,0,2),(216,'户外途量工厂专卖店','秋冬户外男抓绒衣摇粒绒女外套保暖冲锋衣内胆开衫卫衣','',39.00,'/upload/goods_img/户外服饰/5db3b8bab267b.jpg',1572059516,0,2),(217,'户外途量工厂专卖店','户外秋冬季加绒加厚抓绒衣男女摇粒绒保暖抓绒外套开衫冲锋衣内胆','',49.00,'/upload/goods_img/户外服饰/5db3b8bae0cb5.jpg',1572059516,0,2),(218,'江门新会馆','【江门新会馆】caxa断码 两截速干裤女 韩版修身透气徒步快干裤野外登山跑步长裤','',50.00,'/upload/goods_img/户外服饰/5db3b8baf06b9.jpg',1572059516,0,2),(219,'宝仕母婴专营店专柜','L夏季休闲短裤男宽松5分中裤子男士运动五分裤大码跑步速干沙滩裤','',55.00,'/upload/goods_img/户外服饰/5db3b8bb2ba54.jpg',1572059516,0,2),(220,'江门新会馆','【江门新会馆】caxa修身户外健身速干裤女 快干弹力透气登山大码长裤 弹力户外裤','',60.00,'/upload/goods_img/户外服饰/5db3b8bb513ed.jpg',1572059516,0,2),(221,'探路者正江专卖店','探路者/TOREADt恤女户外夏季快干速干透气运动服TAJG82984','',61.00,'/upload/goods_img/户外服饰/5db3b8bb5ac47.jpg',1572059516,0,2),(222,'铁好家居美妆日用百货专营店','佳钓尼 夏遮阳防晒帽套头面罩透气防紫外线渔夫帽','',48.00,'/upload/goods_img/户外服饰/5db3b8bb8e0a3.jpg',1572059516,0,2),(223,'宝仕母婴专营店专柜','防晒衣男女情侣春夏季防雨风衣超薄透气速干钓鱼防晒服户外皮肤衣MN','',69.00,'/upload/goods_img/户外服饰/5db3b8bb9f9e7.jpg',1572059516,0,2),(224,'户外途量工厂专卖店','城徒 春夏季速干裤男女大码轻薄快干透气户外修身显瘦弹力冲锋裤','',69.00,'/upload/goods_img/户外服饰/5db3b8bbb3e24.jpg',1572059516,0,2),(225,'宝仕母婴专营店专柜','L运动户外夏季速干t恤 男女短袖速干衣快干t恤 吸汗透气','',69.00,'/upload/goods_img/户外服饰/5db3b8bbe33ff.jpg',1572059516,0,2),(226,'宝仕母婴专营店专柜','L健身房教练速干T恤男女 圆领情侣夏季短袖汗衫','',69.00,'/upload/goods_img/户外服饰/5db3b8bc1bca2.jpg',1572059516,0,2),(227,'户外途量工厂专卖店','城徒 冬季正品户外冲锋裤男女抓绒裤保暖防风防水加厚软壳裤登山裤长裤','',75.00,'/upload/goods_img/户外服饰/5db3b8bc42dab.jpg',1572059516,0,2),(228,'江门新会馆','【江门新会馆】caxa修身弹力女款休闲棉裤 户外休闲快干长裤 女士跑步登山健身裤','',78.00,'/upload/goods_img/户外服饰/5db3b8bc96997.jpg',1572059516,0,2),(229,'江门新会馆','【江门新会馆】caxa休闲修身速干裤 透气轻薄运动裤耐磨健身户外裤多袋裤七分裤','',78.00,'/upload/goods_img/户外服饰/5db3b8bcac92c.jpg',1572059516,0,2),(230,'探路者正江专卖店','探路者/TOREAD 运动服 短袖户外女运动跑步排汗透气圆领速干T恤TAJF82784','',78.00,'/upload/goods_img/户外服饰/5db3b8bcc53b9.jpg',1572059516,0,2),(231,'户外途量工厂专卖店','冲锋裤男户外秋冬防风防水软壳裤女加绒加厚抓绒裤保暖徒步登山裤','',79.00,'/upload/goods_img/户外服饰/5db3b8bd362c1.jpg',1572059516,0,2),(232,'探路者正江专卖店','探路者/TOREADT恤女 夏户外女式超轻透气速干衣圆领T恤短袖KAJG82352','',99.00,'/upload/goods_img/户外服饰/5db3b8bd44554.jpg',1572059516,0,2),(233,'探路者正江专卖店','探路者/TOREAD 短袖 18春夏新款户外女式圆领速干透气印花短袖T恤TAJG82939','',99.00,'/upload/goods_img/户外服饰/5db3b8bd602ab.jpg',1572059516,0,2),(234,'探路者正江专卖店','探路者/TOREAD夏新款户外运动透气弹力速干女式半袖短袖T恤KAJG82310','',99.00,'/upload/goods_img/户外服饰/5db3b8be68f86.jpg',1572059516,0,2),(235,'探路者正江专卖店','探路者/TOREAD T恤女款 秋季户外短袖女时尚速干透气短袖T恤TAJG82938','',99.00,'/upload/goods_img/户外服饰/5db3b8be96a09.jpg',1572059516,0,2),(236,'洋湖轩榭官方旗舰店','洋湖轩榭 春秋季新款中老年男装连帽冲锋衣爸爸装休闲夹克衫外套男A','钜惠双十一 感恩惠顾',126.42,'/upload/goods_img/户外服饰/5db3b8bea6025.jpg',1572059516,0,2),(237,'南城百货专营店','秋冬季加绒加厚冲锋衣男女三合一可拆卸两件套防水户外情侣登山服','秋冬季加绒加厚冲锋衣男女三合一可拆卸两件套防水户外情侣登山服',158.00,'/upload/goods_img/户外服饰/5db3b8bede68a.jpg',1572059516,0,2),(238,'正江服饰专营店','包邮韵格NT1021男士紧身训练PRO运动健身跑步长袖弹力速干服纯色衣服','',59.00,'/upload/goods_img/户外服饰/5db3b8beeb97d.jpg',1572059516,0,2),(239,'流行饰品运动户外器械','汤河店 户外冲锋裤男女可脱卸秋冬季加绒加厚保暖软壳防风防水登山滑雪裤','',179.00,'/upload/goods_img/户外服饰/5db3b8bf07cf9.jpg',1572059516,0,2),(240,'流行饰品运动户外器械','汤河店 韩国正品vvc防晒衣女经典薄夏季中长款防晒服户外防紫外线皮肤衣','',499.00,'/upload/goods_img/户外服饰/5db3b8bf2bf21.jpg',1572059516,0,2),(241,'乐颐汇数码专营店','荣耀10青春版 幻彩渐变 2400万AI自拍 全网通版4GB+64GB','2400万AI高清自拍，麒麟710处理器，炫光渐变色',989.00,'/upload/goods_img/手机数码/5db3b8700e46c.jpg',1572059524,0,2),(242,'乐颐汇数码专营店','华为/HUAWEI 畅享9 手机 全网通 4GB+128GB','6.26英寸珍珠屏 4000mAh大电池',1099.00,'/upload/goods_img/手机数码/5db3b8731cf7b.jpg',1572059524,0,2),(243,'米果商贸专柜','折叠式平板电脑支架底座懒人手机支架【颜色随机发货】','',9.90,'/upload/goods_img/手机数码/5db3b87337179.jpg',1572059524,0,2),(244,'邮乐韵菲专营店','（亏本促销）车载手机支架双面吸盘式家居懒人多功能通用可弯曲创意手机支架','',1.00,'/upload/goods_img/手机数码/5db3b87345fc4.jpg',1572059524,0,2),(245,'麦尚科技专营店','手机支架懒人支架卡通创意平板电脑桌面支撑座【款式随机】','',9.90,'/upload/goods_img/手机数码/5db3b8734f81e.jpg',1572059524,0,2),(246,'邮乐韵菲专营店','无线蓝牙耳机迷你超小苹果安卓通用耳机','送两条充电线+一个收纳盒',15.90,'/upload/goods_img/手机数码/5db3b873b60d7.jpg',1572059524,0,2),(247,'万品好易购商城','XO NB23 八角宝石锌合金数据线','产品颜色：黑色  白色 宝石外观 不拘一格;  锌合金 更出色；  2.4A极速充电，高效传输文件',49.00,'/upload/goods_img/手机数码/5db3b873bf931.jpg',1572059524,0,2),(248,'万品好易购商城','XO F1 户外Mini蓝牙音箱 经典挂扣 防水 防尘/防摔 抗干扰性强 无线链接 免提通话','音量调节/音乐播放、暂停/上下曲切换 语音报号/来电铃声/数据输出/直读SD卡',99.00,'/upload/goods_img/手机数码/5db3b873d7806.jpg',1572059524,0,2),(249,'万品好易购商城','XO  PB39 移动电源 8000mAh','8000mAh大容量 双输出带LED灯  ； 电源保护, 好用更安全； 智能分流 高效输出',119.00,'/upload/goods_img/手机数码/5db3b8740878f.jpg',1572059524,0,2),(250,'万品好易购商城','XO BS8 运动蓝牙耳机源于经典 加以升级 鲨鱼鳍耳翼 舒适牢固','源于经典 加以升级； 鲨鱼鳍耳翼 舒适牢固 ； 无惧雨水  防水防汗； 蓝牙4.2版本，深度降噪',169.00,'/upload/goods_img/手机数码/5db3b87419133.jpg',1572059524,0,2),(251,'万品好易购商城','XO BS7 运动蓝牙耳机 深度降噪 通话更清晰 轻松操控 随意切换','强劲的CSR芯片 提升续航能力； 蓝牙4.1版本，深度降噪，通话更清晰； 霍尔磁控开关，智能感应',199.00,'/upload/goods_img/手机数码/5db3b8742586e.jpg',1572059524,0,2),(252,'万品好易购商城','XO A8 蓝牙音箱 智能触控 自由切换 大容量电池 可连续播放约4-6小时 土豪金 星空银 银色','智能触控，自由切换； 内置1000毫安聚合物电池，全频高清喇叭+低音振膜,可连续播放约4-6小时',169.00,'/upload/goods_img/手机数码/5db3b874390f2.jpg',1572059524,0,2),(253,'普润家居专营店','oppo蓝牙耳机迷你vivo超小隐形运动通用华为无线耳塞超长待机开车','',79.00,'/upload/goods_img/手机数码/5db3b874496ae.jpg',1572059524,0,2),(254,'木易生活专柜','2米超长  美能格  苹果安卓Type-C数据线 2.4A快充电线','2米超长  美能格  苹果安卓Type-C数据线 2.4A快充电线',12.90,'/upload/goods_img/手机数码/5db3b874588e2.jpg',1572059524,0,2),(255,'木易生活专柜','沃晟伦蓝牙耳机M165蓝牙耳机入耳式商务车载便携式4.1*','沃晟伦蓝牙耳机M165蓝牙耳机入耳式商务车载便携式4.1',15.90,'/upload/goods_img/手机数码/5db3b8746c166.jpg',1572059524,0,2),(256,'北京信酷数码商城专柜','iPhone 苹果原装充电器套装/数据线+充电头电源适配器 通用型','【全国包邮】 充电套装更优惠',69.00,'/upload/goods_img/手机数码/5db3b874784b9.jpg',1572059524,0,2),(257,'小牛数码家居专柜','飞利浦/PHILIPS 多功能可伸缩车载手机支架DLK35002','多功能可伸缩车载手机支架',68.00,'/upload/goods_img/手机数码/5db3b87484bf4.jpg',1572059524,0,2),(258,'北京信酷数码商城专柜','苹果 iphone X /XS MAX/XS/XR/钢化膜 全屏全覆盖 手机贴膜','',19.00,'/upload/goods_img/手机数码/5db3b87493e28.jpg',1572059524,0,2),(259,'邮乐萍乡馆','南孚(NANFU)3V纽扣电池两粒 CR2032/CR2025/CR2016锂电池电子汽车钥匙遥控','奔驰c200l福特 新蒙迪欧 高尔夫7 新马自达昂克赛拉阿特兹 手表奔驰大众汽车钥匙电池',9.90,'/upload/goods_img/手机数码/5db3b874a670c.jpg',1572059524,0,2),(260,'信酷小米专营店','小米（MI） 车载充电器快充版 QC3.0 双口输出 智能温度控制 兼容iOS和Android设备','小米正品 全国包邮',89.00,'/upload/goods_img/手机数码/5db3b874b8050.jpg',1572059524,0,2),(261,'北京信酷数码商城专柜','苹果 iPhone6/6S/6Plus/6SPlus/iPhone7/7P防爆钢化玻璃膜高清手机贴膜','进口AGC玻璃板！超薄钢化玻璃膜！秒杀国产玻璃！',26.00,'/upload/goods_img/手机数码/5db3b874c207b.jpg',1572059524,0,2),(262,'北京信酷数码商城专柜','OPPO手机原装耳机R11/PLUS入耳式线控r11s/r15耳机 白色盒装','',38.80,'/upload/goods_img/手机数码/5db3b874d31ef.jpg',1572059524,0,2),(263,'北京信酷数码商城专柜','华为（HUAWEI）小天鹅无线蓝牙免提通话音箱4.0 便携户外/车载迷你音响AM08','音·触即发！360°音效技术，音质真实自然，简洁触控操作，支持蓝牙免提通话。',95.00,'/upload/goods_img/手机数码/5db3b874e280a.jpg',1572059524,0,2),(264,'北京信酷数码商城专柜','三星 32G内存卡(CLASS10 48MB/s)  手机内存卡32g MicroSD存储卡','正品行货 支持专柜验货 实行三包政策 轻放心购买',95.00,'/upload/goods_img/手机数码/5db3b874edfa5.jpg',1572059524,0,2),(265,'北京信酷数码商城专柜','华为/HUAWEI 华为快速充电套装 4.5V/5A充电头+type-c线  华为充电器','支持p20/mate10/9pro/p10plus荣耀10/v10/note10等机型',98.00,'/upload/goods_img/手机数码/5db3b87504947.jpg',1572059524,0,2),(266,'北京信酷数码商城专柜','小米（MI）小米手环2（黑色）智能运动 防水 心率监测 计步器 久坐提醒','正品行货 全国包邮',159.00,'/upload/goods_img/手机数码/5db3b875133ab.jpg',1572059524,0,2),(267,'信酷小米专营店','小米活塞耳机 清新版 黑色 蓝色 入耳式手机耳机 通用耳麦','小米正品 全国包邮',45.00,'/upload/goods_img/手机数码/5db3b8751ef2e.jpg',1572059524,0,2),(268,'信酷小米专营店','小米支架式自拍杆 灰色 黑色 蓝牙遥控迷你便携带三脚架多功能','小米正品 全国包邮',105.00,'/upload/goods_img/手机数码/5db3b875327b2.jpg',1572059524,0,2),(269,'信酷小米专营店','小米（MI）方盒子蓝牙音箱2 无线迷你随身户外便携客厅家用小音响','小米正品 全国包邮',149.00,'/upload/goods_img/手机数码/5db3b87546807.jpg',1572059524,0,2),(270,'信酷小米专营店','小米（MI）小米运动蓝牙耳机mini 黑色白色 无线蓝牙入耳式运动耳机','小米正品 全国包邮',169.00,'/upload/goods_img/手机数码/5db3b8755a85b.jpg',1572059524,0,2),(271,'信酷小米专营店','小米（MI）小钢炮2代 无线蓝牙便携音箱','小米正品 全国包邮',139.00,'/upload/goods_img/手机数码/5db3b87564c6e.jpg',1572059524,0,2),(272,'铁好家居美妆日用百货专营店','公牛BULL 独立3孔位2USB创意魔方插座 1.5米线GN-UUB122【热卖推荐】','立体集成结构 小巧轻便 五重保护',67.00,'/upload/goods_img/手机数码/5db3b87575612.jpg',1572059524,0,2),(273,'九洲科瑞数码专营店','华为 HUAWEI 畅享9 Plus 4GB+128GB','',1.00,'/upload/goods_img/手机数码/5db3b8758639e.jpg',1572059524,0,2),(274,'九洲科瑞数码专营店','华为HUAWEI nova4 4800万超广角三摄8GB+128GB','',2.00,'/upload/goods_img/手机数码/5db3b875932a9.jpg',1572059524,0,2),(275,'九洲科瑞数码专营店','华为 HUAWEI P30 Pro 徕卡四摄10倍混合变焦麒麟980芯片屏内指纹 8GB+128G','',4.00,'/upload/goods_img/手机数码/5db3b8759d6bb.jpg',1572059524,0,2),(276,'邮乐萍乡馆','南孚 安卓数据线 NF-LM001 小米华为OPPO三星vivo充电器通用','',9.90,'/upload/goods_img/手机数码/5db3b875a923e.jpg',1572059524,0,2),(277,'铁好家电数码专营店','公牛BULL 二合一苹果lighting+micro USB数据线GN-J81N【热卖推荐】','MFi官方认证，快速充电，抗折断',69.00,'/upload/goods_img/手机数码/5db3b875b2e80.jpg',1572059524,0,2),(278,'邮乐萍乡馆','南孚(NANFU)LR6AA聚能环 5号+7号碱性干电池【共4粒装】','',9.90,'/upload/goods_img/手机数码/5db3b875be233.jpg',1572059524,0,2),(279,'岳灵生活专营店','南孚手机充电宝 10000毫安大容量礼盒装NFCT10','',169.00,'/upload/goods_img/手机数码/5db3b875cad56.jpg',1572059524,0,2),(280,'邮乐萍乡馆','南孚(NANFU)LR03AAA聚能环7号电池碱性干电池12粒装儿童玩具遥控器赛车闹钟智能门锁电池','AAA干电池持久电力家用',27.80,'/upload/goods_img/手机数码/5db3b875d3610.jpg',1572059524,0,2),(281,'中国农垦官方旗舰店','买2份送一份【中国农垦】黑龙江北大荒  支豆浆粉早餐豆浆粉 非转基因大豆 五谷豆浆粉28g*10袋','早餐豆粉买2份送一份',18.00,'/upload/goods_img/特色美食/5db3b8d338ebc.jpg',1572059535,0,2),(282,'中国农垦官方旗舰店','【中国农垦】黑龙江 北大荒支装豆浆粉（醇豆浆、红枣味可选） 非转基因大豆','早餐豆粉买2份送一份',15.00,'/upload/goods_img/特色美食/5db3b8d3432ce.jpg',1572059535,0,2),(283,'牛牛食品专营店','(8月新货)蒙牛小真果粒125ml*20盒草莓味果粒酸奶小胖丁迷你装','8月份的新货,超好喝，儿童，果粒，健康营养，',22.70,'/upload/goods_img/特色美食/5db3b8d34deb1.jpg',1572059535,0,2),(284,'中国农垦官方旗舰店','【中国农垦】黑龙江 北大荒 支装豆浆粉 麦香甜豆浆粉 28g*10袋','早餐豆粉买2份送一份',15.00,'/upload/goods_img/特色美食/5db3b8d3651ce.jpg',1572059535,0,2),(285,'禾煜食品旗舰店','禾煜 黄冰糖418g包  冰糖土冰糖  煲汤食材','黄冰糖买2送1',15.00,'/upload/goods_img/特色美食/5db3b8d66e304.jpg',1572059535,0,2),(286,'新农哥旗舰店','【新农哥】板栗仁108gx4袋  休闲零食小吃','',26.90,'/upload/goods_img/特色美食/5db3b8d6832f9.jpg',1572059535,0,2),(287,'新农哥旗舰店','新农哥 每日坚果 混合果仁 缤纷坚果仁175g*2盒  休闲零食','缤纷美味 一吃钟情',59.90,'/upload/goods_img/特色美食/5db3b8d68e2c4.jpg',1572059535,0,2),(288,'众天蜂蜜邮乐农品旗舰店','众天山花蜂蜜500g','秦岭深处 百花酿造而成 最受欢迎的蜂蜜 性价比极高！',19.90,'/upload/goods_img/特色美食/5db3b8d6a2ed1.jpg',1572059535,0,2),(289,'中国农垦官方旗舰店','【中国农垦】黑龙江 北大荒 非转基因大豆 豆浆粉 红枣豆浆粉28g*10袋','早餐豆粉买2份送一份',18.00,'/upload/goods_img/特色美食/5db3b8d6ae283.jpg',1572059535,0,2),(290,'考拉小哥专营店','薛小贱 每日坚果25g*1包','厂家直供、7种混合、日期新鲜',1.66,'/upload/goods_img/特色美食/5db3b8d6b8e66.jpg',1572059535,0,2),(291,'萃涣堂蒲公英茶专柜','【滨州馆】萃涣堂五宝茶 益本茶 男人茶养生茶 草本','【萃涣堂】五宝益本茶 男人茶买2送1五宝茶男人茶枸杞茶玛咖片黄精男肾茶老公八宝茶养生茶 做性福的男人',19.00,'/upload/goods_img/特色美食/5db3b8d6c8481.jpg',1572059535,0,2),(292,'萃涣堂蒲公英茶专柜','【滨州馆】寻味山东新鲜现做手工 滨州黑芝麻红枣饼核桃 枸杞传统工艺 香甜可口 10g独立装包邮','寻味山东 新鲜现做手工滨州黑芝麻红枣饼核桃 枸杞传统工艺 香甜可口 10g独立装包邮',1.00,'/upload/goods_img/特色美食/5db3b8d6cc302.jpg',1572059535,0,2),(293,'正江食品专营店','寿全斋  红枣姜茶 姜茶 12g*10条','',25.00,'/upload/goods_img/特色美食/5db3b8d6debe7.jpg',1572059535,0,2),(294,'阿坝州理县地方扶贫馆','四川浓香菜籽油 5升农家非转基因5l纯菜子粮油食用油约10斤植物油','2019新油，滴滴香浓，四川非转基因纯菜籽油',66.00,'/upload/goods_img/特色美食/5db3b8d6f246b.jpg',1572059535,0,2),(295,'千岛湖品牌农产品馆','千岛湖 千岛渔娘 糍粑（4味）200g','买二赠一 糍粑',15.00,'/upload/goods_img/特色美食/5db3b8d706ecd.jpg',1572059535,0,2),(296,'萃涣堂蒲公英茶专柜','【滨州馆】萃涣堂 金菊饮 菊花枸杞茶 菊花茶叶贡菊散装杭枸杞菊花茶非解毒去火清热凉茶','【滨州馆】萃涣堂 金菊饮 菊花枸杞茶 菊花茶叶贡菊散装杭枸杞菊花茶非解毒去火清热凉茶',0.50,'/upload/goods_img/特色美食/5db3b8d713dd8.jpg',1572059535,0,2),(297,'果蔻食品专营店','果蔻 每日坚果B款20g/包简装无礼盒成人儿童孕妇混合果仁坚果零食大礼包','科学配比  营养美味',1.39,'/upload/goods_img/特色美食/5db3b8d729985.jpg',1572059535,0,2),(298,'萃涣堂蒲公英茶专柜','【滨州馆】萃涣堂 黑苦荞茶 5克/袋 苦荞茶正品 大凉山','【滨州馆】萃涣堂 黑苦荞茶 5克/袋 苦荞茶正品 大凉山',0.50,'/upload/goods_img/特色美食/5db3b8d736890.jpg',1572059535,0,2),(299,'佳林院红枣旗舰店','【0.4元/袋佳林院泡茶煮粥煲汤枣圈】山东特产乐陵红枣每袋约12克袋装50袋起拍包邮部分偏远地区除外','佳林院品牌装，泡茶煮粥枣圈，拼团价0.4元/袋，每袋约12克装，50袋起拍，食用方便，经济实惠！',0.40,'/upload/goods_img/特色美食/5db3b8d798327.jpg',1572059535,0,2),(300,'果蔻食品专营店','果蔻 每日坚果25g*1包成人儿童孕妇混合坚果混合果仁小吃零食','',1.65,'/upload/goods_img/特色美食/5db3b8d7aa43b.jpg',1572059535,0,2),(301,'萃涣堂蒲公英茶专柜','【滨州馆】红枣黑糖姜茶大姨妈水姜糖女老姜块生姜姜汁姜汤红糖姜枣茶小袋装25克/袋','姜味浓,红枣多,顺畅暖暖,效果杠杠“冬吃萝卜夏吃姜。”传统组方真材实料。',0.90,'/upload/goods_img/特色美食/5db3b8dab8392.jpg',1572059535,0,2),(302,'南阳专区专营店','南阳西峡现摘金桃黄心猕猴桃15枚 （单枚60g-90g）买一送一 共30枚，合并发一箱','买一赠一活动',19.90,'/upload/goods_img/特色美食/5db3b8dac3745.jpg',1572059535,0,2),(303,'果然好口福专柜','宁 福吉 5斤起拍新疆原味生核桃新货 特产薄皮核桃 坚果炒货休闲零食包邮','新疆薄皮核桃  送夹子',9.90,'/upload/goods_img/特色美食/5db3b8daea466.jpg',1572059535,0,2),(304,'刘陶生鲜旗舰店','刘陶 福建红肉柚子红心蜜柚8.5-9.5斤（3-4个装） 新鲜水果2','',25.50,'/upload/goods_img/特色美食/5db3b8db3a40e.jpg',1572059535,0,2),(305,'丹东邮政农特产品专营店','2019年丹东新鲜板栗4斤东北农家生板栗毛栗子现摘栗子应季水果干','',19.90,'/upload/goods_img/特色美食/5db3b8db3a7f6.jpg',1572059535,0,2),(306,'果然好口福专柜','宁福吉 新疆和田大枣煲粥枣500克包邮','',6.60,'/upload/goods_img/特色美食/5db3b8db578d5.jpg',1572059535,0,2),(307,'小呆妞旗舰店','预售小呆妞四川蒲江金艳黄心猕猴桃90-110g中果24枚 72内小时发货','关于售后：签收24小时内后台申请退款请提供坏果和快递单合照，会根据实际损坏赔付',27.90,'/upload/goods_img/特色美食/5db3b8db63c28.jpg',1572059535,0,2),(308,'萃涣堂蒲公英茶专柜','萃涣堂茉莉绿茶三角茶包袋茉莉花茶小袋装绿茶袋泡冷泡茶包伴手礼花茶茶包组合玫瑰茉莉绿茶袋泡三','萃涣堂茉莉绿茶三角茶包袋茉莉花茶小袋装绿茶袋泡冷泡茶包',0.90,'/upload/goods_img/特色美食/5db3b8db71303.jpg',1572059535,0,2),(309,'丹东邮政农特产品专营店','新鲜现挖番薯红黄心密署农家自种蒸煮粉糯香甜沙地地瓜烤烟署5斤','',16.80,'/upload/goods_img/特色美食/5db3b8db862f8.jpg',1572059535,0,2),(310,'川锅壹号旗舰店','川锅壹号辣白菜228g韩国泡菜下饭菜正宗朝鲜口味拌饭菜版面菜','酸辣可口 老少皆宜',5.90,'/upload/goods_img/特色美食/5db3b8dbcdf79.jpg',1572059535,0,2),(311,'福香御旗舰店','福香御 慢生长2018东北大米雪花米10斤真空包邮色选米','初霜收割，180天慢生长周期，30天鲜磨直达，大米胚乳含量极为丰富，口感软糯香甜。',27.90,'/upload/goods_img/特色美食/5db3b8dbdb26c.jpg',1572059535,0,2),(312,'兰州鲜合苑百合特产店专营店','现包现发100%新鲜正宗兰州市七里河区产兰州鲜百合3年生兰州百合农家甜百合，约16颗百合一斤','兰州鲜百合，无任何添加剂，宝宝也可以放心食用',19.90,'/upload/goods_img/特色美食/5db3b8dbe8d2f.jpg',1572059535,0,2),(313,'当季鲜果','黄金奇异果12枚包邮（中果70-90克，拍2件多送6枚，合并发30枚）金艳黄心猕猴桃新鲜水果','快递随机，不能指定快递，下单后72小时内发货，下雨天顺延，购买前请阅读售后要求，介意慎拍',9.90,'/upload/goods_img/特色美食/5db3b8dc0be0c.jpg',1572059535,0,2),(314,'丹东邮政农特产品专营店','东北特产老品种大米  凤城蓝乡生态米 10斤 珍珠米 非蟹田','东北特产老品种大米  凤城蓝乡生态米 10斤 珍珠米 非蟹田',28.80,'/upload/goods_img/特色美食/5db3b8dc17d77.jpg',1572059535,0,2),(315,'川锅壹号旗舰店','川锅壹号蟹黄酱拌饭酱秃黄油拌面酱蟹粉酱蟹黄膏酱料即食螃蟹酱','金脂香软 经典美味',9.90,'/upload/goods_img/特色美食/5db3b8dc2c59c.jpg',1572059535,0,2),(316,'刘陶生鲜旗舰店','刘陶 云南昭通丑苹果5斤大果（13-15个）新鲜水果','拼团的亲想更加快的发货，尽量和已经开团的亲拼团购买',27.00,'/upload/goods_img/特色美食/5db3b8dc365c6.jpg',1572059535,0,2),(317,'福香御旗舰店','福香御 大米5kg装2018新米圆粒珍珠米寿司香米秋田小町农家东北大米包邮','',29.99,'/upload/goods_img/特色美食/5db3b8de5a091.jpg',1572059535,0,2),(318,'刘陶生鲜旗舰店','刘陶 云南石林人生果圆果净果5斤（25-35个）大果新鲜水果2','拼团的亲想更加快的发货，尽量和已经开团的亲拼团购买',25.00,'/upload/goods_img/特色美食/5db3b8de6ec9e.jpg',1572059535,0,2),(319,'刘陶生鲜旗舰店','刘陶 福建红肉柚子红心蜜柚8.5-9.5斤（3-4个装） 新鲜水果特卖','',25.50,'/upload/goods_img/特色美食/5db3b8de7ac09.jpg',1572059535,0,2),(320,'萃涣堂蒲公英茶专柜','【萃涣堂】 蜜桃乌龙茶  水果茶 三角包共蜜桃白桃乌龙茶袋泡花茶包花','新品上市!独立三角袋泡茶,携带冲泡更便捷!【萃涣堂】 蜜桃乌龙茶 水果茶 三角包',0.90,'/upload/goods_img/特色美食/5db3b8de97517.jpg',1572059535,0,2),(321,'信酷小米专营店','小米/MIUI 小米电视4S 43英寸人工智能语音网络平板电视 1GB+8GB HDR 4K超高清','金属机身',1.00,'/upload/goods_img/大家电/5db3b89a8d174.jpg',1572059510,0,3),(322,'邮乐安阳馆','【汤阴县积分用户专享】洗衣机XpB—126-9896S','',1.00,'/upload/goods_img/大家电/5db3b89a9f288.jpg',1578206762,0,3),(323,'海信电器旗舰店','海信（Hisense）HZ39E35A 39英寸高清手机交互 轻薄金属 WIFI人工智能液晶电视机','',1.00,'/upload/goods_img/大家电/5db3b89ab61bd.jpg',1572059510,0,3),(324,'邮滋味如皋馆专柜','创维9公斤变频滚筒洗衣机  型号：F9015NC-炫金   如皋免费送货上门，南通包邮，华东地区配货','创维洗衣机，安全健康专家，免费上门安装，绝对优惠，每月线下更有现场特惠活动',1.00,'/upload/goods_img/大家电/5db3b89b52437.jpg',1572059510,0,3),(325,'邮滋味如皋馆专柜','创维2P定频立式柜机，型号：KFR-50LW/F2DA1A-3（限如皋地区免费送货上门安装）','创维定频空调，免费上门安装，绝对优惠，每月更有现场特惠活动',4.00,'/upload/goods_img/大家电/5db3b89b6e95e.jpg',1572059510,0,3),(326,'创维电视官方旗舰店','创维/SKYWORTH 58H8M 58英寸4K超高清全面屏防蓝光人工智能语音HDR超薄网络液晶电视','4K超高清，声像自然，一场声觉革新，视觉体验，光学防蓝光，护眼不偏色',3.00,'/upload/goods_img/大家电/5db3b89b79d10.jpg',1572059510,0,3),(327,'邮乐洛阳','【洛阳金融积分兑换】TCL 205升 三门电冰箱 （星空银） BC（邮政网点配送）','',1.00,'/upload/goods_img/大家电/5db3b89bc11c1.jpg',1572059510,0,3),(328,'邮滋味如皋馆专柜','创维9公斤全自动波轮洗衣机，型号XQB90-52BAS淡雅银如皋免费送货上门，南通包邮，华东地区配送','创维家电大品牌，安全可靠，夏季特惠；每月现场有特惠活动',1.00,'/upload/goods_img/大家电/5db3b89bcfc24.jpg',1572059510,0,3),(329,'信阳邮约会','【限信阳地区积分兑换专用，不对外销售】家用洗衣机，图片仅供参考','',1.00,'/upload/goods_img/大家电/5db3b89be0d98.jpg',1572059510,0,3),(330,'邮乐安阳馆','【滑县积分用户专享】创维电器洗衣机9公斤波轮安阳','',1.00,'/upload/goods_img/大家电/5db3b89bee474.jpg',1572059510,0,3),(331,'邮乐安阳馆','美菱3开门冰箱BCD-209M3CX【汤阴县积分兑换专用，其他下单不发货】','',1.00,'/upload/goods_img/大家电/5db3b89c06586.jpg',1572059510,0,3),(332,'邮乐安阳馆','美菱电冰箱209L3CS【安阳县积分兑换用户专用，其他地区发】','',1.00,'/upload/goods_img/大家电/5db3b89c16f2a.jpg',1572059510,0,3),(333,'信阳邮约会','【限信阳地区积分兑换专用，不对外销售】自动洗衣机 家用洗衣机，图片仅供参考','',2.00,'/upload/goods_img/大家电/5db3b89c22e95.jpg',1572059510,0,3),(334,'邮乐安阳馆','【滑县积分用户专享】创维电器电视50寸4K智能安阳','',3.00,'/upload/goods_img/大家电/5db3b89c2bb37.jpg',1572059510,0,3),(335,'邮乐安阳馆','【安阳县积分用户专享】长虹液晶电视55U1','',3.00,'/upload/goods_img/大家电/5db3b89f48109.jpg',1572059510,0,3),(336,'海信电器旗舰店','海信（Hisense）HZ32E30D 32英寸蓝光高清平板液晶电视机 酒店宾馆卧室推荐','【海信今日限时特惠-到手价788元！】限量200台！抢完即止！',749.00,'/upload/goods_img/大家电/5db3b89f51194.jpg',1572059510,0,3),(337,'邮滋味如皋馆专柜','邮乐特卖：庭美家用消毒柜    型号：YTP-280    如皋免费送货上门，南通包邮，华东地区配送','庭美消毒柜，安全可靠，邮乐特惠；每月现场有特惠活动——18862731238',755.00,'/upload/goods_img/大家电/5db3b89f5ec57.jpg',1572059510,0,3),(338,'吉舜诚商城专柜','飞利浦（PHILIPS）  19英寸液晶电视机 显示器两用 hdmi高清接口','19PFF2650',799.00,'/upload/goods_img/大家电/5db3b89fb14ba.jpg',1572059510,0,3),(339,'创维集团官方旗舰店','创维/SKYWORTH 32X3 32英寸窄边非智能老人机蓝光高清节能LED平板液晶电视机工程机','蓝光高清，经典窄边，节能液晶，简单好用，谁用谁知道，实用耐用款',799.00,'/upload/goods_img/大家电/5db3b89fc8fa8.jpg',1572059510,0,3),(340,'吉舜诚商城专柜','飞利浦（PHILIPS）22英寸LED高清液晶平板电视机含底座 黑色','22PFF2650/T3',899.00,'/upload/goods_img/大家电/5db3b89fd917b.jpg',1572059510,0,3),(341,'创维集团官方旗舰店','创维/SKYWORTH 32X6 32英寸10核窄边高清 人工智能 网络WIFI 卧室液晶平板电视机','超值钜惠，高清智能电视，WIFI，酷开系统，10核处理器',899.00,'/upload/goods_img/大家电/5db3b89fe6086.jpg',1572059510,0,3),(342,'海信电器旗舰店','海信 (Hisense) HZ32E35A 32英寸AI智能WIFI 轻薄金属 卧室神器高清电视机','',899.00,'/upload/goods_img/大家电/5db3b8a0004c2.jpg',1572059510,0,3),(343,'邮滋味如皋馆专柜','创维邮乐特卖： 32寸液晶电视机，型号：32E381S   如皋免费送货上门，南通包邮，华东地区配货','创维液晶电视大品牌，夏季特惠；每月现场有特惠活动',899.00,'/upload/goods_img/大家电/5db3b8a01be30.jpg',1572059510,0,3),(344,'琥麟电器专柜','海信 XQB60-H3568 6公斤全自动波轮洗衣机','',749.00,'/upload/goods_img/大家电/5db3b8a0279b3.jpg',1572059510,0,3),(345,'邮滋味如皋馆专柜','创维7公斤全自动波轮洗衣机，型号：XQB70-21C淡雅银，如皋免费送货上门，南通包邮，华东地区配送','创维家电大品牌，安全可靠，邮乐特惠；每月现场有特惠活动——18862731238',928.00,'/upload/goods_img/大家电/5db3b8a0367fe.jpg',1572059510,0,3),(346,'邮滋味如皋馆专柜','创维单冷冰柜，型号：BD/C-160雅白，如皋地区免费送货上门安装，南通地区包邮，华东地区配货','创维冰柜，安全健康专家，免费上门安装，绝对优惠，每月线下更有现场特惠活动',999.00,'/upload/goods_img/大家电/5db3b8a042f39.jpg',1572059510,0,3),(347,'创维集团官方旗舰店','创维（SKYWORTH）32H5 32英寸高清HDR 护眼全面屏 AI人工智能语音 网络WIFI 卧','高清HDR 护眼全面屏 AI人工智能语音 网络WIFI',999.00,'/upload/goods_img/大家电/5db3b8a0511cd.jpg',1572059510,0,3),(348,'邮滋味如皋馆专柜','创维/SKYWORTH热水器，型号：DSZF-D5501-80，如皋免费送货上门，南通包邮 创维/','创维家电大品牌，安全可靠，邮乐特惠；每月现场有特惠活动——18862731238',999.00,'/upload/goods_img/大家电/5db3b8a07389d.jpg',1572059510,0,3),(349,'琥麟电器专柜','Hisense/海信 HB80DA332G8KG公斤大容量家用全自动节能波轮洗衣机','',899.00,'/upload/goods_img/大家电/5db3b8a386615.jpg',1572059510,0,3),(350,'琥麟电器专柜','海信 BCD-163N/B 冰柜冷藏冷冻双温家用商用小型卧式','',999.00,'/upload/goods_img/大家电/5db3b8a390a27.jpg',1572059510,0,3),(351,'吉舜诚商城专柜','东芝（TOSHIBA）  32英寸 蓝光液晶电视 高清平板电视机 东芝电视机','32L1500C',1.00,'/upload/goods_img/大家电/5db3b8a69aafd.jpg',1572059510,0,3),(352,'创维集团官方旗舰店','创维/SKYWORTH 40X6 40英寸10核窄边高清 人工智能 网络WIFI 卧室液晶平板电视机','超值钜惠！高清智能，10核处理器，可以WIFI上网',1.00,'/upload/goods_img/大家电/5db3b8a9a6b14.jpg',1572059510,0,3),(353,'甲子商城旗舰店','康佳/KONKA  LED39E330C 39英寸卧室电视高清蓝光节能平板液晶电视','',949.00,'/upload/goods_img/大家电/5db3b8a9b22ae.jpg',1572059510,0,3),(354,'邮乐赣州馆','【不支持邮乐卡支付】创维-彩电-40E1C 40英寸全高清HDR 护眼全面屏 AI人工智能语音','',1.00,'/upload/goods_img/大家电/5db3b8a9cf38d.jpg',1572059510,0,3),(355,'琥麟电器专柜','海信 BCD-177F/Q 177升 双门冰箱','',1.00,'/upload/goods_img/大家电/5db3b8a9f0abd.jpg',1572059510,0,3),(356,'创维集团官方旗舰店','创维/SKYWORTH 43X6 43英寸10核窄边高清 人工智能 网络WIFI 卧室液晶平板电视机','【买电视选创维】高清智能，10核处理器，质量上乘，价格厚道，可以Wifi上网',1.00,'/upload/goods_img/大家电/5db3b8aa1b4b4.jpg',1572059510,0,3),(357,'创维集团官方旗舰店','创维（SKYWORTH）40H5 40英寸全高清HDR 护眼全面屏 AI人工智能语音 网络WIFI','全高清HDR 护眼全面屏 AI人工智能语音',1.00,'/upload/goods_img/大家电/5db3b8aa26c4f.jpg',1572059510,0,3),(358,'邮乐安阳馆','市区积分用户专享】创维平板电视32X6','',1.00,'/upload/goods_img/大家电/5db3b8aa31c19.jpg',1572059510,0,3),(359,'吉舜诚商城专柜','飞利浦（PHILIPS）32英寸新品高清LED电视 接口丰富窄边高清LED液晶平板电视机','32PHF3282/T3',1.00,'/upload/goods_img/大家电/5db3b8aa3b85c.jpg',1572059510,0,3),(360,'琥麟电器专柜','海信 BD/BC-308NU/A 冰柜家用 顶开式卧式商用冷藏冷冻柜','',1.00,'/upload/goods_img/大家电/5db3b8aa4931f.jpg',1572059510,0,3),(361,'明凰服饰专营店','男女冲锋衣工装棉服外套修身加厚款','邮乐支持微信，支付宝，网银，邮储卡和银联卡支付。（不同商品请分开下单）',85.00,'/upload/goods_img/户外服饰/5db3b8b22c022.jpg',1572059516,0,3),(362,'户外途量工厂专卖店','春夏季运动风衣钓鱼防晒衣男女超薄透气皮肤衣防风外套户外速干潮流衣服情侣款皮肤衣','大码骑行长袖',29.90,'/upload/goods_img/户外服饰/5db3b8b23604c.jpg',1572059516,0,3),(363,'探路者正江专卖店','探路者/TOREAD 冲锋裤 运动裤 秋冬户外软壳裤男透气防风保暖徒步裤KAMG91159','',428.00,'/upload/goods_img/户外服饰/5db3b8b25312b.jpg',1572059516,0,3),(364,'探路者正江专卖店','探路者运动服 探路者冲锋衣 19秋冬户外女式防水透湿套绒冲锋衣TAWH92285','',839.00,'/upload/goods_img/户外服饰/5db3b8b25d925.jpg',1572059516,0,3),(365,'好看哒专营店','防晒衣女中长款薄款防晒服','FSY-6387',45.00,'/upload/goods_img/户外服饰/5db3b8b56628b.jpg',1572059516,0,3),(366,'宝仕母婴专营店专柜','L户外皮肤衣防紫外线防晒衣男女夏季超薄透气防晒服运动风衣','',75.00,'/upload/goods_img/户外服饰/5db3b8b573966.jpg',1572059516,0,3),(367,'好看哒专营店','防晒衣女夏季新款韩版连帽系带长袖防晒衣糖果色沙滩户外披肩防晒衣','FSY-54',19.90,'/upload/goods_img/户外服饰/5db3b8b88f380.jpg',1572059516,0,3),(368,'户外途量工厂专卖店','户外速干T恤男 女休闲跑步运动健身短袖大码情侣快干衣排汗透气','',22.80,'/upload/goods_img/户外服饰/5db3b8b8abc8f.jpg',1572059516,0,3),(369,'好看哒专营店','防晒衣 户外薄款防紫外线印花防晒衣','FSY-1736',25.00,'/upload/goods_img/户外服饰/5db3b8b8c0c84.jpg',1572059516,0,3),(370,'好看哒专营店','防晒衣夏季女蝙蝠袖连帽拉链短款防晒衣','FSY-5423',35.00,'/upload/goods_img/户外服饰/5db3b8b9b16a1.jpg',1572059516,0,3),(371,'好看哒专营店','防晒衣男士薄款纯色连帽防晒衣','FSY-4167',35.00,'/upload/goods_img/户外服饰/5db3b8b9bbe9c.jpg',1572059516,0,3),(372,'户外途量工厂专卖店','城徒 户外春夏单层冲锋衣女防晒衣男轻薄防风钓鱼服透气速干外套长袖衫','',35.80,'/upload/goods_img/户外服饰/5db3b8ba1b847.jpg',1572059516,0,3),(373,'好看哒专营店','防晒衣韩版短款薄款连帽长袖防晒衣','FSY-5439',36.00,'/upload/goods_img/户外服饰/5db3b8ba72314.jpg',1572059516,0,3),(374,'好看哒专营店','防晒衣女中长款涂鸦薄款防晒衣','FSY-5282',36.00,'/upload/goods_img/户外服饰/5db3b8ba99fd5.jpg',1572059516,0,3),(375,'好看哒专营店','防晒衣女中长款薄款防晒衣','FSY-5456',37.90,'/upload/goods_img/户外服饰/5db3b8baa8e20.jpg',1572059516,0,3),(376,'户外途量工厂专卖店','秋冬户外男抓绒衣摇粒绒女外套保暖冲锋衣内胆开衫卫衣','',39.00,'/upload/goods_img/户外服饰/5db3b8bab267b.jpg',1572059516,0,3),(377,'户外途量工厂专卖店','户外秋冬季加绒加厚抓绒衣男女摇粒绒保暖抓绒外套开衫冲锋衣内胆','',49.00,'/upload/goods_img/户外服饰/5db3b8bae0cb5.jpg',1572059516,0,3),(378,'江门新会馆','【江门新会馆】caxa断码 两截速干裤女 韩版修身透气徒步快干裤野外登山跑步长裤','',50.00,'/upload/goods_img/户外服饰/5db3b8baf06b9.jpg',1572059516,0,3),(379,'宝仕母婴专营店专柜','L夏季休闲短裤男宽松5分中裤子男士运动五分裤大码跑步速干沙滩裤','',55.00,'/upload/goods_img/户外服饰/5db3b8bb2ba54.jpg',1572059516,0,3),(380,'江门新会馆','【江门新会馆】caxa修身户外健身速干裤女 快干弹力透气登山大码长裤 弹力户外裤','',60.00,'/upload/goods_img/户外服饰/5db3b8bb513ed.jpg',1572059516,0,3),(381,'探路者正江专卖店','探路者/TOREADt恤女户外夏季快干速干透气运动服TAJG82984','',61.00,'/upload/goods_img/户外服饰/5db3b8bb5ac47.jpg',1572059516,0,3),(382,'铁好家居美妆日用百货专营店','佳钓尼 夏遮阳防晒帽套头面罩透气防紫外线渔夫帽','',48.00,'/upload/goods_img/户外服饰/5db3b8bb8e0a3.jpg',1572059516,0,3),(383,'宝仕母婴专营店专柜','防晒衣男女情侣春夏季防雨风衣超薄透气速干钓鱼防晒服户外皮肤衣MN','',69.00,'/upload/goods_img/户外服饰/5db3b8bb9f9e7.jpg',1572059516,0,3),(384,'户外途量工厂专卖店','城徒 春夏季速干裤男女大码轻薄快干透气户外修身显瘦弹力冲锋裤','',69.00,'/upload/goods_img/户外服饰/5db3b8bbb3e24.jpg',1572059516,0,3),(385,'宝仕母婴专营店专柜','L运动户外夏季速干t恤 男女短袖速干衣快干t恤 吸汗透气','',69.00,'/upload/goods_img/户外服饰/5db3b8bbe33ff.jpg',1572059516,0,3),(386,'宝仕母婴专营店专柜','L健身房教练速干T恤男女 圆领情侣夏季短袖汗衫','',69.00,'/upload/goods_img/户外服饰/5db3b8bc1bca2.jpg',1572059516,0,3),(387,'户外途量工厂专卖店','城徒 冬季正品户外冲锋裤男女抓绒裤保暖防风防水加厚软壳裤登山裤长裤','',75.00,'/upload/goods_img/户外服饰/5db3b8bc42dab.jpg',1572059516,0,3),(388,'江门新会馆','【江门新会馆】caxa修身弹力女款休闲棉裤 户外休闲快干长裤 女士跑步登山健身裤','',78.00,'/upload/goods_img/户外服饰/5db3b8bc96997.jpg',1572059516,0,3),(389,'江门新会馆','【江门新会馆】caxa休闲修身速干裤 透气轻薄运动裤耐磨健身户外裤多袋裤七分裤','',78.00,'/upload/goods_img/户外服饰/5db3b8bcac92c.jpg',1572059516,0,3),(390,'探路者正江专卖店','探路者/TOREAD 运动服 短袖户外女运动跑步排汗透气圆领速干T恤TAJF82784','',78.00,'/upload/goods_img/户外服饰/5db3b8bcc53b9.jpg',1572059516,0,3),(391,'户外途量工厂专卖店','冲锋裤男户外秋冬防风防水软壳裤女加绒加厚抓绒裤保暖徒步登山裤','',79.00,'/upload/goods_img/户外服饰/5db3b8bd362c1.jpg',1572059516,0,3),(392,'探路者正江专卖店','探路者/TOREADT恤女 夏户外女式超轻透气速干衣圆领T恤短袖KAJG82352','',99.00,'/upload/goods_img/户外服饰/5db3b8bd44554.jpg',1572059516,0,3),(393,'探路者正江专卖店','探路者/TOREAD 短袖 18春夏新款户外女式圆领速干透气印花短袖T恤TAJG82939','',99.00,'/upload/goods_img/户外服饰/5db3b8bd602ab.jpg',1572059516,0,3),(394,'探路者正江专卖店','探路者/TOREAD夏新款户外运动透气弹力速干女式半袖短袖T恤KAJG82310','',99.00,'/upload/goods_img/户外服饰/5db3b8be68f86.jpg',1572059516,0,3),(395,'探路者正江专卖店','探路者/TOREAD T恤女款 秋季户外短袖女时尚速干透气短袖T恤TAJG82938','',99.00,'/upload/goods_img/户外服饰/5db3b8be96a09.jpg',1572059516,0,3),(396,'洋湖轩榭官方旗舰店','洋湖轩榭 春秋季新款中老年男装连帽冲锋衣爸爸装休闲夹克衫外套男A','钜惠双十一 感恩惠顾',126.42,'/upload/goods_img/户外服饰/5db3b8bea6025.jpg',1572059516,0,3),(397,'南城百货专营店','秋冬季加绒加厚冲锋衣男女三合一可拆卸两件套防水户外情侣登山服','秋冬季加绒加厚冲锋衣男女三合一可拆卸两件套防水户外情侣登山服',158.00,'/upload/goods_img/户外服饰/5db3b8bede68a.jpg',1572059516,0,3),(398,'正江服饰专营店','包邮韵格NT1021男士紧身训练PRO运动健身跑步长袖弹力速干服纯色衣服','',59.00,'/upload/goods_img/户外服饰/5db3b8beeb97d.jpg',1572059516,0,3),(399,'流行饰品运动户外器械','汤河店 户外冲锋裤男女可脱卸秋冬季加绒加厚保暖软壳防风防水登山滑雪裤','',179.00,'/upload/goods_img/户外服饰/5db3b8bf07cf9.jpg',1572059516,0,3),(400,'流行饰品运动户外器械','汤河店 韩国正品vvc防晒衣女经典薄夏季中长款防晒服户外防紫外线皮肤衣','',499.00,'/upload/goods_img/户外服饰/5db3b8bf2bf21.jpg',1572059516,0,3),(401,'乐颐汇数码专营店','荣耀10青春版 幻彩渐变 2400万AI自拍 全网通版4GB+64GB','2400万AI高清自拍，麒麟710处理器，炫光渐变色',989.00,'/upload/goods_img/手机数码/5db3b8700e46c.jpg',1572059524,0,3),(402,'乐颐汇数码专营店','华为/HUAWEI 畅享9 手机 全网通 4GB+128GB','6.26英寸珍珠屏 4000mAh大电池',1099.00,'/upload/goods_img/手机数码/5db3b8731cf7b.jpg',1572059524,0,3),(403,'米果商贸专柜','折叠式平板电脑支架底座懒人手机支架【颜色随机发货】','',9.90,'/upload/goods_img/手机数码/5db3b87337179.jpg',1572059524,0,3),(404,'邮乐韵菲专营店','（亏本促销）车载手机支架双面吸盘式家居懒人多功能通用可弯曲创意手机支架','',1.00,'/upload/goods_img/手机数码/5db3b87345fc4.jpg',1572059524,0,3),(405,'麦尚科技专营店','手机支架懒人支架卡通创意平板电脑桌面支撑座【款式随机】','',9.90,'/upload/goods_img/手机数码/5db3b8734f81e.jpg',1572059524,0,3),(406,'邮乐韵菲专营店','无线蓝牙耳机迷你超小苹果安卓通用耳机','送两条充电线+一个收纳盒',15.90,'/upload/goods_img/手机数码/5db3b873b60d7.jpg',1572059524,0,3),(407,'万品好易购商城','XO NB23 八角宝石锌合金数据线','产品颜色：黑色  白色 宝石外观 不拘一格;  锌合金 更出色；  2.4A极速充电，高效传输文件',49.00,'/upload/goods_img/手机数码/5db3b873bf931.jpg',1572059524,0,3),(408,'万品好易购商城','XO F1 户外Mini蓝牙音箱 经典挂扣 防水 防尘/防摔 抗干扰性强 无线链接 免提通话','音量调节/音乐播放、暂停/上下曲切换 语音报号/来电铃声/数据输出/直读SD卡',99.00,'/upload/goods_img/手机数码/5db3b873d7806.jpg',1572059524,0,3),(409,'万品好易购商城','XO  PB39 移动电源 8000mAh','8000mAh大容量 双输出带LED灯  ； 电源保护, 好用更安全； 智能分流 高效输出',119.00,'/upload/goods_img/手机数码/5db3b8740878f.jpg',1572059524,0,3),(410,'万品好易购商城','XO BS8 运动蓝牙耳机源于经典 加以升级 鲨鱼鳍耳翼 舒适牢固','源于经典 加以升级； 鲨鱼鳍耳翼 舒适牢固 ； 无惧雨水  防水防汗； 蓝牙4.2版本，深度降噪',169.00,'/upload/goods_img/手机数码/5db3b87419133.jpg',1572059524,0,3),(411,'万品好易购商城','XO BS7 运动蓝牙耳机 深度降噪 通话更清晰 轻松操控 随意切换','强劲的CSR芯片 提升续航能力； 蓝牙4.1版本，深度降噪，通话更清晰； 霍尔磁控开关，智能感应',199.00,'/upload/goods_img/手机数码/5db3b8742586e.jpg',1572059524,0,3),(412,'万品好易购商城','XO A8 蓝牙音箱 智能触控 自由切换 大容量电池 可连续播放约4-6小时 土豪金 星空银 银色','智能触控，自由切换； 内置1000毫安聚合物电池，全频高清喇叭+低音振膜,可连续播放约4-6小时',169.00,'/upload/goods_img/手机数码/5db3b874390f2.jpg',1572059524,0,3),(413,'普润家居专营店','oppo蓝牙耳机迷你vivo超小隐形运动通用华为无线耳塞超长待机开车','',79.00,'/upload/goods_img/手机数码/5db3b874496ae.jpg',1572059524,0,3),(414,'木易生活专柜','2米超长  美能格  苹果安卓Type-C数据线 2.4A快充电线','2米超长  美能格  苹果安卓Type-C数据线 2.4A快充电线',12.90,'/upload/goods_img/手机数码/5db3b874588e2.jpg',1572059524,0,3),(415,'木易生活专柜','沃晟伦蓝牙耳机M165蓝牙耳机入耳式商务车载便携式4.1*','沃晟伦蓝牙耳机M165蓝牙耳机入耳式商务车载便携式4.1',15.90,'/upload/goods_img/手机数码/5db3b8746c166.jpg',1572059524,0,3),(416,'北京信酷数码商城专柜','iPhone 苹果原装充电器套装/数据线+充电头电源适配器 通用型','【全国包邮】 充电套装更优惠',69.00,'/upload/goods_img/手机数码/5db3b874784b9.jpg',1572059524,0,3),(417,'小牛数码家居专柜','飞利浦/PHILIPS 多功能可伸缩车载手机支架DLK35002','多功能可伸缩车载手机支架',68.00,'/upload/goods_img/手机数码/5db3b87484bf4.jpg',1572059524,0,3),(418,'北京信酷数码商城专柜','苹果 iphone X /XS MAX/XS/XR/钢化膜 全屏全覆盖 手机贴膜','',19.00,'/upload/goods_img/手机数码/5db3b87493e28.jpg',1572059524,0,3),(419,'邮乐萍乡馆','南孚(NANFU)3V纽扣电池两粒 CR2032/CR2025/CR2016锂电池电子汽车钥匙遥控','奔驰c200l福特 新蒙迪欧 高尔夫7 新马自达昂克赛拉阿特兹 手表奔驰大众汽车钥匙电池',9.90,'/upload/goods_img/手机数码/5db3b874a670c.jpg',1572059524,0,3),(420,'信酷小米专营店','小米（MI） 车载充电器快充版 QC3.0 双口输出 智能温度控制 兼容iOS和Android设备','小米正品 全国包邮',89.00,'/upload/goods_img/手机数码/5db3b874b8050.jpg',1572059524,0,3),(421,'北京信酷数码商城专柜','苹果 iPhone6/6S/6Plus/6SPlus/iPhone7/7P防爆钢化玻璃膜高清手机贴膜','进口AGC玻璃板！超薄钢化玻璃膜！秒杀国产玻璃！',26.00,'/upload/goods_img/手机数码/5db3b874c207b.jpg',1572059524,0,3),(422,'北京信酷数码商城专柜','OPPO手机原装耳机R11/PLUS入耳式线控r11s/r15耳机 白色盒装','',38.80,'/upload/goods_img/手机数码/5db3b874d31ef.jpg',1572059524,0,3),(423,'北京信酷数码商城专柜','华为（HUAWEI）小天鹅无线蓝牙免提通话音箱4.0 便携户外/车载迷你音响AM08','音·触即发！360°音效技术，音质真实自然，简洁触控操作，支持蓝牙免提通话。',95.00,'/upload/goods_img/手机数码/5db3b874e280a.jpg',1572059524,0,3),(424,'北京信酷数码商城专柜','三星 32G内存卡(CLASS10 48MB/s)  手机内存卡32g MicroSD存储卡','正品行货 支持专柜验货 实行三包政策 轻放心购买',95.00,'/upload/goods_img/手机数码/5db3b874edfa5.jpg',1572059524,0,3),(425,'北京信酷数码商城专柜','华为/HUAWEI 华为快速充电套装 4.5V/5A充电头+type-c线  华为充电器','支持p20/mate10/9pro/p10plus荣耀10/v10/note10等机型',98.00,'/upload/goods_img/手机数码/5db3b87504947.jpg',1572059524,0,3),(426,'北京信酷数码商城专柜','小米（MI）小米手环2（黑色）智能运动 防水 心率监测 计步器 久坐提醒','正品行货 全国包邮',159.00,'/upload/goods_img/手机数码/5db3b875133ab.jpg',1572059524,0,3),(427,'信酷小米专营店','小米活塞耳机 清新版 黑色 蓝色 入耳式手机耳机 通用耳麦','小米正品 全国包邮',45.00,'/upload/goods_img/手机数码/5db3b8751ef2e.jpg',1572059524,0,3),(428,'信酷小米专营店','小米支架式自拍杆 灰色 黑色 蓝牙遥控迷你便携带三脚架多功能','小米正品 全国包邮',105.00,'/upload/goods_img/手机数码/5db3b875327b2.jpg',1572059524,0,3),(429,'信酷小米专营店','小米（MI）方盒子蓝牙音箱2 无线迷你随身户外便携客厅家用小音响','小米正品 全国包邮',149.00,'/upload/goods_img/手机数码/5db3b87546807.jpg',1572059524,0,3),(430,'信酷小米专营店','小米（MI）小米运动蓝牙耳机mini 黑色白色 无线蓝牙入耳式运动耳机','小米正品 全国包邮',169.00,'/upload/goods_img/手机数码/5db3b8755a85b.jpg',1572059524,0,3),(431,'信酷小米专营店','小米（MI）小钢炮2代 无线蓝牙便携音箱','小米正品 全国包邮',139.00,'/upload/goods_img/手机数码/5db3b87564c6e.jpg',1572059524,0,3),(432,'铁好家居美妆日用百货专营店','公牛BULL 独立3孔位2USB创意魔方插座 1.5米线GN-UUB122【热卖推荐】','立体集成结构 小巧轻便 五重保护',67.00,'/upload/goods_img/手机数码/5db3b87575612.jpg',1572059524,0,3),(433,'九洲科瑞数码专营店','华为 HUAWEI 畅享9 Plus 4GB+128GB','',1.00,'/upload/goods_img/手机数码/5db3b8758639e.jpg',1572059524,0,3),(434,'九洲科瑞数码专营店','华为HUAWEI nova4 4800万超广角三摄8GB+128GB','',2.00,'/upload/goods_img/手机数码/5db3b875932a9.jpg',1572059524,0,3),(435,'九洲科瑞数码专营店','华为 HUAWEI P30 Pro 徕卡四摄10倍混合变焦麒麟980芯片屏内指纹 8GB+128G','',4.00,'/upload/goods_img/手机数码/5db3b8759d6bb.jpg',1572059524,0,3),(436,'邮乐萍乡馆','南孚 安卓数据线 NF-LM001 小米华为OPPO三星vivo充电器通用','',9.90,'/upload/goods_img/手机数码/5db3b875a923e.jpg',1572059524,0,3),(437,'铁好家电数码专营店','公牛BULL 二合一苹果lighting+micro USB数据线GN-J81N【热卖推荐】','MFi官方认证，快速充电，抗折断',69.00,'/upload/goods_img/手机数码/5db3b875b2e80.jpg',1572059524,0,3),(438,'邮乐萍乡馆','南孚(NANFU)LR6AA聚能环 5号+7号碱性干电池【共4粒装】','',9.90,'/upload/goods_img/手机数码/5db3b875be233.jpg',1572059524,0,3),(439,'岳灵生活专营店','南孚手机充电宝 10000毫安大容量礼盒装NFCT10','',169.00,'/upload/goods_img/手机数码/5db3b875cad56.jpg',1572059524,0,3),(440,'邮乐萍乡馆','南孚(NANFU)LR03AAA聚能环7号电池碱性干电池12粒装儿童玩具遥控器赛车闹钟智能门锁电池','AAA干电池持久电力家用',27.80,'/upload/goods_img/手机数码/5db3b875d3610.jpg',1572059524,0,3),(441,'中国农垦官方旗舰店','买2份送一份【中国农垦】黑龙江北大荒  支豆浆粉早餐豆浆粉 非转基因大豆 五谷豆浆粉28g*10袋','早餐豆粉买2份送一份',18.00,'/upload/goods_img/特色美食/5db3b8d338ebc.jpg',1572059535,0,3),(442,'中国农垦官方旗舰店','【中国农垦】黑龙江 北大荒支装豆浆粉（醇豆浆、红枣味可选） 非转基因大豆','早餐豆粉买2份送一份',15.00,'/upload/goods_img/特色美食/5db3b8d3432ce.jpg',1572059535,0,3),(443,'牛牛食品专营店','(8月新货)蒙牛小真果粒125ml*20盒草莓味果粒酸奶小胖丁迷你装','8月份的新货,超好喝，儿童，果粒，健康营养，',22.70,'/upload/goods_img/特色美食/5db3b8d34deb1.jpg',1572059535,0,3),(444,'中国农垦官方旗舰店','【中国农垦】黑龙江 北大荒 支装豆浆粉 麦香甜豆浆粉 28g*10袋','早餐豆粉买2份送一份',15.00,'/upload/goods_img/特色美食/5db3b8d3651ce.jpg',1572059535,0,3),(445,'禾煜食品旗舰店','禾煜 黄冰糖418g包  冰糖土冰糖  煲汤食材','黄冰糖买2送1',15.00,'/upload/goods_img/特色美食/5db3b8d66e304.jpg',1572059535,0,3),(446,'新农哥旗舰店','【新农哥】板栗仁108gx4袋  休闲零食小吃','',26.90,'/upload/goods_img/特色美食/5db3b8d6832f9.jpg',1572059535,0,3),(447,'新农哥旗舰店','新农哥 每日坚果 混合果仁 缤纷坚果仁175g*2盒  休闲零食','缤纷美味 一吃钟情',59.90,'/upload/goods_img/特色美食/5db3b8d68e2c4.jpg',1572059535,0,3),(448,'众天蜂蜜邮乐农品旗舰店','众天山花蜂蜜500g','秦岭深处 百花酿造而成 最受欢迎的蜂蜜 性价比极高！',19.90,'/upload/goods_img/特色美食/5db3b8d6a2ed1.jpg',1572059535,0,3),(449,'中国农垦官方旗舰店','【中国农垦】黑龙江 北大荒 非转基因大豆 豆浆粉 红枣豆浆粉28g*10袋','早餐豆粉买2份送一份',18.00,'/upload/goods_img/特色美食/5db3b8d6ae283.jpg',1572059535,0,3),(450,'考拉小哥专营店','薛小贱 每日坚果25g*1包','厂家直供、7种混合、日期新鲜',1.66,'/upload/goods_img/特色美食/5db3b8d6b8e66.jpg',1572059535,0,3),(451,'萃涣堂蒲公英茶专柜','【滨州馆】萃涣堂五宝茶 益本茶 男人茶养生茶 草本','【萃涣堂】五宝益本茶 男人茶买2送1五宝茶男人茶枸杞茶玛咖片黄精男肾茶老公八宝茶养生茶 做性福的男人',19.00,'/upload/goods_img/特色美食/5db3b8d6c8481.jpg',1572059535,0,3),(452,'萃涣堂蒲公英茶专柜','【滨州馆】寻味山东新鲜现做手工 滨州黑芝麻红枣饼核桃 枸杞传统工艺 香甜可口 10g独立装包邮','寻味山东 新鲜现做手工滨州黑芝麻红枣饼核桃 枸杞传统工艺 香甜可口 10g独立装包邮',1.00,'/upload/goods_img/特色美食/5db3b8d6cc302.jpg',1572059535,0,3),(453,'正江食品专营店','寿全斋  红枣姜茶 姜茶 12g*10条','',25.00,'/upload/goods_img/特色美食/5db3b8d6debe7.jpg',1572059535,0,3),(454,'阿坝州理县地方扶贫馆','四川浓香菜籽油 5升农家非转基因5l纯菜子粮油食用油约10斤植物油','2019新油，滴滴香浓，四川非转基因纯菜籽油',66.00,'/upload/goods_img/特色美食/5db3b8d6f246b.jpg',1572059535,0,3),(455,'千岛湖品牌农产品馆','千岛湖 千岛渔娘 糍粑（4味）200g','买二赠一 糍粑',15.00,'/upload/goods_img/特色美食/5db3b8d706ecd.jpg',1572059535,0,3),(456,'萃涣堂蒲公英茶专柜','【滨州馆】萃涣堂 金菊饮 菊花枸杞茶 菊花茶叶贡菊散装杭枸杞菊花茶非解毒去火清热凉茶','【滨州馆】萃涣堂 金菊饮 菊花枸杞茶 菊花茶叶贡菊散装杭枸杞菊花茶非解毒去火清热凉茶',0.50,'/upload/goods_img/特色美食/5db3b8d713dd8.jpg',1572059535,0,3),(457,'果蔻食品专营店','果蔻 每日坚果B款20g/包简装无礼盒成人儿童孕妇混合果仁坚果零食大礼包','科学配比  营养美味',1.39,'/upload/goods_img/特色美食/5db3b8d729985.jpg',1572059535,0,3),(458,'萃涣堂蒲公英茶专柜','【滨州馆】萃涣堂 黑苦荞茶 5克/袋 苦荞茶正品 大凉山','【滨州馆】萃涣堂 黑苦荞茶 5克/袋 苦荞茶正品 大凉山',0.50,'/upload/goods_img/特色美食/5db3b8d736890.jpg',1572059535,0,3),(459,'佳林院红枣旗舰店','【0.4元/袋佳林院泡茶煮粥煲汤枣圈】山东特产乐陵红枣每袋约12克袋装50袋起拍包邮部分偏远地区除外','佳林院品牌装，泡茶煮粥枣圈，拼团价0.4元/袋，每袋约12克装，50袋起拍，食用方便，经济实惠！',0.40,'/upload/goods_img/特色美食/5db3b8d798327.jpg',1572059535,0,3),(460,'果蔻食品专营店','果蔻 每日坚果25g*1包成人儿童孕妇混合坚果混合果仁小吃零食','',1.65,'/upload/goods_img/特色美食/5db3b8d7aa43b.jpg',1572059535,0,3),(461,'萃涣堂蒲公英茶专柜','【滨州馆】红枣黑糖姜茶大姨妈水姜糖女老姜块生姜姜汁姜汤红糖姜枣茶小袋装25克/袋','姜味浓,红枣多,顺畅暖暖,效果杠杠“冬吃萝卜夏吃姜。”传统组方真材实料。',0.90,'/upload/goods_img/特色美食/5db3b8dab8392.jpg',1572059535,0,3),(462,'南阳专区专营店','南阳西峡现摘金桃黄心猕猴桃15枚 （单枚60g-90g）买一送一 共30枚，合并发一箱','买一赠一活动',19.90,'/upload/goods_img/特色美食/5db3b8dac3745.jpg',1572059535,0,3),(463,'果然好口福专柜','宁 福吉 5斤起拍新疆原味生核桃新货 特产薄皮核桃 坚果炒货休闲零食包邮','新疆薄皮核桃  送夹子',9.90,'/upload/goods_img/特色美食/5db3b8daea466.jpg',1572059535,0,3),(464,'刘陶生鲜旗舰店','刘陶 福建红肉柚子红心蜜柚8.5-9.5斤（3-4个装） 新鲜水果2','',25.50,'/upload/goods_img/特色美食/5db3b8db3a40e.jpg',1572059535,0,3),(465,'丹东邮政农特产品专营店','2019年丹东新鲜板栗4斤东北农家生板栗毛栗子现摘栗子应季水果干','',19.90,'/upload/goods_img/特色美食/5db3b8db3a7f6.jpg',1572059535,0,3),(466,'果然好口福专柜','宁福吉 新疆和田大枣煲粥枣500克包邮','',6.60,'/upload/goods_img/特色美食/5db3b8db578d5.jpg',1572059535,0,3),(467,'小呆妞旗舰店','预售小呆妞四川蒲江金艳黄心猕猴桃90-110g中果24枚 72内小时发货','关于售后：签收24小时内后台申请退款请提供坏果和快递单合照，会根据实际损坏赔付',27.90,'/upload/goods_img/特色美食/5db3b8db63c28.jpg',1572059535,0,3),(468,'萃涣堂蒲公英茶专柜','萃涣堂茉莉绿茶三角茶包袋茉莉花茶小袋装绿茶袋泡冷泡茶包伴手礼花茶茶包组合玫瑰茉莉绿茶袋泡三','萃涣堂茉莉绿茶三角茶包袋茉莉花茶小袋装绿茶袋泡冷泡茶包',0.90,'/upload/goods_img/特色美食/5db3b8db71303.jpg',1572059535,0,3),(469,'丹东邮政农特产品专营店','新鲜现挖番薯红黄心密署农家自种蒸煮粉糯香甜沙地地瓜烤烟署5斤','',16.80,'/upload/goods_img/特色美食/5db3b8db862f8.jpg',1572059535,0,3),(470,'川锅壹号旗舰店','川锅壹号辣白菜228g韩国泡菜下饭菜正宗朝鲜口味拌饭菜版面菜','酸辣可口 老少皆宜',5.90,'/upload/goods_img/特色美食/5db3b8dbcdf79.jpg',1572059535,0,3),(471,'福香御旗舰店','福香御 慢生长2018东北大米雪花米10斤真空包邮色选米','初霜收割，180天慢生长周期，30天鲜磨直达，大米胚乳含量极为丰富，口感软糯香甜。',27.90,'/upload/goods_img/特色美食/5db3b8dbdb26c.jpg',1572059535,0,3),(472,'兰州鲜合苑百合特产店专营店','现包现发100%新鲜正宗兰州市七里河区产兰州鲜百合3年生兰州百合农家甜百合，约16颗百合一斤','兰州鲜百合，无任何添加剂，宝宝也可以放心食用',19.90,'/upload/goods_img/特色美食/5db3b8dbe8d2f.jpg',1572059535,0,3),(473,'当季鲜果','黄金奇异果12枚包邮（中果70-90克，拍2件多送6枚，合并发30枚）金艳黄心猕猴桃新鲜水果','快递随机，不能指定快递，下单后72小时内发货，下雨天顺延，购买前请阅读售后要求，介意慎拍',9.90,'/upload/goods_img/特色美食/5db3b8dc0be0c.jpg',1572059535,0,3),(474,'丹东邮政农特产品专营店','东北特产老品种大米  凤城蓝乡生态米 10斤 珍珠米 非蟹田','东北特产老品种大米  凤城蓝乡生态米 10斤 珍珠米 非蟹田',28.80,'/upload/goods_img/特色美食/5db3b8dc17d77.jpg',1572059535,0,3),(475,'川锅壹号旗舰店','川锅壹号蟹黄酱拌饭酱秃黄油拌面酱蟹粉酱蟹黄膏酱料即食螃蟹酱','金脂香软 经典美味',9.90,'/upload/goods_img/特色美食/5db3b8dc2c59c.jpg',1572059535,0,3),(476,'刘陶生鲜旗舰店','刘陶 云南昭通丑苹果5斤大果（13-15个）新鲜水果','拼团的亲想更加快的发货，尽量和已经开团的亲拼团购买',27.00,'/upload/goods_img/特色美食/5db3b8dc365c6.jpg',1572059535,0,3),(477,'福香御旗舰店','福香御 大米5kg装2018新米圆粒珍珠米寿司香米秋田小町农家东北大米包邮','',29.99,'/upload/goods_img/特色美食/5db3b8de5a091.jpg',1572059535,0,3),(478,'刘陶生鲜旗舰店','刘陶 云南石林人生果圆果净果5斤（25-35个）大果新鲜水果2','拼团的亲想更加快的发货，尽量和已经开团的亲拼团购买',25.00,'/upload/goods_img/特色美食/5db3b8de6ec9e.jpg',1572059535,0,3),(479,'刘陶生鲜旗舰店','刘陶 福建红肉柚子红心蜜柚8.5-9.5斤（3-4个装） 新鲜水果特卖','',25.50,'/upload/goods_img/特色美食/5db3b8de7ac09.jpg',1572059535,0,3),(480,'萃涣堂蒲公英茶专柜','【萃涣堂】 蜜桃乌龙茶  水果茶 三角包共蜜桃白桃乌龙茶袋泡花茶包花','新品上市!独立三角袋泡茶,携带冲泡更便捷!【萃涣堂】 蜜桃乌龙茶 水果茶 三角包',0.90,'/upload/goods_img/特色美食/5db3b8de97517.jpg',1572059535,0,3),(481,'信酷小米专营店','小米/MIUI 小米电视4S 43英寸人工智能语音网络平板电视 1GB+8GB HDR 4K超高清','金属机身',1.00,'/upload/goods_img/大家电/5db3b89a8d174.jpg',1572059510,0,4),(482,'邮乐安阳馆','【汤阴县积分用户专享】洗衣机XpB—126-9896S','',1.00,'/upload/goods_img/大家电/5db3b89a9f288.jpg',1578206762,0,4),(483,'海信电器旗舰店','海信（Hisense）HZ39E35A 39英寸高清手机交互 轻薄金属 WIFI人工智能液晶电视机','',1.00,'/upload/goods_img/大家电/5db3b89ab61bd.jpg',1572059510,0,4),(484,'邮滋味如皋馆专柜','创维9公斤变频滚筒洗衣机  型号：F9015NC-炫金   如皋免费送货上门，南通包邮，华东地区配货','创维洗衣机，安全健康专家，免费上门安装，绝对优惠，每月线下更有现场特惠活动',1.00,'/upload/goods_img/大家电/5db3b89b52437.jpg',1572059510,0,4),(485,'邮滋味如皋馆专柜','创维2P定频立式柜机，型号：KFR-50LW/F2DA1A-3（限如皋地区免费送货上门安装）','创维定频空调，免费上门安装，绝对优惠，每月更有现场特惠活动',4.00,'/upload/goods_img/大家电/5db3b89b6e95e.jpg',1572059510,0,4),(486,'创维电视官方旗舰店','创维/SKYWORTH 58H8M 58英寸4K超高清全面屏防蓝光人工智能语音HDR超薄网络液晶电视','4K超高清，声像自然，一场声觉革新，视觉体验，光学防蓝光，护眼不偏色',3.00,'/upload/goods_img/大家电/5db3b89b79d10.jpg',1572059510,0,4),(487,'邮乐洛阳','【洛阳金融积分兑换】TCL 205升 三门电冰箱 （星空银） BC（邮政网点配送）','',1.00,'/upload/goods_img/大家电/5db3b89bc11c1.jpg',1572059510,0,4),(488,'邮滋味如皋馆专柜','创维9公斤全自动波轮洗衣机，型号XQB90-52BAS淡雅银如皋免费送货上门，南通包邮，华东地区配送','创维家电大品牌，安全可靠，夏季特惠；每月现场有特惠活动',1.00,'/upload/goods_img/大家电/5db3b89bcfc24.jpg',1572059510,0,4),(489,'信阳邮约会','【限信阳地区积分兑换专用，不对外销售】家用洗衣机，图片仅供参考','',1.00,'/upload/goods_img/大家电/5db3b89be0d98.jpg',1572059510,0,4),(490,'邮乐安阳馆','【滑县积分用户专享】创维电器洗衣机9公斤波轮安阳','',1.00,'/upload/goods_img/大家电/5db3b89bee474.jpg',1572059510,0,4),(491,'邮乐安阳馆','美菱3开门冰箱BCD-209M3CX【汤阴县积分兑换专用，其他下单不发货】','',1.00,'/upload/goods_img/大家电/5db3b89c06586.jpg',1572059510,0,4),(492,'邮乐安阳馆','美菱电冰箱209L3CS【安阳县积分兑换用户专用，其他地区发】','',1.00,'/upload/goods_img/大家电/5db3b89c16f2a.jpg',1572059510,0,4),(493,'信阳邮约会','【限信阳地区积分兑换专用，不对外销售】自动洗衣机 家用洗衣机，图片仅供参考','',2.00,'/upload/goods_img/大家电/5db3b89c22e95.jpg',1572059510,0,4),(494,'邮乐安阳馆','【滑县积分用户专享】创维电器电视50寸4K智能安阳','',3.00,'/upload/goods_img/大家电/5db3b89c2bb37.jpg',1572059510,0,4),(495,'邮乐安阳馆','【安阳县积分用户专享】长虹液晶电视55U1','',3.00,'/upload/goods_img/大家电/5db3b89f48109.jpg',1572059510,0,4),(496,'海信电器旗舰店','海信（Hisense）HZ32E30D 32英寸蓝光高清平板液晶电视机 酒店宾馆卧室推荐','【海信今日限时特惠-到手价788元！】限量200台！抢完即止！',749.00,'/upload/goods_img/大家电/5db3b89f51194.jpg',1572059510,0,4),(497,'邮滋味如皋馆专柜','邮乐特卖：庭美家用消毒柜    型号：YTP-280    如皋免费送货上门，南通包邮，华东地区配送','庭美消毒柜，安全可靠，邮乐特惠；每月现场有特惠活动——18862731238',755.00,'/upload/goods_img/大家电/5db3b89f5ec57.jpg',1572059510,0,4),(498,'吉舜诚商城专柜','飞利浦（PHILIPS）  19英寸液晶电视机 显示器两用 hdmi高清接口','19PFF2650',799.00,'/upload/goods_img/大家电/5db3b89fb14ba.jpg',1572059510,0,4),(499,'创维集团官方旗舰店','创维/SKYWORTH 32X3 32英寸窄边非智能老人机蓝光高清节能LED平板液晶电视机工程机','蓝光高清，经典窄边，节能液晶，简单好用，谁用谁知道，实用耐用款',799.00,'/upload/goods_img/大家电/5db3b89fc8fa8.jpg',1572059510,0,4),(500,'吉舜诚商城专柜','飞利浦（PHILIPS）22英寸LED高清液晶平板电视机含底座 黑色','22PFF2650/T3',899.00,'/upload/goods_img/大家电/5db3b89fd917b.jpg',1572059510,0,4),(501,'创维集团官方旗舰店','创维/SKYWORTH 32X6 32英寸10核窄边高清 人工智能 网络WIFI 卧室液晶平板电视机','超值钜惠，高清智能电视，WIFI，酷开系统，10核处理器',899.00,'/upload/goods_img/大家电/5db3b89fe6086.jpg',1572059510,0,4),(502,'海信电器旗舰店','海信 (Hisense) HZ32E35A 32英寸AI智能WIFI 轻薄金属 卧室神器高清电视机','',899.00,'/upload/goods_img/大家电/5db3b8a0004c2.jpg',1572059510,0,4),(503,'邮滋味如皋馆专柜','创维邮乐特卖： 32寸液晶电视机，型号：32E381S   如皋免费送货上门，南通包邮，华东地区配货','创维液晶电视大品牌，夏季特惠；每月现场有特惠活动',899.00,'/upload/goods_img/大家电/5db3b8a01be30.jpg',1572059510,0,4),(504,'琥麟电器专柜','海信 XQB60-H3568 6公斤全自动波轮洗衣机','',749.00,'/upload/goods_img/大家电/5db3b8a0279b3.jpg',1572059510,0,4),(505,'邮滋味如皋馆专柜','创维7公斤全自动波轮洗衣机，型号：XQB70-21C淡雅银，如皋免费送货上门，南通包邮，华东地区配送','创维家电大品牌，安全可靠，邮乐特惠；每月现场有特惠活动——18862731238',928.00,'/upload/goods_img/大家电/5db3b8a0367fe.jpg',1572059510,0,4),(506,'邮滋味如皋馆专柜','创维单冷冰柜，型号：BD/C-160雅白，如皋地区免费送货上门安装，南通地区包邮，华东地区配货','创维冰柜，安全健康专家，免费上门安装，绝对优惠，每月线下更有现场特惠活动',999.00,'/upload/goods_img/大家电/5db3b8a042f39.jpg',1572059510,0,4),(507,'创维集团官方旗舰店','创维（SKYWORTH）32H5 32英寸高清HDR 护眼全面屏 AI人工智能语音 网络WIFI 卧','高清HDR 护眼全面屏 AI人工智能语音 网络WIFI',999.00,'/upload/goods_img/大家电/5db3b8a0511cd.jpg',1572059510,0,4),(508,'邮滋味如皋馆专柜','创维/SKYWORTH热水器，型号：DSZF-D5501-80，如皋免费送货上门，南通包邮 创维/','创维家电大品牌，安全可靠，邮乐特惠；每月现场有特惠活动——18862731238',999.00,'/upload/goods_img/大家电/5db3b8a07389d.jpg',1572059510,0,4),(509,'琥麟电器专柜','Hisense/海信 HB80DA332G8KG公斤大容量家用全自动节能波轮洗衣机','',899.00,'/upload/goods_img/大家电/5db3b8a386615.jpg',1572059510,0,4),(510,'琥麟电器专柜','海信 BCD-163N/B 冰柜冷藏冷冻双温家用商用小型卧式','',999.00,'/upload/goods_img/大家电/5db3b8a390a27.jpg',1572059510,0,4),(511,'吉舜诚商城专柜','东芝（TOSHIBA）  32英寸 蓝光液晶电视 高清平板电视机 东芝电视机','32L1500C',1.00,'/upload/goods_img/大家电/5db3b8a69aafd.jpg',1572059510,0,4),(512,'创维集团官方旗舰店','创维/SKYWORTH 40X6 40英寸10核窄边高清 人工智能 网络WIFI 卧室液晶平板电视机','超值钜惠！高清智能，10核处理器，可以WIFI上网',1.00,'/upload/goods_img/大家电/5db3b8a9a6b14.jpg',1572059510,0,4),(513,'甲子商城旗舰店','康佳/KONKA  LED39E330C 39英寸卧室电视高清蓝光节能平板液晶电视','',949.00,'/upload/goods_img/大家电/5db3b8a9b22ae.jpg',1572059510,0,4),(514,'邮乐赣州馆','【不支持邮乐卡支付】创维-彩电-40E1C 40英寸全高清HDR 护眼全面屏 AI人工智能语音','',1.00,'/upload/goods_img/大家电/5db3b8a9cf38d.jpg',1572059510,0,4),(515,'琥麟电器专柜','海信 BCD-177F/Q 177升 双门冰箱','',1.00,'/upload/goods_img/大家电/5db3b8a9f0abd.jpg',1572059510,0,4),(516,'创维集团官方旗舰店','创维/SKYWORTH 43X6 43英寸10核窄边高清 人工智能 网络WIFI 卧室液晶平板电视机','【买电视选创维】高清智能，10核处理器，质量上乘，价格厚道，可以Wifi上网',1.00,'/upload/goods_img/大家电/5db3b8aa1b4b4.jpg',1572059510,0,4),(517,'创维集团官方旗舰店','创维（SKYWORTH）40H5 40英寸全高清HDR 护眼全面屏 AI人工智能语音 网络WIFI','全高清HDR 护眼全面屏 AI人工智能语音',1.00,'/upload/goods_img/大家电/5db3b8aa26c4f.jpg',1572059510,0,4),(518,'邮乐安阳馆','市区积分用户专享】创维平板电视32X6','',1.00,'/upload/goods_img/大家电/5db3b8aa31c19.jpg',1572059510,0,4),(519,'吉舜诚商城专柜','飞利浦（PHILIPS）32英寸新品高清LED电视 接口丰富窄边高清LED液晶平板电视机','32PHF3282/T3',1.00,'/upload/goods_img/大家电/5db3b8aa3b85c.jpg',1572059510,0,4),(520,'琥麟电器专柜','海信 BD/BC-308NU/A 冰柜家用 顶开式卧式商用冷藏冷冻柜','',1.00,'/upload/goods_img/大家电/5db3b8aa4931f.jpg',1572059510,0,4),(521,'明凰服饰专营店','男女冲锋衣工装棉服外套修身加厚款','邮乐支持微信，支付宝，网银，邮储卡和银联卡支付。（不同商品请分开下单）',85.00,'/upload/goods_img/户外服饰/5db3b8b22c022.jpg',1572059516,0,4),(522,'户外途量工厂专卖店','春夏季运动风衣钓鱼防晒衣男女超薄透气皮肤衣防风外套户外速干潮流衣服情侣款皮肤衣','大码骑行长袖',29.90,'/upload/goods_img/户外服饰/5db3b8b23604c.jpg',1572059516,0,4),(523,'探路者正江专卖店','探路者/TOREAD 冲锋裤 运动裤 秋冬户外软壳裤男透气防风保暖徒步裤KAMG91159','',428.00,'/upload/goods_img/户外服饰/5db3b8b25312b.jpg',1572059516,0,4),(524,'探路者正江专卖店','探路者运动服 探路者冲锋衣 19秋冬户外女式防水透湿套绒冲锋衣TAWH92285','',839.00,'/upload/goods_img/户外服饰/5db3b8b25d925.jpg',1572059516,0,4),(525,'好看哒专营店','防晒衣女中长款薄款防晒服','FSY-6387',45.00,'/upload/goods_img/户外服饰/5db3b8b56628b.jpg',1572059516,0,4),(526,'宝仕母婴专营店专柜','L户外皮肤衣防紫外线防晒衣男女夏季超薄透气防晒服运动风衣','',75.00,'/upload/goods_img/户外服饰/5db3b8b573966.jpg',1572059516,0,4),(527,'好看哒专营店','防晒衣女夏季新款韩版连帽系带长袖防晒衣糖果色沙滩户外披肩防晒衣','FSY-54',19.90,'/upload/goods_img/户外服饰/5db3b8b88f380.jpg',1572059516,0,4),(528,'户外途量工厂专卖店','户外速干T恤男 女休闲跑步运动健身短袖大码情侣快干衣排汗透气','',22.80,'/upload/goods_img/户外服饰/5db3b8b8abc8f.jpg',1572059516,0,4),(529,'好看哒专营店','防晒衣 户外薄款防紫外线印花防晒衣','FSY-1736',25.00,'/upload/goods_img/户外服饰/5db3b8b8c0c84.jpg',1572059516,0,4),(530,'好看哒专营店','防晒衣夏季女蝙蝠袖连帽拉链短款防晒衣','FSY-5423',35.00,'/upload/goods_img/户外服饰/5db3b8b9b16a1.jpg',1572059516,0,4),(531,'好看哒专营店','防晒衣男士薄款纯色连帽防晒衣','FSY-4167',35.00,'/upload/goods_img/户外服饰/5db3b8b9bbe9c.jpg',1572059516,0,4),(532,'户外途量工厂专卖店','城徒 户外春夏单层冲锋衣女防晒衣男轻薄防风钓鱼服透气速干外套长袖衫','',35.80,'/upload/goods_img/户外服饰/5db3b8ba1b847.jpg',1572059516,0,4),(533,'好看哒专营店','防晒衣韩版短款薄款连帽长袖防晒衣','FSY-5439',36.00,'/upload/goods_img/户外服饰/5db3b8ba72314.jpg',1572059516,0,4),(534,'好看哒专营店','防晒衣女中长款涂鸦薄款防晒衣','FSY-5282',36.00,'/upload/goods_img/户外服饰/5db3b8ba99fd5.jpg',1572059516,0,4),(535,'好看哒专营店','防晒衣女中长款薄款防晒衣','FSY-5456',37.90,'/upload/goods_img/户外服饰/5db3b8baa8e20.jpg',1572059516,0,4),(536,'户外途量工厂专卖店','秋冬户外男抓绒衣摇粒绒女外套保暖冲锋衣内胆开衫卫衣','',39.00,'/upload/goods_img/户外服饰/5db3b8bab267b.jpg',1572059516,0,4),(537,'户外途量工厂专卖店','户外秋冬季加绒加厚抓绒衣男女摇粒绒保暖抓绒外套开衫冲锋衣内胆','',49.00,'/upload/goods_img/户外服饰/5db3b8bae0cb5.jpg',1572059516,0,4),(538,'江门新会馆','【江门新会馆】caxa断码 两截速干裤女 韩版修身透气徒步快干裤野外登山跑步长裤','',50.00,'/upload/goods_img/户外服饰/5db3b8baf06b9.jpg',1572059516,0,4),(539,'宝仕母婴专营店专柜','L夏季休闲短裤男宽松5分中裤子男士运动五分裤大码跑步速干沙滩裤','',55.00,'/upload/goods_img/户外服饰/5db3b8bb2ba54.jpg',1572059516,0,4),(540,'江门新会馆','【江门新会馆】caxa修身户外健身速干裤女 快干弹力透气登山大码长裤 弹力户外裤','',60.00,'/upload/goods_img/户外服饰/5db3b8bb513ed.jpg',1572059516,0,4),(541,'探路者正江专卖店','探路者/TOREADt恤女户外夏季快干速干透气运动服TAJG82984','',61.00,'/upload/goods_img/户外服饰/5db3b8bb5ac47.jpg',1572059516,0,4),(542,'铁好家居美妆日用百货专营店','佳钓尼 夏遮阳防晒帽套头面罩透气防紫外线渔夫帽','',48.00,'/upload/goods_img/户外服饰/5db3b8bb8e0a3.jpg',1572059516,0,4),(543,'宝仕母婴专营店专柜','防晒衣男女情侣春夏季防雨风衣超薄透气速干钓鱼防晒服户外皮肤衣MN','',69.00,'/upload/goods_img/户外服饰/5db3b8bb9f9e7.jpg',1572059516,0,4),(544,'户外途量工厂专卖店','城徒 春夏季速干裤男女大码轻薄快干透气户外修身显瘦弹力冲锋裤','',69.00,'/upload/goods_img/户外服饰/5db3b8bbb3e24.jpg',1572059516,0,4),(545,'宝仕母婴专营店专柜','L运动户外夏季速干t恤 男女短袖速干衣快干t恤 吸汗透气','',69.00,'/upload/goods_img/户外服饰/5db3b8bbe33ff.jpg',1572059516,0,4),(546,'宝仕母婴专营店专柜','L健身房教练速干T恤男女 圆领情侣夏季短袖汗衫','',69.00,'/upload/goods_img/户外服饰/5db3b8bc1bca2.jpg',1572059516,0,4),(547,'户外途量工厂专卖店','城徒 冬季正品户外冲锋裤男女抓绒裤保暖防风防水加厚软壳裤登山裤长裤','',75.00,'/upload/goods_img/户外服饰/5db3b8bc42dab.jpg',1572059516,0,4),(548,'江门新会馆','【江门新会馆】caxa修身弹力女款休闲棉裤 户外休闲快干长裤 女士跑步登山健身裤','',78.00,'/upload/goods_img/户外服饰/5db3b8bc96997.jpg',1572059516,0,4),(549,'江门新会馆','【江门新会馆】caxa休闲修身速干裤 透气轻薄运动裤耐磨健身户外裤多袋裤七分裤','',78.00,'/upload/goods_img/户外服饰/5db3b8bcac92c.jpg',1572059516,0,4),(550,'探路者正江专卖店','探路者/TOREAD 运动服 短袖户外女运动跑步排汗透气圆领速干T恤TAJF82784','',78.00,'/upload/goods_img/户外服饰/5db3b8bcc53b9.jpg',1572059516,0,4),(551,'户外途量工厂专卖店','冲锋裤男户外秋冬防风防水软壳裤女加绒加厚抓绒裤保暖徒步登山裤','',79.00,'/upload/goods_img/户外服饰/5db3b8bd362c1.jpg',1572059516,0,4),(552,'探路者正江专卖店','探路者/TOREADT恤女 夏户外女式超轻透气速干衣圆领T恤短袖KAJG82352','',99.00,'/upload/goods_img/户外服饰/5db3b8bd44554.jpg',1572059516,0,4),(553,'探路者正江专卖店','探路者/TOREAD 短袖 18春夏新款户外女式圆领速干透气印花短袖T恤TAJG82939','',99.00,'/upload/goods_img/户外服饰/5db3b8bd602ab.jpg',1572059516,0,4),(554,'探路者正江专卖店','探路者/TOREAD夏新款户外运动透气弹力速干女式半袖短袖T恤KAJG82310','',99.00,'/upload/goods_img/户外服饰/5db3b8be68f86.jpg',1572059516,0,4),(555,'探路者正江专卖店','探路者/TOREAD T恤女款 秋季户外短袖女时尚速干透气短袖T恤TAJG82938','',99.00,'/upload/goods_img/户外服饰/5db3b8be96a09.jpg',1572059516,0,4),(556,'洋湖轩榭官方旗舰店','洋湖轩榭 春秋季新款中老年男装连帽冲锋衣爸爸装休闲夹克衫外套男A','钜惠双十一 感恩惠顾',126.42,'/upload/goods_img/户外服饰/5db3b8bea6025.jpg',1572059516,0,4),(557,'南城百货专营店','秋冬季加绒加厚冲锋衣男女三合一可拆卸两件套防水户外情侣登山服','秋冬季加绒加厚冲锋衣男女三合一可拆卸两件套防水户外情侣登山服',158.00,'/upload/goods_img/户外服饰/5db3b8bede68a.jpg',1572059516,0,4),(558,'正江服饰专营店','包邮韵格NT1021男士紧身训练PRO运动健身跑步长袖弹力速干服纯色衣服','',59.00,'/upload/goods_img/户外服饰/5db3b8beeb97d.jpg',1572059516,0,4),(559,'流行饰品运动户外器械','汤河店 户外冲锋裤男女可脱卸秋冬季加绒加厚保暖软壳防风防水登山滑雪裤','',179.00,'/upload/goods_img/户外服饰/5db3b8bf07cf9.jpg',1572059516,0,4),(560,'流行饰品运动户外器械','汤河店 韩国正品vvc防晒衣女经典薄夏季中长款防晒服户外防紫外线皮肤衣','',499.00,'/upload/goods_img/户外服饰/5db3b8bf2bf21.jpg',1572059516,0,4),(561,'乐颐汇数码专营店','荣耀10青春版 幻彩渐变 2400万AI自拍 全网通版4GB+64GB','2400万AI高清自拍，麒麟710处理器，炫光渐变色',989.00,'/upload/goods_img/手机数码/5db3b8700e46c.jpg',1572059524,0,4),(562,'乐颐汇数码专营店','华为/HUAWEI 畅享9 手机 全网通 4GB+128GB','6.26英寸珍珠屏 4000mAh大电池',1099.00,'/upload/goods_img/手机数码/5db3b8731cf7b.jpg',1572059524,0,4),(563,'米果商贸专柜','折叠式平板电脑支架底座懒人手机支架【颜色随机发货】','',9.90,'/upload/goods_img/手机数码/5db3b87337179.jpg',1572059524,0,4),(564,'邮乐韵菲专营店','（亏本促销）车载手机支架双面吸盘式家居懒人多功能通用可弯曲创意手机支架','',1.00,'/upload/goods_img/手机数码/5db3b87345fc4.jpg',1572059524,0,4),(565,'麦尚科技专营店','手机支架懒人支架卡通创意平板电脑桌面支撑座【款式随机】','',9.90,'/upload/goods_img/手机数码/5db3b8734f81e.jpg',1572059524,0,4),(566,'邮乐韵菲专营店','无线蓝牙耳机迷你超小苹果安卓通用耳机','送两条充电线+一个收纳盒',15.90,'/upload/goods_img/手机数码/5db3b873b60d7.jpg',1572059524,0,4),(567,'万品好易购商城','XO NB23 八角宝石锌合金数据线','产品颜色：黑色  白色 宝石外观 不拘一格;  锌合金 更出色；  2.4A极速充电，高效传输文件',49.00,'/upload/goods_img/手机数码/5db3b873bf931.jpg',1572059524,0,4),(568,'万品好易购商城','XO F1 户外Mini蓝牙音箱 经典挂扣 防水 防尘/防摔 抗干扰性强 无线链接 免提通话','音量调节/音乐播放、暂停/上下曲切换 语音报号/来电铃声/数据输出/直读SD卡',99.00,'/upload/goods_img/手机数码/5db3b873d7806.jpg',1572059524,0,4),(569,'万品好易购商城','XO  PB39 移动电源 8000mAh','8000mAh大容量 双输出带LED灯  ； 电源保护, 好用更安全； 智能分流 高效输出',119.00,'/upload/goods_img/手机数码/5db3b8740878f.jpg',1572059524,0,4),(570,'万品好易购商城','XO BS8 运动蓝牙耳机源于经典 加以升级 鲨鱼鳍耳翼 舒适牢固','源于经典 加以升级； 鲨鱼鳍耳翼 舒适牢固 ； 无惧雨水  防水防汗； 蓝牙4.2版本，深度降噪',169.00,'/upload/goods_img/手机数码/5db3b87419133.jpg',1572059524,0,4),(571,'万品好易购商城','XO BS7 运动蓝牙耳机 深度降噪 通话更清晰 轻松操控 随意切换','强劲的CSR芯片 提升续航能力； 蓝牙4.1版本，深度降噪，通话更清晰； 霍尔磁控开关，智能感应',199.00,'/upload/goods_img/手机数码/5db3b8742586e.jpg',1572059524,0,4),(572,'万品好易购商城','XO A8 蓝牙音箱 智能触控 自由切换 大容量电池 可连续播放约4-6小时 土豪金 星空银 银色','智能触控，自由切换； 内置1000毫安聚合物电池，全频高清喇叭+低音振膜,可连续播放约4-6小时',169.00,'/upload/goods_img/手机数码/5db3b874390f2.jpg',1572059524,0,4),(573,'普润家居专营店','oppo蓝牙耳机迷你vivo超小隐形运动通用华为无线耳塞超长待机开车','',79.00,'/upload/goods_img/手机数码/5db3b874496ae.jpg',1572059524,0,4),(574,'木易生活专柜','2米超长  美能格  苹果安卓Type-C数据线 2.4A快充电线','2米超长  美能格  苹果安卓Type-C数据线 2.4A快充电线',12.90,'/upload/goods_img/手机数码/5db3b874588e2.jpg',1572059524,0,4),(575,'木易生活专柜','沃晟伦蓝牙耳机M165蓝牙耳机入耳式商务车载便携式4.1*','沃晟伦蓝牙耳机M165蓝牙耳机入耳式商务车载便携式4.1',15.90,'/upload/goods_img/手机数码/5db3b8746c166.jpg',1572059524,0,4),(576,'北京信酷数码商城专柜','iPhone 苹果原装充电器套装/数据线+充电头电源适配器 通用型','【全国包邮】 充电套装更优惠',69.00,'/upload/goods_img/手机数码/5db3b874784b9.jpg',1572059524,0,4),(577,'小牛数码家居专柜','飞利浦/PHILIPS 多功能可伸缩车载手机支架DLK35002','多功能可伸缩车载手机支架',68.00,'/upload/goods_img/手机数码/5db3b87484bf4.jpg',1572059524,0,4),(578,'北京信酷数码商城专柜','苹果 iphone X /XS MAX/XS/XR/钢化膜 全屏全覆盖 手机贴膜','',19.00,'/upload/goods_img/手机数码/5db3b87493e28.jpg',1572059524,0,4),(579,'邮乐萍乡馆','南孚(NANFU)3V纽扣电池两粒 CR2032/CR2025/CR2016锂电池电子汽车钥匙遥控','奔驰c200l福特 新蒙迪欧 高尔夫7 新马自达昂克赛拉阿特兹 手表奔驰大众汽车钥匙电池',9.90,'/upload/goods_img/手机数码/5db3b874a670c.jpg',1572059524,0,4),(580,'信酷小米专营店','小米（MI） 车载充电器快充版 QC3.0 双口输出 智能温度控制 兼容iOS和Android设备','小米正品 全国包邮',89.00,'/upload/goods_img/手机数码/5db3b874b8050.jpg',1572059524,0,4),(581,'北京信酷数码商城专柜','苹果 iPhone6/6S/6Plus/6SPlus/iPhone7/7P防爆钢化玻璃膜高清手机贴膜','进口AGC玻璃板！超薄钢化玻璃膜！秒杀国产玻璃！',26.00,'/upload/goods_img/手机数码/5db3b874c207b.jpg',1572059524,0,4),(582,'北京信酷数码商城专柜','OPPO手机原装耳机R11/PLUS入耳式线控r11s/r15耳机 白色盒装','',38.80,'/upload/goods_img/手机数码/5db3b874d31ef.jpg',1572059524,0,4),(583,'北京信酷数码商城专柜','华为（HUAWEI）小天鹅无线蓝牙免提通话音箱4.0 便携户外/车载迷你音响AM08','音·触即发！360°音效技术，音质真实自然，简洁触控操作，支持蓝牙免提通话。',95.00,'/upload/goods_img/手机数码/5db3b874e280a.jpg',1572059524,0,4),(584,'北京信酷数码商城专柜','三星 32G内存卡(CLASS10 48MB/s)  手机内存卡32g MicroSD存储卡','正品行货 支持专柜验货 实行三包政策 轻放心购买',95.00,'/upload/goods_img/手机数码/5db3b874edfa5.jpg',1572059524,0,4),(585,'北京信酷数码商城专柜','华为/HUAWEI 华为快速充电套装 4.5V/5A充电头+type-c线  华为充电器','支持p20/mate10/9pro/p10plus荣耀10/v10/note10等机型',98.00,'/upload/goods_img/手机数码/5db3b87504947.jpg',1572059524,0,4),(586,'北京信酷数码商城专柜','小米（MI）小米手环2（黑色）智能运动 防水 心率监测 计步器 久坐提醒','正品行货 全国包邮',159.00,'/upload/goods_img/手机数码/5db3b875133ab.jpg',1572059524,0,4),(587,'信酷小米专营店','小米活塞耳机 清新版 黑色 蓝色 入耳式手机耳机 通用耳麦','小米正品 全国包邮',45.00,'/upload/goods_img/手机数码/5db3b8751ef2e.jpg',1572059524,0,4),(588,'信酷小米专营店','小米支架式自拍杆 灰色 黑色 蓝牙遥控迷你便携带三脚架多功能','小米正品 全国包邮',105.00,'/upload/goods_img/手机数码/5db3b875327b2.jpg',1572059524,0,4),(589,'信酷小米专营店','小米（MI）方盒子蓝牙音箱2 无线迷你随身户外便携客厅家用小音响','小米正品 全国包邮',149.00,'/upload/goods_img/手机数码/5db3b87546807.jpg',1572059524,0,4),(590,'信酷小米专营店','小米（MI）小米运动蓝牙耳机mini 黑色白色 无线蓝牙入耳式运动耳机','小米正品 全国包邮',169.00,'/upload/goods_img/手机数码/5db3b8755a85b.jpg',1572059524,0,4),(591,'信酷小米专营店','小米（MI）小钢炮2代 无线蓝牙便携音箱','小米正品 全国包邮',139.00,'/upload/goods_img/手机数码/5db3b87564c6e.jpg',1572059524,0,4),(592,'铁好家居美妆日用百货专营店','公牛BULL 独立3孔位2USB创意魔方插座 1.5米线GN-UUB122【热卖推荐】','立体集成结构 小巧轻便 五重保护',67.00,'/upload/goods_img/手机数码/5db3b87575612.jpg',1572059524,0,4),(593,'九洲科瑞数码专营店','华为 HUAWEI 畅享9 Plus 4GB+128GB','',1.00,'/upload/goods_img/手机数码/5db3b8758639e.jpg',1572059524,0,4),(594,'九洲科瑞数码专营店','华为HUAWEI nova4 4800万超广角三摄8GB+128GB','',2.00,'/upload/goods_img/手机数码/5db3b875932a9.jpg',1572059524,0,4),(595,'九洲科瑞数码专营店','华为 HUAWEI P30 Pro 徕卡四摄10倍混合变焦麒麟980芯片屏内指纹 8GB+128G','',4.00,'/upload/goods_img/手机数码/5db3b8759d6bb.jpg',1572059524,0,4),(596,'邮乐萍乡馆','南孚 安卓数据线 NF-LM001 小米华为OPPO三星vivo充电器通用','',9.90,'/upload/goods_img/手机数码/5db3b875a923e.jpg',1572059524,0,4),(597,'铁好家电数码专营店','公牛BULL 二合一苹果lighting+micro USB数据线GN-J81N【热卖推荐】','MFi官方认证，快速充电，抗折断',69.00,'/upload/goods_img/手机数码/5db3b875b2e80.jpg',1572059524,0,4),(598,'邮乐萍乡馆','南孚(NANFU)LR6AA聚能环 5号+7号碱性干电池【共4粒装】','',9.90,'/upload/goods_img/手机数码/5db3b875be233.jpg',1572059524,0,4),(599,'岳灵生活专营店','南孚手机充电宝 10000毫安大容量礼盒装NFCT10','',169.00,'/upload/goods_img/手机数码/5db3b875cad56.jpg',1572059524,0,4),(600,'邮乐萍乡馆','南孚(NANFU)LR03AAA聚能环7号电池碱性干电池12粒装儿童玩具遥控器赛车闹钟智能门锁电池','AAA干电池持久电力家用',27.80,'/upload/goods_img/手机数码/5db3b875d3610.jpg',1572059524,0,4),(601,'中国农垦官方旗舰店','买2份送一份【中国农垦】黑龙江北大荒  支豆浆粉早餐豆浆粉 非转基因大豆 五谷豆浆粉28g*10袋','早餐豆粉买2份送一份',18.00,'/upload/goods_img/特色美食/5db3b8d338ebc.jpg',1572059535,0,4),(602,'中国农垦官方旗舰店','【中国农垦】黑龙江 北大荒支装豆浆粉（醇豆浆、红枣味可选） 非转基因大豆','早餐豆粉买2份送一份',15.00,'/upload/goods_img/特色美食/5db3b8d3432ce.jpg',1572059535,0,4),(603,'牛牛食品专营店','(8月新货)蒙牛小真果粒125ml*20盒草莓味果粒酸奶小胖丁迷你装','8月份的新货,超好喝，儿童，果粒，健康营养，',22.70,'/upload/goods_img/特色美食/5db3b8d34deb1.jpg',1572059535,0,4),(604,'中国农垦官方旗舰店','【中国农垦】黑龙江 北大荒 支装豆浆粉 麦香甜豆浆粉 28g*10袋','早餐豆粉买2份送一份',15.00,'/upload/goods_img/特色美食/5db3b8d3651ce.jpg',1572059535,0,4),(605,'禾煜食品旗舰店','禾煜 黄冰糖418g包  冰糖土冰糖  煲汤食材','黄冰糖买2送1',15.00,'/upload/goods_img/特色美食/5db3b8d66e304.jpg',1572059535,0,4),(606,'新农哥旗舰店','【新农哥】板栗仁108gx4袋  休闲零食小吃','',26.90,'/upload/goods_img/特色美食/5db3b8d6832f9.jpg',1572059535,0,4),(607,'新农哥旗舰店','新农哥 每日坚果 混合果仁 缤纷坚果仁175g*2盒  休闲零食','缤纷美味 一吃钟情',59.90,'/upload/goods_img/特色美食/5db3b8d68e2c4.jpg',1572059535,0,4),(608,'众天蜂蜜邮乐农品旗舰店','众天山花蜂蜜500g','秦岭深处 百花酿造而成 最受欢迎的蜂蜜 性价比极高！',19.90,'/upload/goods_img/特色美食/5db3b8d6a2ed1.jpg',1572059535,0,4),(609,'中国农垦官方旗舰店','【中国农垦】黑龙江 北大荒 非转基因大豆 豆浆粉 红枣豆浆粉28g*10袋','早餐豆粉买2份送一份',18.00,'/upload/goods_img/特色美食/5db3b8d6ae283.jpg',1572059535,0,4),(610,'考拉小哥专营店','薛小贱 每日坚果25g*1包','厂家直供、7种混合、日期新鲜',1.66,'/upload/goods_img/特色美食/5db3b8d6b8e66.jpg',1572059535,0,4),(611,'萃涣堂蒲公英茶专柜','【滨州馆】萃涣堂五宝茶 益本茶 男人茶养生茶 草本','【萃涣堂】五宝益本茶 男人茶买2送1五宝茶男人茶枸杞茶玛咖片黄精男肾茶老公八宝茶养生茶 做性福的男人',19.00,'/upload/goods_img/特色美食/5db3b8d6c8481.jpg',1572059535,0,4),(612,'萃涣堂蒲公英茶专柜','【滨州馆】寻味山东新鲜现做手工 滨州黑芝麻红枣饼核桃 枸杞传统工艺 香甜可口 10g独立装包邮','寻味山东 新鲜现做手工滨州黑芝麻红枣饼核桃 枸杞传统工艺 香甜可口 10g独立装包邮',1.00,'/upload/goods_img/特色美食/5db3b8d6cc302.jpg',1572059535,0,4),(613,'正江食品专营店','寿全斋  红枣姜茶 姜茶 12g*10条','',25.00,'/upload/goods_img/特色美食/5db3b8d6debe7.jpg',1572059535,0,4),(614,'阿坝州理县地方扶贫馆','四川浓香菜籽油 5升农家非转基因5l纯菜子粮油食用油约10斤植物油','2019新油，滴滴香浓，四川非转基因纯菜籽油',66.00,'/upload/goods_img/特色美食/5db3b8d6f246b.jpg',1572059535,0,4),(615,'千岛湖品牌农产品馆','千岛湖 千岛渔娘 糍粑（4味）200g','买二赠一 糍粑',15.00,'/upload/goods_img/特色美食/5db3b8d706ecd.jpg',1572059535,0,4),(616,'萃涣堂蒲公英茶专柜','【滨州馆】萃涣堂 金菊饮 菊花枸杞茶 菊花茶叶贡菊散装杭枸杞菊花茶非解毒去火清热凉茶','【滨州馆】萃涣堂 金菊饮 菊花枸杞茶 菊花茶叶贡菊散装杭枸杞菊花茶非解毒去火清热凉茶',0.50,'/upload/goods_img/特色美食/5db3b8d713dd8.jpg',1572059535,0,4),(617,'果蔻食品专营店','果蔻 每日坚果B款20g/包简装无礼盒成人儿童孕妇混合果仁坚果零食大礼包','科学配比  营养美味',1.39,'/upload/goods_img/特色美食/5db3b8d729985.jpg',1572059535,0,4),(618,'萃涣堂蒲公英茶专柜','【滨州馆】萃涣堂 黑苦荞茶 5克/袋 苦荞茶正品 大凉山','【滨州馆】萃涣堂 黑苦荞茶 5克/袋 苦荞茶正品 大凉山',0.50,'/upload/goods_img/特色美食/5db3b8d736890.jpg',1572059535,0,4),(619,'佳林院红枣旗舰店','【0.4元/袋佳林院泡茶煮粥煲汤枣圈】山东特产乐陵红枣每袋约12克袋装50袋起拍包邮部分偏远地区除外','佳林院品牌装，泡茶煮粥枣圈，拼团价0.4元/袋，每袋约12克装，50袋起拍，食用方便，经济实惠！',0.40,'/upload/goods_img/特色美食/5db3b8d798327.jpg',1572059535,0,4),(620,'果蔻食品专营店','果蔻 每日坚果25g*1包成人儿童孕妇混合坚果混合果仁小吃零食','',1.65,'/upload/goods_img/特色美食/5db3b8d7aa43b.jpg',1572059535,0,4),(621,'萃涣堂蒲公英茶专柜','【滨州馆】红枣黑糖姜茶大姨妈水姜糖女老姜块生姜姜汁姜汤红糖姜枣茶小袋装25克/袋','姜味浓,红枣多,顺畅暖暖,效果杠杠“冬吃萝卜夏吃姜。”传统组方真材实料。',0.90,'/upload/goods_img/特色美食/5db3b8dab8392.jpg',1572059535,0,4),(622,'南阳专区专营店','南阳西峡现摘金桃黄心猕猴桃15枚 （单枚60g-90g）买一送一 共30枚，合并发一箱','买一赠一活动',19.90,'/upload/goods_img/特色美食/5db3b8dac3745.jpg',1572059535,0,4),(623,'果然好口福专柜','宁 福吉 5斤起拍新疆原味生核桃新货 特产薄皮核桃 坚果炒货休闲零食包邮','新疆薄皮核桃  送夹子',9.90,'/upload/goods_img/特色美食/5db3b8daea466.jpg',1572059535,0,4),(624,'刘陶生鲜旗舰店','刘陶 福建红肉柚子红心蜜柚8.5-9.5斤（3-4个装） 新鲜水果2','',25.50,'/upload/goods_img/特色美食/5db3b8db3a40e.jpg',1572059535,0,4),(625,'丹东邮政农特产品专营店','2019年丹东新鲜板栗4斤东北农家生板栗毛栗子现摘栗子应季水果干','',19.90,'/upload/goods_img/特色美食/5db3b8db3a7f6.jpg',1572059535,0,4),(626,'果然好口福专柜','宁福吉 新疆和田大枣煲粥枣500克包邮','',6.60,'/upload/goods_img/特色美食/5db3b8db578d5.jpg',1572059535,0,4),(627,'小呆妞旗舰店','预售小呆妞四川蒲江金艳黄心猕猴桃90-110g中果24枚 72内小时发货','关于售后：签收24小时内后台申请退款请提供坏果和快递单合照，会根据实际损坏赔付',27.90,'/upload/goods_img/特色美食/5db3b8db63c28.jpg',1572059535,0,4),(628,'萃涣堂蒲公英茶专柜','萃涣堂茉莉绿茶三角茶包袋茉莉花茶小袋装绿茶袋泡冷泡茶包伴手礼花茶茶包组合玫瑰茉莉绿茶袋泡三','萃涣堂茉莉绿茶三角茶包袋茉莉花茶小袋装绿茶袋泡冷泡茶包',0.90,'/upload/goods_img/特色美食/5db3b8db71303.jpg',1572059535,0,4),(629,'丹东邮政农特产品专营店','新鲜现挖番薯红黄心密署农家自种蒸煮粉糯香甜沙地地瓜烤烟署5斤','',16.80,'/upload/goods_img/特色美食/5db3b8db862f8.jpg',1572059535,0,4),(630,'川锅壹号旗舰店','川锅壹号辣白菜228g韩国泡菜下饭菜正宗朝鲜口味拌饭菜版面菜','酸辣可口 老少皆宜',5.90,'/upload/goods_img/特色美食/5db3b8dbcdf79.jpg',1572059535,0,4),(631,'福香御旗舰店','福香御 慢生长2018东北大米雪花米10斤真空包邮色选米','初霜收割，180天慢生长周期，30天鲜磨直达，大米胚乳含量极为丰富，口感软糯香甜。',27.90,'/upload/goods_img/特色美食/5db3b8dbdb26c.jpg',1572059535,0,4),(632,'兰州鲜合苑百合特产店专营店','现包现发100%新鲜正宗兰州市七里河区产兰州鲜百合3年生兰州百合农家甜百合，约16颗百合一斤','兰州鲜百合，无任何添加剂，宝宝也可以放心食用',19.90,'/upload/goods_img/特色美食/5db3b8dbe8d2f.jpg',1572059535,0,4),(633,'当季鲜果','黄金奇异果12枚包邮（中果70-90克，拍2件多送6枚，合并发30枚）金艳黄心猕猴桃新鲜水果','快递随机，不能指定快递，下单后72小时内发货，下雨天顺延，购买前请阅读售后要求，介意慎拍',9.90,'/upload/goods_img/特色美食/5db3b8dc0be0c.jpg',1572059535,0,4),(634,'丹东邮政农特产品专营店','东北特产老品种大米  凤城蓝乡生态米 10斤 珍珠米 非蟹田','东北特产老品种大米  凤城蓝乡生态米 10斤 珍珠米 非蟹田',28.80,'/upload/goods_img/特色美食/5db3b8dc17d77.jpg',1572059535,0,4),(635,'川锅壹号旗舰店','川锅壹号蟹黄酱拌饭酱秃黄油拌面酱蟹粉酱蟹黄膏酱料即食螃蟹酱','金脂香软 经典美味',9.90,'/upload/goods_img/特色美食/5db3b8dc2c59c.jpg',1572059535,0,4),(636,'刘陶生鲜旗舰店','刘陶 云南昭通丑苹果5斤大果（13-15个）新鲜水果','拼团的亲想更加快的发货，尽量和已经开团的亲拼团购买',27.00,'/upload/goods_img/特色美食/5db3b8dc365c6.jpg',1572059535,0,4),(637,'福香御旗舰店','福香御 大米5kg装2018新米圆粒珍珠米寿司香米秋田小町农家东北大米包邮','',29.99,'/upload/goods_img/特色美食/5db3b8de5a091.jpg',1572059535,0,4),(638,'刘陶生鲜旗舰店','刘陶 云南石林人生果圆果净果5斤（25-35个）大果新鲜水果2','拼团的亲想更加快的发货，尽量和已经开团的亲拼团购买',25.00,'/upload/goods_img/特色美食/5db3b8de6ec9e.jpg',1572059535,0,4),(639,'刘陶生鲜旗舰店','刘陶 福建红肉柚子红心蜜柚8.5-9.5斤（3-4个装） 新鲜水果特卖','',25.50,'/upload/goods_img/特色美食/5db3b8de7ac09.jpg',1572059535,0,4),(640,'萃涣堂蒲公英茶专柜','【萃涣堂】 蜜桃乌龙茶  水果茶 三角包共蜜桃白桃乌龙茶袋泡花茶包花','新品上市!独立三角袋泡茶,携带冲泡更便捷!【萃涣堂】 蜜桃乌龙茶 水果茶 三角包',0.90,'/upload/goods_img/特色美食/5db3b8de97517.jpg',1572059535,0,4),(641,'1','1','',1.00,'http://qd.x-g.vip/upload/43408f0738689c65/3c6be45d978836cf.png',1579444336,0,2);
/*!40000 ALTER TABLE `xy_goods_list` ENABLE KEYS */;
UNLOCK TABLES;

--
-- Table structure for table `xy_goods_list_copy`
--

DROP TABLE IF EXISTS `xy_goods_list_copy`;
/*!40101 SET @saved_cs_client     = @@character_set_client */;
/*!40101 SET character_set_client = utf8 */;
CREATE TABLE `xy_goods_list_copy` (
  `id` int(11) NOT NULL AUTO_INCREMENT,
  `shop_name` varchar(255) NOT NULL COMMENT '商店名称',
  `goods_name` varchar(255) NOT NULL COMMENT '商品名称',
  `goods_info` varchar(255) DEFAULT '' COMMENT '商品描述',
  `goods_price` decimal(10,2) NOT NULL COMMENT '商品价格',
  `goods_pic` varchar(120) DEFAULT '' COMMENT '商品展示图片',
  `addtime` int(10) NOT NULL COMMENT '添加时间',
  `status` int(1) NOT NULL DEFAULT '0' COMMENT '上架状态 0不上架 1上架',
  `cid` int(11) DEFAULT '1',
  PRIMARY KEY (`id`)
) ENGINE=MyISAM AUTO_INCREMENT=161 DEFAULT CHARSET=utf8mb4 COMMENT='商品表';
/*!40101 SET character_set_client = @saved_cs_client */;

--
-- Dumping data for table `xy_goods_list_copy`
--

LOCK TABLES `xy_goods_list_copy` WRITE;
/*!40000 ALTER TABLE `xy_goods_list_copy` DISABLE KEYS */;
INSERT INTO `xy_goods_list_copy` VALUES (1,'信酷小米专营店','小米/MIUI 小米电视4S 43英寸人工智能语音网络平板电视 1GB+8GB HDR 4K超高清','金属机身',1.00,'/upload/goods_img/大家电/5db3b89a8d174.jpg',1572059510,0,1),(2,'邮乐安阳馆','【汤阴县积分用户专享】洗衣机XpB—126-9896S','',1.00,'/upload/goods_img/大家电/5db3b89a9f288.jpg',1578206762,0,1),(3,'海信电器旗舰店','海信（Hisense）HZ39E35A 39英寸高清手机交互 轻薄金属 WIFI人工智能液晶电视机','',1.00,'/upload/goods_img/大家电/5db3b89ab61bd.jpg',1572059510,0,1),(4,'邮滋味如皋馆专柜','创维9公斤变频滚筒洗衣机  型号：F9015NC-炫金   如皋免费送货上门，南通包邮，华东地区配货','创维洗衣机，安全健康专家，免费上门安装，绝对优惠，每月线下更有现场特惠活动',1.00,'/upload/goods_img/大家电/5db3b89b52437.jpg',1572059510,0,1),(5,'邮滋味如皋馆专柜','创维2P定频立式柜机，型号：KFR-50LW/F2DA1A-3（限如皋地区免费送货上门安装）','创维定频空调，免费上门安装，绝对优惠，每月更有现场特惠活动',4.00,'/upload/goods_img/大家电/5db3b89b6e95e.jpg',1572059510,0,1),(6,'创维电视官方旗舰店','创维/SKYWORTH 58H8M 58英寸4K超高清全面屏防蓝光人工智能语音HDR超薄网络液晶电视','4K超高清，声像自然，一场声觉革新，视觉体验，光学防蓝光，护眼不偏色',3.00,'/upload/goods_img/大家电/5db3b89b79d10.jpg',1572059510,0,1),(7,'邮乐洛阳','【洛阳金融积分兑换】TCL 205升 三门电冰箱 （星空银） BC（邮政网点配送）','',1.00,'/upload/goods_img/大家电/5db3b89bc11c1.jpg',1572059510,0,1),(8,'邮滋味如皋馆专柜','创维9公斤全自动波轮洗衣机，型号XQB90-52BAS淡雅银如皋免费送货上门，南通包邮，华东地区配送','创维家电大品牌，安全可靠，夏季特惠；每月现场有特惠活动',1.00,'/upload/goods_img/大家电/5db3b89bcfc24.jpg',1572059510,0,1),(9,'信阳邮约会','【限信阳地区积分兑换专用，不对外销售】家用洗衣机，图片仅供参考','',1.00,'/upload/goods_img/大家电/5db3b89be0d98.jpg',1572059510,0,1),(10,'邮乐安阳馆','【滑县积分用户专享】创维电器洗衣机9公斤波轮安阳','',1.00,'/upload/goods_img/大家电/5db3b89bee474.jpg',1572059510,0,1),(11,'邮乐安阳馆','美菱3开门冰箱BCD-209M3CX【汤阴县积分兑换专用，其他下单不发货】','',1.00,'/upload/goods_img/大家电/5db3b89c06586.jpg',1572059510,0,1),(12,'邮乐安阳馆','美菱电冰箱209L3CS【安阳县积分兑换用户专用，其他地区发】','',1.00,'/upload/goods_img/大家电/5db3b89c16f2a.jpg',1572059510,0,1),(13,'信阳邮约会','【限信阳地区积分兑换专用，不对外销售】自动洗衣机 家用洗衣机，图片仅供参考','',2.00,'/upload/goods_img/大家电/5db3b89c22e95.jpg',1572059510,0,1),(14,'邮乐安阳馆','【滑县积分用户专享】创维电器电视50寸4K智能安阳','',3.00,'/upload/goods_img/大家电/5db3b89c2bb37.jpg',1572059510,0,1),(15,'邮乐安阳馆','【安阳县积分用户专享】长虹液晶电视55U1','',3.00,'/upload/goods_img/大家电/5db3b89f48109.jpg',1572059510,0,1),(16,'海信电器旗舰店','海信（Hisense）HZ32E30D 32英寸蓝光高清平板液晶电视机 酒店宾馆卧室推荐','【海信今日限时特惠-到手价788元！】限量200台！抢完即止！',749.00,'/upload/goods_img/大家电/5db3b89f51194.jpg',1572059510,0,1),(17,'邮滋味如皋馆专柜','邮乐特卖：庭美家用消毒柜    型号：YTP-280    如皋免费送货上门，南通包邮，华东地区配送','庭美消毒柜，安全可靠，邮乐特惠；每月现场有特惠活动——18862731238',755.00,'/upload/goods_img/大家电/5db3b89f5ec57.jpg',1572059510,0,1),(18,'吉舜诚商城专柜','飞利浦（PHILIPS）  19英寸液晶电视机 显示器两用 hdmi高清接口','19PFF2650',799.00,'/upload/goods_img/大家电/5db3b89fb14ba.jpg',1572059510,0,1),(19,'创维集团官方旗舰店','创维/SKYWORTH 32X3 32英寸窄边非智能老人机蓝光高清节能LED平板液晶电视机工程机','蓝光高清，经典窄边，节能液晶，简单好用，谁用谁知道，实用耐用款',799.00,'/upload/goods_img/大家电/5db3b89fc8fa8.jpg',1572059510,0,1),(20,'吉舜诚商城专柜','飞利浦（PHILIPS）22英寸LED高清液晶平板电视机含底座 黑色','22PFF2650/T3',899.00,'/upload/goods_img/大家电/5db3b89fd917b.jpg',1572059510,0,1),(21,'创维集团官方旗舰店','创维/SKYWORTH 32X6 32英寸10核窄边高清 人工智能 网络WIFI 卧室液晶平板电视机','超值钜惠，高清智能电视，WIFI，酷开系统，10核处理器',899.00,'/upload/goods_img/大家电/5db3b89fe6086.jpg',1572059510,0,1),(22,'海信电器旗舰店','海信 (Hisense) HZ32E35A 32英寸AI智能WIFI 轻薄金属 卧室神器高清电视机','',899.00,'/upload/goods_img/大家电/5db3b8a0004c2.jpg',1572059510,0,1),(23,'邮滋味如皋馆专柜','创维邮乐特卖： 32寸液晶电视机，型号：32E381S   如皋免费送货上门，南通包邮，华东地区配货','创维液晶电视大品牌，夏季特惠；每月现场有特惠活动',899.00,'/upload/goods_img/大家电/5db3b8a01be30.jpg',1572059510,0,1),(24,'琥麟电器专柜','海信 XQB60-H3568 6公斤全自动波轮洗衣机','',749.00,'/upload/goods_img/大家电/5db3b8a0279b3.jpg',1572059510,0,1),(25,'邮滋味如皋馆专柜','创维7公斤全自动波轮洗衣机，型号：XQB70-21C淡雅银，如皋免费送货上门，南通包邮，华东地区配送','创维家电大品牌，安全可靠，邮乐特惠；每月现场有特惠活动——18862731238',928.00,'/upload/goods_img/大家电/5db3b8a0367fe.jpg',1572059510,0,1),(26,'邮滋味如皋馆专柜','创维单冷冰柜，型号：BD/C-160雅白，如皋地区免费送货上门安装，南通地区包邮，华东地区配货','创维冰柜，安全健康专家，免费上门安装，绝对优惠，每月线下更有现场特惠活动',999.00,'/upload/goods_img/大家电/5db3b8a042f39.jpg',1572059510,0,1),(27,'创维集团官方旗舰店','创维（SKYWORTH）32H5 32英寸高清HDR 护眼全面屏 AI人工智能语音 网络WIFI 卧','高清HDR 护眼全面屏 AI人工智能语音 网络WIFI',999.00,'/upload/goods_img/大家电/5db3b8a0511cd.jpg',1572059510,0,1),(28,'邮滋味如皋馆专柜','创维/SKYWORTH热水器，型号：DSZF-D5501-80，如皋免费送货上门，南通包邮 创维/','创维家电大品牌，安全可靠，邮乐特惠；每月现场有特惠活动——18862731238',999.00,'/upload/goods_img/大家电/5db3b8a07389d.jpg',1572059510,0,1),(29,'琥麟电器专柜','Hisense/海信 HB80DA332G8KG公斤大容量家用全自动节能波轮洗衣机','',899.00,'/upload/goods_img/大家电/5db3b8a386615.jpg',1572059510,0,1),(30,'琥麟电器专柜','海信 BCD-163N/B 冰柜冷藏冷冻双温家用商用小型卧式','',999.00,'/upload/goods_img/大家电/5db3b8a390a27.jpg',1572059510,0,1),(31,'吉舜诚商城专柜','东芝（TOSHIBA）  32英寸 蓝光液晶电视 高清平板电视机 东芝电视机','32L1500C',1.00,'/upload/goods_img/大家电/5db3b8a69aafd.jpg',1572059510,0,1),(32,'创维集团官方旗舰店','创维/SKYWORTH 40X6 40英寸10核窄边高清 人工智能 网络WIFI 卧室液晶平板电视机','超值钜惠！高清智能，10核处理器，可以WIFI上网',1.00,'/upload/goods_img/大家电/5db3b8a9a6b14.jpg',1572059510,0,1),(33,'甲子商城旗舰店','康佳/KONKA  LED39E330C 39英寸卧室电视高清蓝光节能平板液晶电视','',949.00,'/upload/goods_img/大家电/5db3b8a9b22ae.jpg',1572059510,0,1),(34,'邮乐赣州馆','【不支持邮乐卡支付】创维-彩电-40E1C 40英寸全高清HDR 护眼全面屏 AI人工智能语音','',1.00,'/upload/goods_img/大家电/5db3b8a9cf38d.jpg',1572059510,0,1),(35,'琥麟电器专柜','海信 BCD-177F/Q 177升 双门冰箱','',1.00,'/upload/goods_img/大家电/5db3b8a9f0abd.jpg',1572059510,0,1),(36,'创维集团官方旗舰店','创维/SKYWORTH 43X6 43英寸10核窄边高清 人工智能 网络WIFI 卧室液晶平板电视机','【买电视选创维】高清智能，10核处理器，质量上乘，价格厚道，可以Wifi上网',1.00,'/upload/goods_img/大家电/5db3b8aa1b4b4.jpg',1572059510,0,1),(37,'创维集团官方旗舰店','创维（SKYWORTH）40H5 40英寸全高清HDR 护眼全面屏 AI人工智能语音 网络WIFI','全高清HDR 护眼全面屏 AI人工智能语音',1.00,'/upload/goods_img/大家电/5db3b8aa26c4f.jpg',1572059510,0,1),(38,'邮乐安阳馆','市区积分用户专享】创维平板电视32X6','',1.00,'/upload/goods_img/大家电/5db3b8aa31c19.jpg',1572059510,0,1),(39,'吉舜诚商城专柜','飞利浦（PHILIPS）32英寸新品高清LED电视 接口丰富窄边高清LED液晶平板电视机','32PHF3282/T3',1.00,'/upload/goods_img/大家电/5db3b8aa3b85c.jpg',1572059510,0,1),(40,'琥麟电器专柜','海信 BD/BC-308NU/A 冰柜家用 顶开式卧式商用冷藏冷冻柜','',1.00,'/upload/goods_img/大家电/5db3b8aa4931f.jpg',1572059510,0,1),(41,'明凰服饰专营店','男女冲锋衣工装棉服外套修身加厚款','邮乐支持微信，支付宝，网银，邮储卡和银联卡支付。（不同商品请分开下单）',85.00,'/upload/goods_img/户外服饰/5db3b8b22c022.jpg',1572059516,0,1),(42,'户外途量工厂专卖店','春夏季运动风衣钓鱼防晒衣男女超薄透气皮肤衣防风外套户外速干潮流衣服情侣款皮肤衣','大码骑行长袖',29.90,'/upload/goods_img/户外服饰/5db3b8b23604c.jpg',1572059516,0,1),(43,'探路者正江专卖店','探路者/TOREAD 冲锋裤 运动裤 秋冬户外软壳裤男透气防风保暖徒步裤KAMG91159','',428.00,'/upload/goods_img/户外服饰/5db3b8b25312b.jpg',1572059516,0,1),(44,'探路者正江专卖店','探路者运动服 探路者冲锋衣 19秋冬户外女式防水透湿套绒冲锋衣TAWH92285','',839.00,'/upload/goods_img/户外服饰/5db3b8b25d925.jpg',1572059516,0,1),(45,'好看哒专营店','防晒衣女中长款薄款防晒服','FSY-6387',45.00,'/upload/goods_img/户外服饰/5db3b8b56628b.jpg',1572059516,0,1),(46,'宝仕母婴专营店专柜','L户外皮肤衣防紫外线防晒衣男女夏季超薄透气防晒服运动风衣','',75.00,'/upload/goods_img/户外服饰/5db3b8b573966.jpg',1572059516,0,1),(47,'好看哒专营店','防晒衣女夏季新款韩版连帽系带长袖防晒衣糖果色沙滩户外披肩防晒衣','FSY-54',19.90,'/upload/goods_img/户外服饰/5db3b8b88f380.jpg',1572059516,0,1),(48,'户外途量工厂专卖店','户外速干T恤男 女休闲跑步运动健身短袖大码情侣快干衣排汗透气','',22.80,'/upload/goods_img/户外服饰/5db3b8b8abc8f.jpg',1572059516,0,1),(49,'好看哒专营店','防晒衣 户外薄款防紫外线印花防晒衣','FSY-1736',25.00,'/upload/goods_img/户外服饰/5db3b8b8c0c84.jpg',1572059516,0,1),(50,'好看哒专营店','防晒衣夏季女蝙蝠袖连帽拉链短款防晒衣','FSY-5423',35.00,'/upload/goods_img/户外服饰/5db3b8b9b16a1.jpg',1572059516,0,1),(51,'好看哒专营店','防晒衣男士薄款纯色连帽防晒衣','FSY-4167',35.00,'/upload/goods_img/户外服饰/5db3b8b9bbe9c.jpg',1572059516,0,1),(52,'户外途量工厂专卖店','城徒 户外春夏单层冲锋衣女防晒衣男轻薄防风钓鱼服透气速干外套长袖衫','',35.80,'/upload/goods_img/户外服饰/5db3b8ba1b847.jpg',1572059516,0,1),(53,'好看哒专营店','防晒衣韩版短款薄款连帽长袖防晒衣','FSY-5439',36.00,'/upload/goods_img/户外服饰/5db3b8ba72314.jpg',1572059516,0,1),(54,'好看哒专营店','防晒衣女中长款涂鸦薄款防晒衣','FSY-5282',36.00,'/upload/goods_img/户外服饰/5db3b8ba99fd5.jpg',1572059516,0,1),(55,'好看哒专营店','防晒衣女中长款薄款防晒衣','FSY-5456',37.90,'/upload/goods_img/户外服饰/5db3b8baa8e20.jpg',1572059516,0,1),(56,'户外途量工厂专卖店','秋冬户外男抓绒衣摇粒绒女外套保暖冲锋衣内胆开衫卫衣','',39.00,'/upload/goods_img/户外服饰/5db3b8bab267b.jpg',1572059516,0,1),(57,'户外途量工厂专卖店','户外秋冬季加绒加厚抓绒衣男女摇粒绒保暖抓绒外套开衫冲锋衣内胆','',49.00,'/upload/goods_img/户外服饰/5db3b8bae0cb5.jpg',1572059516,0,1),(58,'江门新会馆','【江门新会馆】caxa断码 两截速干裤女 韩版修身透气徒步快干裤野外登山跑步长裤','',50.00,'/upload/goods_img/户外服饰/5db3b8baf06b9.jpg',1572059516,0,1),(59,'宝仕母婴专营店专柜','L夏季休闲短裤男宽松5分中裤子男士运动五分裤大码跑步速干沙滩裤','',55.00,'/upload/goods_img/户外服饰/5db3b8bb2ba54.jpg',1572059516,0,1),(60,'江门新会馆','【江门新会馆】caxa修身户外健身速干裤女 快干弹力透气登山大码长裤 弹力户外裤','',60.00,'/upload/goods_img/户外服饰/5db3b8bb513ed.jpg',1572059516,0,1),(61,'探路者正江专卖店','探路者/TOREADt恤女户外夏季快干速干透气运动服TAJG82984','',61.00,'/upload/goods_img/户外服饰/5db3b8bb5ac47.jpg',1572059516,0,1),(62,'铁好家居美妆日用百货专营店','佳钓尼 夏遮阳防晒帽套头面罩透气防紫外线渔夫帽','',48.00,'/upload/goods_img/户外服饰/5db3b8bb8e0a3.jpg',1572059516,0,1),(63,'宝仕母婴专营店专柜','防晒衣男女情侣春夏季防雨风衣超薄透气速干钓鱼防晒服户外皮肤衣MN','',69.00,'/upload/goods_img/户外服饰/5db3b8bb9f9e7.jpg',1572059516,0,1),(64,'户外途量工厂专卖店','城徒 春夏季速干裤男女大码轻薄快干透气户外修身显瘦弹力冲锋裤','',69.00,'/upload/goods_img/户外服饰/5db3b8bbb3e24.jpg',1572059516,0,1),(65,'宝仕母婴专营店专柜','L运动户外夏季速干t恤 男女短袖速干衣快干t恤 吸汗透气','',69.00,'/upload/goods_img/户外服饰/5db3b8bbe33ff.jpg',1572059516,0,1),(66,'宝仕母婴专营店专柜','L健身房教练速干T恤男女 圆领情侣夏季短袖汗衫','',69.00,'/upload/goods_img/户外服饰/5db3b8bc1bca2.jpg',1572059516,0,1),(67,'户外途量工厂专卖店','城徒 冬季正品户外冲锋裤男女抓绒裤保暖防风防水加厚软壳裤登山裤长裤','',75.00,'/upload/goods_img/户外服饰/5db3b8bc42dab.jpg',1572059516,0,1),(68,'江门新会馆','【江门新会馆】caxa修身弹力女款休闲棉裤 户外休闲快干长裤 女士跑步登山健身裤','',78.00,'/upload/goods_img/户外服饰/5db3b8bc96997.jpg',1572059516,0,1),(69,'江门新会馆','【江门新会馆】caxa休闲修身速干裤 透气轻薄运动裤耐磨健身户外裤多袋裤七分裤','',78.00,'/upload/goods_img/户外服饰/5db3b8bcac92c.jpg',1572059516,0,1),(70,'探路者正江专卖店','探路者/TOREAD 运动服 短袖户外女运动跑步排汗透气圆领速干T恤TAJF82784','',78.00,'/upload/goods_img/户外服饰/5db3b8bcc53b9.jpg',1572059516,0,1),(71,'户外途量工厂专卖店','冲锋裤男户外秋冬防风防水软壳裤女加绒加厚抓绒裤保暖徒步登山裤','',79.00,'/upload/goods_img/户外服饰/5db3b8bd362c1.jpg',1572059516,0,1),(72,'探路者正江专卖店','探路者/TOREADT恤女 夏户外女式超轻透气速干衣圆领T恤短袖KAJG82352','',99.00,'/upload/goods_img/户外服饰/5db3b8bd44554.jpg',1572059516,0,1),(73,'探路者正江专卖店','探路者/TOREAD 短袖 18春夏新款户外女式圆领速干透气印花短袖T恤TAJG82939','',99.00,'/upload/goods_img/户外服饰/5db3b8bd602ab.jpg',1572059516,0,1),(74,'探路者正江专卖店','探路者/TOREAD夏新款户外运动透气弹力速干女式半袖短袖T恤KAJG82310','',99.00,'/upload/goods_img/户外服饰/5db3b8be68f86.jpg',1572059516,0,1),(75,'探路者正江专卖店','探路者/TOREAD T恤女款 秋季户外短袖女时尚速干透气短袖T恤TAJG82938','',99.00,'/upload/goods_img/户外服饰/5db3b8be96a09.jpg',1572059516,0,1),(76,'洋湖轩榭官方旗舰店','洋湖轩榭 春秋季新款中老年男装连帽冲锋衣爸爸装休闲夹克衫外套男A','钜惠双十一 感恩惠顾',126.42,'/upload/goods_img/户外服饰/5db3b8bea6025.jpg',1572059516,0,1),(77,'南城百货专营店','秋冬季加绒加厚冲锋衣男女三合一可拆卸两件套防水户外情侣登山服','秋冬季加绒加厚冲锋衣男女三合一可拆卸两件套防水户外情侣登山服',158.00,'/upload/goods_img/户外服饰/5db3b8bede68a.jpg',1572059516,0,1),(78,'正江服饰专营店','包邮韵格NT1021男士紧身训练PRO运动健身跑步长袖弹力速干服纯色衣服','',59.00,'/upload/goods_img/户外服饰/5db3b8beeb97d.jpg',1572059516,0,1),(79,'流行饰品运动户外器械','汤河店 户外冲锋裤男女可脱卸秋冬季加绒加厚保暖软壳防风防水登山滑雪裤','',179.00,'/upload/goods_img/户外服饰/5db3b8bf07cf9.jpg',1572059516,0,1),(80,'流行饰品运动户外器械','汤河店 韩国正品vvc防晒衣女经典薄夏季中长款防晒服户外防紫外线皮肤衣','',499.00,'/upload/goods_img/户外服饰/5db3b8bf2bf21.jpg',1572059516,0,1),(81,'乐颐汇数码专营店','荣耀10青春版 幻彩渐变 2400万AI自拍 全网通版4GB+64GB','2400万AI高清自拍，麒麟710处理器，炫光渐变色',989.00,'/upload/goods_img/手机数码/5db3b8700e46c.jpg',1572059524,0,1),(82,'乐颐汇数码专营店','华为/HUAWEI 畅享9 手机 全网通 4GB+128GB','6.26英寸珍珠屏 4000mAh大电池',1099.00,'/upload/goods_img/手机数码/5db3b8731cf7b.jpg',1572059524,0,1),(83,'米果商贸专柜','折叠式平板电脑支架底座懒人手机支架【颜色随机发货】','',9.90,'/upload/goods_img/手机数码/5db3b87337179.jpg',1572059524,0,1),(84,'邮乐韵菲专营店','（亏本促销）车载手机支架双面吸盘式家居懒人多功能通用可弯曲创意手机支架','',1.00,'/upload/goods_img/手机数码/5db3b87345fc4.jpg',1572059524,0,1),(85,'麦尚科技专营店','手机支架懒人支架卡通创意平板电脑桌面支撑座【款式随机】','',9.90,'/upload/goods_img/手机数码/5db3b8734f81e.jpg',1572059524,0,1),(86,'邮乐韵菲专营店','无线蓝牙耳机迷你超小苹果安卓通用耳机','送两条充电线+一个收纳盒',15.90,'/upload/goods_img/手机数码/5db3b873b60d7.jpg',1572059524,0,1),(87,'万品好易购商城','XO NB23 八角宝石锌合金数据线','产品颜色：黑色  白色 宝石外观 不拘一格;  锌合金 更出色；  2.4A极速充电，高效传输文件',49.00,'/upload/goods_img/手机数码/5db3b873bf931.jpg',1572059524,0,1),(88,'万品好易购商城','XO F1 户外Mini蓝牙音箱 经典挂扣 防水 防尘/防摔 抗干扰性强 无线链接 免提通话','音量调节/音乐播放、暂停/上下曲切换 语音报号/来电铃声/数据输出/直读SD卡',99.00,'/upload/goods_img/手机数码/5db3b873d7806.jpg',1572059524,0,1),(89,'万品好易购商城','XO  PB39 移动电源 8000mAh','8000mAh大容量 双输出带LED灯  ； 电源保护, 好用更安全； 智能分流 高效输出',119.00,'/upload/goods_img/手机数码/5db3b8740878f.jpg',1572059524,0,1),(90,'万品好易购商城','XO BS8 运动蓝牙耳机源于经典 加以升级 鲨鱼鳍耳翼 舒适牢固','源于经典 加以升级； 鲨鱼鳍耳翼 舒适牢固 ； 无惧雨水  防水防汗； 蓝牙4.2版本，深度降噪',169.00,'/upload/goods_img/手机数码/5db3b87419133.jpg',1572059524,0,1),(91,'万品好易购商城','XO BS7 运动蓝牙耳机 深度降噪 通话更清晰 轻松操控 随意切换','强劲的CSR芯片 提升续航能力； 蓝牙4.1版本，深度降噪，通话更清晰； 霍尔磁控开关，智能感应',199.00,'/upload/goods_img/手机数码/5db3b8742586e.jpg',1572059524,0,1),(92,'万品好易购商城','XO A8 蓝牙音箱 智能触控 自由切换 大容量电池 可连续播放约4-6小时 土豪金 星空银 银色','智能触控，自由切换； 内置1000毫安聚合物电池，全频高清喇叭+低音振膜,可连续播放约4-6小时',169.00,'/upload/goods_img/手机数码/5db3b874390f2.jpg',1572059524,0,1),(93,'普润家居专营店','oppo蓝牙耳机迷你vivo超小隐形运动通用华为无线耳塞超长待机开车','',79.00,'/upload/goods_img/手机数码/5db3b874496ae.jpg',1572059524,0,1),(94,'木易生活专柜','2米超长  美能格  苹果安卓Type-C数据线 2.4A快充电线','2米超长  美能格  苹果安卓Type-C数据线 2.4A快充电线',12.90,'/upload/goods_img/手机数码/5db3b874588e2.jpg',1572059524,0,1),(95,'木易生活专柜','沃晟伦蓝牙耳机M165蓝牙耳机入耳式商务车载便携式4.1*','沃晟伦蓝牙耳机M165蓝牙耳机入耳式商务车载便携式4.1',15.90,'/upload/goods_img/手机数码/5db3b8746c166.jpg',1572059524,0,1),(96,'北京信酷数码商城专柜','iPhone 苹果原装充电器套装/数据线+充电头电源适配器 通用型','【全国包邮】 充电套装更优惠',69.00,'/upload/goods_img/手机数码/5db3b874784b9.jpg',1572059524,0,1),(97,'小牛数码家居专柜','飞利浦/PHILIPS 多功能可伸缩车载手机支架DLK35002','多功能可伸缩车载手机支架',68.00,'/upload/goods_img/手机数码/5db3b87484bf4.jpg',1572059524,0,1),(98,'北京信酷数码商城专柜','苹果 iphone X /XS MAX/XS/XR/钢化膜 全屏全覆盖 手机贴膜','',19.00,'/upload/goods_img/手机数码/5db3b87493e28.jpg',1572059524,0,1),(99,'邮乐萍乡馆','南孚(NANFU)3V纽扣电池两粒 CR2032/CR2025/CR2016锂电池电子汽车钥匙遥控','奔驰c200l福特 新蒙迪欧 高尔夫7 新马自达昂克赛拉阿特兹 手表奔驰大众汽车钥匙电池',9.90,'/upload/goods_img/手机数码/5db3b874a670c.jpg',1572059524,0,1),(100,'信酷小米专营店','小米（MI） 车载充电器快充版 QC3.0 双口输出 智能温度控制 兼容iOS和Android设备','小米正品 全国包邮',89.00,'/upload/goods_img/手机数码/5db3b874b8050.jpg',1572059524,0,1),(101,'北京信酷数码商城专柜','苹果 iPhone6/6S/6Plus/6SPlus/iPhone7/7P防爆钢化玻璃膜高清手机贴膜','进口AGC玻璃板！超薄钢化玻璃膜！秒杀国产玻璃！',26.00,'/upload/goods_img/手机数码/5db3b874c207b.jpg',1572059524,0,1),(102,'北京信酷数码商城专柜','OPPO手机原装耳机R11/PLUS入耳式线控r11s/r15耳机 白色盒装','',38.80,'/upload/goods_img/手机数码/5db3b874d31ef.jpg',1572059524,0,1),(103,'北京信酷数码商城专柜','华为（HUAWEI）小天鹅无线蓝牙免提通话音箱4.0 便携户外/车载迷你音响AM08','音·触即发！360°音效技术，音质真实自然，简洁触控操作，支持蓝牙免提通话。',95.00,'/upload/goods_img/手机数码/5db3b874e280a.jpg',1572059524,0,1),(104,'北京信酷数码商城专柜','三星 32G内存卡(CLASS10 48MB/s)  手机内存卡32g MicroSD存储卡','正品行货 支持专柜验货 实行三包政策 轻放心购买',95.00,'/upload/goods_img/手机数码/5db3b874edfa5.jpg',1572059524,0,1),(105,'北京信酷数码商城专柜','华为/HUAWEI 华为快速充电套装 4.5V/5A充电头+type-c线  华为充电器','支持p20/mate10/9pro/p10plus荣耀10/v10/note10等机型',98.00,'/upload/goods_img/手机数码/5db3b87504947.jpg',1572059524,0,1),(106,'北京信酷数码商城专柜','小米（MI）小米手环2（黑色）智能运动 防水 心率监测 计步器 久坐提醒','正品行货 全国包邮',159.00,'/upload/goods_img/手机数码/5db3b875133ab.jpg',1572059524,0,1),(107,'信酷小米专营店','小米活塞耳机 清新版 黑色 蓝色 入耳式手机耳机 通用耳麦','小米正品 全国包邮',45.00,'/upload/goods_img/手机数码/5db3b8751ef2e.jpg',1572059524,0,1),(108,'信酷小米专营店','小米支架式自拍杆 灰色 黑色 蓝牙遥控迷你便携带三脚架多功能','小米正品 全国包邮',105.00,'/upload/goods_img/手机数码/5db3b875327b2.jpg',1572059524,0,1),(109,'信酷小米专营店','小米（MI）方盒子蓝牙音箱2 无线迷你随身户外便携客厅家用小音响','小米正品 全国包邮',149.00,'/upload/goods_img/手机数码/5db3b87546807.jpg',1572059524,0,1),(110,'信酷小米专营店','小米（MI）小米运动蓝牙耳机mini 黑色白色 无线蓝牙入耳式运动耳机','小米正品 全国包邮',169.00,'/upload/goods_img/手机数码/5db3b8755a85b.jpg',1572059524,0,1),(111,'信酷小米专营店','小米（MI）小钢炮2代 无线蓝牙便携音箱','小米正品 全国包邮',139.00,'/upload/goods_img/手机数码/5db3b87564c6e.jpg',1572059524,0,1),(112,'铁好家居美妆日用百货专营店','公牛BULL 独立3孔位2USB创意魔方插座 1.5米线GN-UUB122【热卖推荐】','立体集成结构 小巧轻便 五重保护',67.00,'/upload/goods_img/手机数码/5db3b87575612.jpg',1572059524,0,1),(113,'九洲科瑞数码专营店','华为 HUAWEI 畅享9 Plus 4GB+128GB','',1.00,'/upload/goods_img/手机数码/5db3b8758639e.jpg',1572059524,0,1),(114,'九洲科瑞数码专营店','华为HUAWEI nova4 4800万超广角三摄8GB+128GB','',2.00,'/upload/goods_img/手机数码/5db3b875932a9.jpg',1572059524,0,1),(115,'九洲科瑞数码专营店','华为 HUAWEI P30 Pro 徕卡四摄10倍混合变焦麒麟980芯片屏内指纹 8GB+128G','',4.00,'/upload/goods_img/手机数码/5db3b8759d6bb.jpg',1572059524,0,1),(116,'邮乐萍乡馆','南孚 安卓数据线 NF-LM001 小米华为OPPO三星vivo充电器通用','',9.90,'/upload/goods_img/手机数码/5db3b875a923e.jpg',1572059524,0,1),(117,'铁好家电数码专营店','公牛BULL 二合一苹果lighting+micro USB数据线GN-J81N【热卖推荐】','MFi官方认证，快速充电，抗折断',69.00,'/upload/goods_img/手机数码/5db3b875b2e80.jpg',1572059524,0,1),(118,'邮乐萍乡馆','南孚(NANFU)LR6AA聚能环 5号+7号碱性干电池【共4粒装】','',9.90,'/upload/goods_img/手机数码/5db3b875be233.jpg',1572059524,0,1),(119,'岳灵生活专营店','南孚手机充电宝 10000毫安大容量礼盒装NFCT10','',169.00,'/upload/goods_img/手机数码/5db3b875cad56.jpg',1572059524,0,1),(120,'邮乐萍乡馆','南孚(NANFU)LR03AAA聚能环7号电池碱性干电池12粒装儿童玩具遥控器赛车闹钟智能门锁电池','AAA干电池持久电力家用',27.80,'/upload/goods_img/手机数码/5db3b875d3610.jpg',1572059524,0,1),(121,'中国农垦官方旗舰店','买2份送一份【中国农垦】黑龙江北大荒  支豆浆粉早餐豆浆粉 非转基因大豆 五谷豆浆粉28g*10袋','早餐豆粉买2份送一份',18.00,'/upload/goods_img/特色美食/5db3b8d338ebc.jpg',1572059535,0,1),(122,'中国农垦官方旗舰店','【中国农垦】黑龙江 北大荒支装豆浆粉（醇豆浆、红枣味可选） 非转基因大豆','早餐豆粉买2份送一份',15.00,'/upload/goods_img/特色美食/5db3b8d3432ce.jpg',1572059535,0,1),(123,'牛牛食品专营店','(8月新货)蒙牛小真果粒125ml*20盒草莓味果粒酸奶小胖丁迷你装','8月份的新货,超好喝，儿童，果粒，健康营养，',22.70,'/upload/goods_img/特色美食/5db3b8d34deb1.jpg',1572059535,0,1),(124,'中国农垦官方旗舰店','【中国农垦】黑龙江 北大荒 支装豆浆粉 麦香甜豆浆粉 28g*10袋','早餐豆粉买2份送一份',15.00,'/upload/goods_img/特色美食/5db3b8d3651ce.jpg',1572059535,0,1),(125,'禾煜食品旗舰店','禾煜 黄冰糖418g包  冰糖土冰糖  煲汤食材','黄冰糖买2送1',15.00,'/upload/goods_img/特色美食/5db3b8d66e304.jpg',1572059535,0,1),(126,'新农哥旗舰店','【新农哥】板栗仁108gx4袋  休闲零食小吃','',26.90,'/upload/goods_img/特色美食/5db3b8d6832f9.jpg',1572059535,0,1),(127,'新农哥旗舰店','新农哥 每日坚果 混合果仁 缤纷坚果仁175g*2盒  休闲零食','缤纷美味 一吃钟情',59.90,'/upload/goods_img/特色美食/5db3b8d68e2c4.jpg',1572059535,0,1),(128,'众天蜂蜜邮乐农品旗舰店','众天山花蜂蜜500g','秦岭深处 百花酿造而成 最受欢迎的蜂蜜 性价比极高！',19.90,'/upload/goods_img/特色美食/5db3b8d6a2ed1.jpg',1572059535,0,1),(129,'中国农垦官方旗舰店','【中国农垦】黑龙江 北大荒 非转基因大豆 豆浆粉 红枣豆浆粉28g*10袋','早餐豆粉买2份送一份',18.00,'/upload/goods_img/特色美食/5db3b8d6ae283.jpg',1572059535,0,1),(130,'考拉小哥专营店','薛小贱 每日坚果25g*1包','厂家直供、7种混合、日期新鲜',1.66,'/upload/goods_img/特色美食/5db3b8d6b8e66.jpg',1572059535,0,1),(131,'萃涣堂蒲公英茶专柜','【滨州馆】萃涣堂五宝茶 益本茶 男人茶养生茶 草本','【萃涣堂】五宝益本茶 男人茶买2送1五宝茶男人茶枸杞茶玛咖片黄精男肾茶老公八宝茶养生茶 做性福的男人',19.00,'/upload/goods_img/特色美食/5db3b8d6c8481.jpg',1572059535,0,1),(132,'萃涣堂蒲公英茶专柜','【滨州馆】寻味山东新鲜现做手工 滨州黑芝麻红枣饼核桃 枸杞传统工艺 香甜可口 10g独立装包邮','寻味山东 新鲜现做手工滨州黑芝麻红枣饼核桃 枸杞传统工艺 香甜可口 10g独立装包邮',1.00,'/upload/goods_img/特色美食/5db3b8d6cc302.jpg',1572059535,0,1),(133,'正江食品专营店','寿全斋  红枣姜茶 姜茶 12g*10条','',25.00,'/upload/goods_img/特色美食/5db3b8d6debe7.jpg',1572059535,0,1),(134,'阿坝州理县地方扶贫馆','四川浓香菜籽油 5升农家非转基因5l纯菜子粮油食用油约10斤植物油','2019新油，滴滴香浓，四川非转基因纯菜籽油',66.00,'/upload/goods_img/特色美食/5db3b8d6f246b.jpg',1572059535,0,1),(135,'千岛湖品牌农产品馆','千岛湖 千岛渔娘 糍粑（4味）200g','买二赠一 糍粑',15.00,'/upload/goods_img/特色美食/5db3b8d706ecd.jpg',1572059535,0,1),(136,'萃涣堂蒲公英茶专柜','【滨州馆】萃涣堂 金菊饮 菊花枸杞茶 菊花茶叶贡菊散装杭枸杞菊花茶非解毒去火清热凉茶','【滨州馆】萃涣堂 金菊饮 菊花枸杞茶 菊花茶叶贡菊散装杭枸杞菊花茶非解毒去火清热凉茶',0.50,'/upload/goods_img/特色美食/5db3b8d713dd8.jpg',1572059535,0,1),(137,'果蔻食品专营店','果蔻 每日坚果B款20g/包简装无礼盒成人儿童孕妇混合果仁坚果零食大礼包','科学配比  营养美味',1.39,'/upload/goods_img/特色美食/5db3b8d729985.jpg',1572059535,0,1),(138,'萃涣堂蒲公英茶专柜','【滨州馆】萃涣堂 黑苦荞茶 5克/袋 苦荞茶正品 大凉山','【滨州馆】萃涣堂 黑苦荞茶 5克/袋 苦荞茶正品 大凉山',0.50,'/upload/goods_img/特色美食/5db3b8d736890.jpg',1572059535,0,1),(139,'佳林院红枣旗舰店','【0.4元/袋佳林院泡茶煮粥煲汤枣圈】山东特产乐陵红枣每袋约12克袋装50袋起拍包邮部分偏远地区除外','佳林院品牌装，泡茶煮粥枣圈，拼团价0.4元/袋，每袋约12克装，50袋起拍，食用方便，经济实惠！',0.40,'/upload/goods_img/特色美食/5db3b8d798327.jpg',1572059535,0,1),(140,'果蔻食品专营店','果蔻 每日坚果25g*1包成人儿童孕妇混合坚果混合果仁小吃零食','',1.65,'/upload/goods_img/特色美食/5db3b8d7aa43b.jpg',1572059535,0,1),(141,'萃涣堂蒲公英茶专柜','【滨州馆】红枣黑糖姜茶大姨妈水姜糖女老姜块生姜姜汁姜汤红糖姜枣茶小袋装25克/袋','姜味浓,红枣多,顺畅暖暖,效果杠杠“冬吃萝卜夏吃姜。”传统组方真材实料。',0.90,'/upload/goods_img/特色美食/5db3b8dab8392.jpg',1572059535,0,1),(142,'南阳专区专营店','南阳西峡现摘金桃黄心猕猴桃15枚 （单枚60g-90g）买一送一 共30枚，合并发一箱','买一赠一活动',19.90,'/upload/goods_img/特色美食/5db3b8dac3745.jpg',1572059535,0,1),(143,'果然好口福专柜','宁 福吉 5斤起拍新疆原味生核桃新货 特产薄皮核桃 坚果炒货休闲零食包邮','新疆薄皮核桃  送夹子',9.90,'/upload/goods_img/特色美食/5db3b8daea466.jpg',1572059535,0,1),(144,'刘陶生鲜旗舰店','刘陶 福建红肉柚子红心蜜柚8.5-9.5斤（3-4个装） 新鲜水果2','',25.50,'/upload/goods_img/特色美食/5db3b8db3a40e.jpg',1572059535,0,1),(145,'丹东邮政农特产品专营店','2019年丹东新鲜板栗4斤东北农家生板栗毛栗子现摘栗子应季水果干','',19.90,'/upload/goods_img/特色美食/5db3b8db3a7f6.jpg',1572059535,0,1),(146,'果然好口福专柜','宁福吉 新疆和田大枣煲粥枣500克包邮','',6.60,'/upload/goods_img/特色美食/5db3b8db578d5.jpg',1572059535,0,1),(147,'小呆妞旗舰店','预售小呆妞四川蒲江金艳黄心猕猴桃90-110g中果24枚 72内小时发货','关于售后：签收24小时内后台申请退款请提供坏果和快递单合照，会根据实际损坏赔付',27.90,'/upload/goods_img/特色美食/5db3b8db63c28.jpg',1572059535,0,1),(148,'萃涣堂蒲公英茶专柜','萃涣堂茉莉绿茶三角茶包袋茉莉花茶小袋装绿茶袋泡冷泡茶包伴手礼花茶茶包组合玫瑰茉莉绿茶袋泡三','萃涣堂茉莉绿茶三角茶包袋茉莉花茶小袋装绿茶袋泡冷泡茶包',0.90,'/upload/goods_img/特色美食/5db3b8db71303.jpg',1572059535,0,1),(149,'丹东邮政农特产品专营店','新鲜现挖番薯红黄心密署农家自种蒸煮粉糯香甜沙地地瓜烤烟署5斤','',16.80,'/upload/goods_img/特色美食/5db3b8db862f8.jpg',1572059535,0,1),(150,'川锅壹号旗舰店','川锅壹号辣白菜228g韩国泡菜下饭菜正宗朝鲜口味拌饭菜版面菜','酸辣可口 老少皆宜',5.90,'/upload/goods_img/特色美食/5db3b8dbcdf79.jpg',1572059535,0,1),(151,'福香御旗舰店','福香御 慢生长2018东北大米雪花米10斤真空包邮色选米','初霜收割，180天慢生长周期，30天鲜磨直达，大米胚乳含量极为丰富，口感软糯香甜。',27.90,'/upload/goods_img/特色美食/5db3b8dbdb26c.jpg',1572059535,0,1),(152,'兰州鲜合苑百合特产店专营店','现包现发100%新鲜正宗兰州市七里河区产兰州鲜百合3年生兰州百合农家甜百合，约16颗百合一斤','兰州鲜百合，无任何添加剂，宝宝也可以放心食用',19.90,'/upload/goods_img/特色美食/5db3b8dbe8d2f.jpg',1572059535,0,1),(153,'当季鲜果','黄金奇异果12枚包邮（中果70-90克，拍2件多送6枚，合并发30枚）金艳黄心猕猴桃新鲜水果','快递随机，不能指定快递，下单后72小时内发货，下雨天顺延，购买前请阅读售后要求，介意慎拍',9.90,'/upload/goods_img/特色美食/5db3b8dc0be0c.jpg',1572059535,0,1),(154,'丹东邮政农特产品专营店','东北特产老品种大米  凤城蓝乡生态米 10斤 珍珠米 非蟹田','东北特产老品种大米  凤城蓝乡生态米 10斤 珍珠米 非蟹田',28.80,'/upload/goods_img/特色美食/5db3b8dc17d77.jpg',1572059535,0,1),(155,'川锅壹号旗舰店','川锅壹号蟹黄酱拌饭酱秃黄油拌面酱蟹粉酱蟹黄膏酱料即食螃蟹酱','金脂香软 经典美味',9.90,'/upload/goods_img/特色美食/5db3b8dc2c59c.jpg',1572059535,0,1),(156,'刘陶生鲜旗舰店','刘陶 云南昭通丑苹果5斤大果（13-15个）新鲜水果','拼团的亲想更加快的发货，尽量和已经开团的亲拼团购买',27.00,'/upload/goods_img/特色美食/5db3b8dc365c6.jpg',1572059535,0,1),(157,'福香御旗舰店','福香御 大米5kg装2018新米圆粒珍珠米寿司香米秋田小町农家东北大米包邮','',29.99,'/upload/goods_img/特色美食/5db3b8de5a091.jpg',1572059535,0,1),(158,'刘陶生鲜旗舰店','刘陶 云南石林人生果圆果净果5斤（25-35个）大果新鲜水果2','拼团的亲想更加快的发货，尽量和已经开团的亲拼团购买',25.00,'/upload/goods_img/特色美食/5db3b8de6ec9e.jpg',1572059535,0,1),(159,'刘陶生鲜旗舰店','刘陶 福建红肉柚子红心蜜柚8.5-9.5斤（3-4个装） 新鲜水果特卖','',25.50,'/upload/goods_img/特色美食/5db3b8de7ac09.jpg',1572059535,0,1),(160,'萃涣堂蒲公英茶专柜','【萃涣堂】 蜜桃乌龙茶  水果茶 三角包共蜜桃白桃乌龙茶袋泡花茶包花','新品上市!独立三角袋泡茶,携带冲泡更便捷!【萃涣堂】 蜜桃乌龙茶 水果茶 三角包',0.90,'/upload/goods_img/特色美食/5db3b8de97517.jpg',1572059535,0,1);
/*!40000 ALTER TABLE `xy_goods_list_copy` ENABLE KEYS */;
UNLOCK TABLES;

--
-- Table structure for table `xy_index_msg`
--

DROP TABLE IF EXISTS `xy_index_msg`;
/*!40101 SET @saved_cs_client     = @@character_set_client */;
/*!40101 SET character_set_client = utf8 */;
CREATE TABLE `xy_index_msg` (
  `id` int(11) NOT NULL AUTO_INCREMENT,
  `title` varchar(20) NOT NULL DEFAULT '',
  `content` text NOT NULL COMMENT '文本内容',
  `type` int(1) NOT NULL DEFAULT '1' COMMENT '1平台公告 2平台简介 3抢单规则 4代理合作 5常见问题',
  `addtime` int(10) NOT NULL COMMENT '发表时间',
  `status` int(1) NOT NULL DEFAULT '0' COMMENT '0发布 1不发布',
  `author` varchar(10) NOT NULL DEFAULT '' COMMENT '作者',
  PRIMARY KEY (`id`)
) ENGINE=MyISAM AUTO_INCREMENT=6 DEFAULT CHARSET=utf8mb4 COMMENT='首页内容表';
/*!40101 SET character_set_client = @saved_cs_client */;

--
-- Dumping data for table `xy_index_msg`
--

LOCK TABLES `xy_index_msg` WRITE;
/*!40000 ALTER TABLE `xy_index_msg` DISABLE KEYS */;
INSERT INTO `xy_index_msg` VALUES (1,'平台公告','<p style=\"text-align: center;\">时间<em><strong>2019年12月11日13:58:46</strong></em>，正式开启<span style=\"color:#e74c3c;\">测试</span>阶段！</p>',3,1579444634,1,'admin'),(2,'平台简介','<p>这是平台的简介<em><strong>❤!!!!</strong></em></p>',3,1579015541,1,'admin'),(3,'抢单规则','<p>这是抢单规则!</p>',3,1576043946,1,'admin'),(4,'代理合作','<p><span style=\"font-size:10px;\"><em><strong>这是标题</strong></em></span></p>\r\n\r\n<p>这是代理合作的文本</p>\r\n\r\n<div data-type=\"insert-html\">\r\n<h1>&nbsp;</h1>\r\n</div>',3,1576043970,1,'admin'),(5,'常见问题','<p>这是常见问题的文本</p>\r\n\r\n<p>q:xxx</p>\r\n\r\n<p>a:xxx</p>',5,1576043987,1,'admin');
/*!40000 ALTER TABLE `xy_index_msg` ENABLE KEYS */;
UNLOCK TABLES;

--
-- Table structure for table `xy_io_log`
--

DROP TABLE IF EXISTS `xy_io_log`;
/*!40101 SET @saved_cs_client     = @@character_set_client */;
/*!40101 SET character_set_client = utf8 */;
CREATE TABLE `xy_io_log` (
  `id` int(10) unsigned NOT NULL AUTO_INCREMENT,
  `oid` char(18) NOT NULL,
  `amount` decimal(7,2) NOT NULL COMMENT '支付金额',
  `tran_amount` decimal(7,2) NOT NULL COMMENT '实收金额',
  `type` int(2) NOT NULL DEFAULT '1' COMMENT '1收入(用户充值) 2支出(用户提现)',
  `addtime` int(10) unsigned NOT NULL COMMENT '交易时间',
  PRIMARY KEY (`id`),
  KEY `oid` (`oid`) USING BTREE
) ENGINE=InnoDB AUTO_INCREMENT=102 DEFAULT CHARSET=utf8mb4 COMMENT='平台收支记录表';
/*!40101 SET character_set_client = @saved_cs_client */;

--
-- Dumping data for table `xy_io_log`
--

LOCK TABLES `xy_io_log` WRITE;
/*!40000 ALTER TABLE `xy_io_log` DISABLE KEYS */;
INSERT INTO `xy_io_log` VALUES (1,'SY1912031806546099',4000.00,3840.00,1,1575367651),(2,'SY1912031824081143',150.00,144.00,1,1575368785),(3,'SY1912031845513007',501.00,480.96,1,1575369977),(4,'SY1912031851318979',101.00,96.96,1,1575370511),(5,'SY1912032002378716',101.00,96.96,1,1575374628),(6,'SY1912032013233300',301.00,288.96,1,1575375225),(7,'SY1912032053488967',1001.00,960.96,1,1575377661),(8,'SY1912032123401294',100.00,96.00,1,1575379469),(9,'SY1912032137588136',3001.00,2880.96,1,1575380346),(10,'SY1912032150599905',100.00,96.00,1,1575381109),(11,'SY1912040904468880',201.00,192.96,1,1575421508),(12,'SY1912040911104833',403.00,386.88,1,1575421894),(13,'SY1912040911146962',301.00,288.96,1,1575421898),(14,'SY1912040913316278',701.00,672.96,1,1575422030),(15,'SY1912040927122943',100.00,96.00,1,1575422887),(16,'SY1912040934306622',101.00,96.96,1,1575423378),(17,'SY1912040938472978',2500.00,2400.00,1,1575423727),(18,'SY1912040955485352',1000.00,960.00,1,1575424781),(19,'SY1912041004453090',200.00,192.00,1,1575425125),(20,'SY1912041005092162',501.00,480.96,1,1575425190),(21,'SY1912041036412042',500.00,480.00,1,1575427031),(22,'SY1912040937438763',2001.00,1920.96,1,1575427748),(23,'SY1912041058367841',998.00,958.08,1,1575428364),(24,'SY1912041126341061',240.00,230.40,1,1575430061),(25,'SY1912040928465184',101.00,96.96,1,1575430281),(26,'SY1912041308486510',200.00,192.00,1,1575436156),(27,'SY1912041106101377',1000.00,960.00,1,1575439127),(28,'SY1912041421325245',1001.00,960.96,1,1575440527),(29,'SY1912041448276020',547.00,525.12,1,1575442172),(30,'SY1912041510045098',300.00,288.00,1,1575443433),(31,'SY1912041518389400',101.00,96.96,1,1575443994),(32,'SY1912041957439437',2005.00,1924.80,1,1575460699),(33,'SY1912041852431825',1000.00,960.00,1,1575461930),(34,'CO1912031244329732',184.00,184.00,2,1575483832),(35,'SY1912051107217488',1201.00,1152.96,1,1575515283),(36,'SY1912051115237874',3000.00,2880.00,1,1575515905),(37,'SY1912051119217806',3001.00,2880.96,1,1575515995),(38,'CO1912050920116917',115.00,115.00,2,1575516202),(39,'CO1912041510491991',582.00,582.00,2,1575548124),(40,'CO1912040949065387',213.00,213.00,2,1575599082),(41,'CO1912041057579306',382.00,382.00,2,1575599093),(42,'CO1912041059012065',333.00,333.00,2,1575599102),(43,'CO1912041119026778',1144.00,1144.00,2,1575599107),(44,'CO1912051636283599',300.00,300.00,2,1575604375),(45,'CO1912051352523210',966.00,966.00,2,1575604532),(46,'CO1912051308527355',1067.00,1067.00,2,1575604545),(47,'CO1912051253082865',108.00,108.00,2,1575604559),(48,'CO1912051208138167',162.00,162.00,2,1575604604),(49,'CO1912051142109772',342.00,342.00,2,1575605050),(50,'CO1912051131222347',107.00,107.00,2,1575605065),(51,'CO1912051129149779',1296.00,1296.00,2,1575605090),(52,'CO1912051400111435',106.00,106.00,2,1575610955),(53,'SY1912061418399195',200.00,192.00,1,1575613155),(54,'SY1912061259444913',3000.00,2880.00,1,1575613850),(55,'CO1912050957392132',184.00,184.00,2,1575614156),(56,'CO1912051419251929',542.00,542.00,2,1575615960),(57,'SY1912061512085984',101.00,96.96,1,1575616576),(58,'SY1912061526508793',102.00,97.92,1,1575617546),(59,'SY1912061529031209',101.00,96.96,1,1575617564),(60,'CO1912051022577627',352.00,352.00,2,1575617723),(61,'SY1912061554274679',101.00,96.96,1,1575619058),(62,'SY1912061607423527',101.00,96.96,1,1575619841),(63,'SY1912061628232798',100.00,96.00,1,1575620964),(64,'CO1912061603555245',339.00,339.00,2,1575622417),(65,'SY1912061937514921',1001.00,960.96,1,1575632556),(66,'CO1912050927426370',213.00,213.00,2,1575634226),(67,'CO1912050935067764',1143.00,1143.00,2,1575634231),(68,'CO1912051015377587',440.00,440.00,2,1575634235),(69,'CO1912051019256957',494.00,494.00,2,1575634241),(70,'CO1912051021264502',231.00,231.00,2,1575634246),(71,'CO1912041023195493',1070.00,1070.00,2,1575634272),(72,'CO1912040949065067',214.00,214.00,2,1575634277),(73,'CO1912040945442584',986.00,986.00,2,1575634279),(74,'CO1912040940293536',167.00,167.00,2,1575634286),(75,'CO1912041147378152',255.00,255.00,2,1575634321),(76,'SY1912062021305341',998.00,958.08,1,1575634990),(77,'SY1912071225081350',1001.00,960.96,1,1575692904),(78,'SY1912071352262090',101.00,96.96,1,1575698123),(79,'SY1912071306234436',102.00,97.92,1,1575698230),(80,'SY1912071454058545',150.00,144.00,1,1575701805),(81,'SY1912071605231049',100.00,96.00,1,1575706334),(82,'SY1912071945354218',110.00,105.60,1,1575719289),(83,'SY1912081120475596',3001.00,2880.96,1,1575775284),(84,'SY1912081316284930',1001.00,960.96,1,1575782295),(85,'SY1912081438524739',101.00,96.96,1,1575787233),(86,'SY1912081446441564',102.00,97.92,1,1575787890),(87,'SY1912081522276634',105.00,100.80,1,1575789846),(88,'SY1912081523148345',801.00,768.96,1,1575790153),(89,'SY1912081755177755',201.00,192.96,1,1575798954),(90,'SY1912081119239836',101.00,96.96,1,1575801313),(91,'CO1912060950086421',207.00,207.00,2,1575860513),(92,'CO1912061116272856',571.00,571.00,2,1575860521),(93,'CO1912061120236986',228.00,228.00,2,1575860527),(94,'CO1912061318277056',5075.00,5075.00,2,1575860578),(95,'CO1912061434094302',2455.00,2455.00,2,1575860847),(96,'CO1912061441535610',341.00,341.00,2,1575860889),(97,'SY1912091318099221',101.00,96.96,1,1575868757),(98,'CO1912091351171459',5406.00,5406.00,2,1575870749),(99,'SY1912091517155897',1002.00,961.92,1,1575875997),(100,'CO1912061408531910',9620.00,9620.00,2,1575894273),(101,'SY1912100902597375',400.00,384.00,1,1575939880);
/*!40000 ALTER TABLE `xy_io_log` ENABLE KEYS */;
UNLOCK TABLES;

--
-- Table structure for table `xy_member_address`
--

DROP TABLE IF EXISTS `xy_member_address`;
/*!40101 SET @saved_cs_client     = @@character_set_client */;
/*!40101 SET character_set_client = utf8 */;
CREATE TABLE `xy_member_address` (
  `id` bigint(20) unsigned NOT NULL AUTO_INCREMENT,
  `uid` bigint(20) unsigned NOT NULL DEFAULT '0' COMMENT '会员ID',
  `name` varchar(100) NOT NULL DEFAULT '' COMMENT '收货姓名',
  `tel` varchar(20) NOT NULL DEFAULT '' COMMENT '收货手机',
  `area` varchar(255) NOT NULL COMMENT '地区',
  `address` varchar(255) NOT NULL DEFAULT '' COMMENT '地址-详情',
  `is_default` tinyint(1) unsigned DEFAULT '0' COMMENT '默认地址',
  `addtime` int(10) NOT NULL COMMENT '创建时间',
  PRIMARY KEY (`id`) USING BTREE,
  KEY `index_xy_member_address_uid` (`uid`) USING BTREE,
  KEY `index_xy_member_address_is_default` (`is_default`) USING BTREE
) ENGINE=InnoDB AUTO_INCREMENT=174 DEFAULT CHARSET=utf8mb4 COMMENT='会员收货地址';
/*!40101 SET character_set_client = @saved_cs_client */;

--
-- Dumping data for table `xy_member_address`
--

LOCK TABLES `xy_member_address` WRITE;
/*!40000 ALTER TABLE `xy_member_address` DISABLE KEYS */;
INSERT INTO `xy_member_address` VALUES (24,52,'折江江','18792778070','陕西 西安 长安区','韦曲南神禾二路陕西学前师范学院',1,1575340616),(25,68,'宁良泸','17754776299','广西 钦州 灵山县','龙武申通',1,1575343572),(26,51,'段艳娥','18966955603','内蒙古 鄂尔多斯 其他','鄂尔多斯市棋盘井',1,1575344454),(27,53,'哈哈','13800138000','北京 东城区','哈哈',1,1575344910),(28,71,'陈朝阳','13462916156','河南 开封 兰考县','科技路天地鸭业',1,1575345027),(29,66,'魏志昂','15639460689','河南 周口 扶沟县','城关镇建材街中段',1,1575345173),(30,61,'李娜','18502988107','陕西 西安 长安区','韦曲南陕西学前师范学院',1,1575347018),(31,67,'田娇娇','13196968090','江苏 淮安 淮阴区','徐溜镇汤集街',1,1575351659),(32,76,'周健','18979261828','江西 九江 九江县','四季春晖2栋103',1,1575358105),(33,87,'关先生','18622115296','天津 河北区','中山路56号',1,1575358573),(34,90,'于春艳','15532812527','河北 沧州 东光县','观州佳苑',1,1575360442),(35,92,'李攀','15139016780','广东 深圳 其他','龙华区观澜大道横坑路口万海胜超市',1,1575366123),(36,93,'马进','13864556268','山东 济南 历下区','和平路413号',1,1575371698),(37,85,'张敏','13126975906','北京 昌平区','回龙观东大街308号京都儿童医院',1,1575372194),(38,98,'覃曾翠','13807722001','广西 柳州 鱼峰区','箭盘路沁华苑1-4-1-2',1,1575373883),(39,78,'明昌泽','13453615149','山西 晋城 城区','钟家庄街道泽南路1151号铭基凤凰城熊猫快递',1,1575377895),(40,108,'韦日文','15914190547','广西 钦州 灵山县','广西壮族自治区钦州市灵山县陆屋镇陆屋车站旁自取',1,1575380325),(41,107,'明昌泽','13383466129','山西 晋城 城区','钟家庄街道泽州南路1151号铭基凤凰城熊猫快递超市',1,1575380445),(42,103,'牙彩桂','15878859199','广西 河池 凤山县','乔音街上',1,1575383402),(43,131,'高艳霞','18765614062','山东 潍坊 临朐县','城关街道',1,1575385543),(44,143,'李春明','13030198973','广东 湛江 吴川市','黄坡镇川西中学大门',1,1575386382),(45,148,'杨晓华','15308073235','四川 成都 龙泉驿区','航天北路',1,1575387102),(46,166,'孙明腾','18765822915','北京 朝阳区','北京市朝阳区崔各庄镇草场地艺术区211号',1,1575387939),(47,184,'张旺','18772434077','湖北 黄冈 武穴市','吴楚时代城A1-1904',1,1575389668),(48,188,'胡佳敏','15585354001','贵州 贵阳 花溪区','花孟社区服务中心孟关大道新东方校区',1,1575390343),(49,129,'黎康伟','13459172353','福建 福州 晋安区','省委组织部办公室',1,1575397131),(50,220,'刘焕文','18904390246','吉林 白山 八道江区','佳兴小区5-2-401',1,1575415035),(51,216,'尹浩林','17521132454','上海 闵行区','浦江镇竹园路77号',1,1575415344),(52,223,'叶昊桓','13968084260','浙江 杭州 余杭区','乔司永合院',1,1575418205),(53,236,'苏泽','13095823266','北京 东城区','桥下',1,1575420923),(54,231,'郭莉','13008586333','陕西 延安 宝塔区','红花三期',1,1575420989),(55,234,'孙昊天','13180408695','辽宁 沈阳 沈河区','三峡',1,1575421084),(56,233,'王淞丙','17601605765','北京 朝阳区','草房地铁站',1,1575421231),(57,56,'马进','13864556268','山东 济南 历下区','和平路112号',1,1575421413),(58,246,'王百昌','13216568620','浙江 湖州 安吉县','云鸿西路唐味斋',1,1575421428),(59,262,'阳','17330533231','河北 唐山 丰南区','兴河家园8-1-1902',1,1575421535),(60,130,'谭勇林','19112074522','北京 东城区','辛厝寮',1,1575421749),(61,134,'孙德茂','13559236987','辽宁 沈阳 沈河区','未央路2号',1,1575422115),(62,264,'张功杰','18859122245','福建 福州 福清市','福建福清城头',1,1575422221),(63,226,'马欢欢','13463586722','河北 唐山 丰南区','小集镇碱城村',1,1575422429),(64,270,'李森','15132590296','河北 唐山 唐海县','河北省唐山市曹妃甸区香缇溪岸',1,1575422475),(65,177,'王先生','15607199575','湖北 武汉 江夏区','佛祖岭街道湖口社区一栋一单元1205',1,1575422511),(66,310,'林森','18231518006','河北 唐山 丰南区','黄各庄镇',1,1575422920),(67,315,'谢天宇','15009950190','新疆 吐鲁番地区 吐鲁番市','自取',1,1575423173),(68,252,'王鹏','18569472179','内蒙古 包头 昆都仑区','包百步行街',1,1575423336),(69,254,'李思达','15931515411','河北 唐山 路南区','万达广场',1,1575423370),(70,162,'肖琳洁','18791937521','陕西 西安 长安区','韦曲街道神格二路陕西学前师范学院',1,1575424415),(71,212,'周文将','15151353425','浙江 温州 鹿城区','浙江省温州市鹿城区学院东路',1,1575424858),(72,309,'mxcm','13545635340','北京 东城区','dcl',1,1575424943),(73,202,'姜婷婷','18798134529','贵州 遵义 红花岗区','春天堡生活小区',1,1575424955),(74,334,'七月','13069824458','黑龙江 哈尔滨 松北区','世茂大道文化节250号',1,1575425374),(75,289,'刘博','18966993754','陕西 榆林 榆阳区','16栋四元303',1,1575425415),(77,340,'乔彦杰','13834333337','山西 临汾 尧都区','尧都区土门镇',1,1575426086),(78,329,'孟维丰','15633456736','河北 唐山 丰南区','大新庄镇大新庄村',1,1575426685),(79,259,'朱佳俊','17317051217','河北 唐山 丰南区','河北省唐山市丰南区大齐各庄镇夏庄屯村',1,1575427458),(80,73,'吴优','13664011117','内蒙古 呼和浩特 赛罕区','巴彦街道',1,1575427846),(81,344,'吕静','15752167666','云南 曲靖 宣威市','下堡街24号',1,1575428537),(82,305,'赵子龙','17858566965','重庆 万州区','新田镇',1,1575429032),(83,353,'黄贵权','19822928011','四川 成都 龙泉驿区','成都大学学生宿舍',1,1575429104),(84,352,'贺黎明','13222480078','湖南 长沙 雨花区','长沙民政职业技术学院',1,1575429326),(85,331,'李家轩','17330517373','河北 唐山 其他','曹妃甸工业区11加首瀚新',0,1575429467),(86,140,'小马','17464646444','北京 东城区','平米蜜汁你一下',1,1575430849),(87,342,'孙晨洋','18732566351','河北 唐山 路南区','河北省唐山市路南区十九个庄',1,1575433034),(88,364,'荷城','17620715534','重庆 渝中区','北苑小区门口',1,1575433390),(89,370,'小淫','18090279072','广东 广州 海珠区','瑞宝街道，瑞康路402',1,1575435086),(90,182,'朱勇建','15932836398','江西 宜春 丰城市','剑邑大道剑桥郡正对面和众汽车修理厂',1,1575435802),(91,368,'李健','15516137590','河南 濮阳 濮阳县','铁丘路越秀花园',1,1575437684),(92,126,'李亚星','15234344737','山西 阳泉 平定县','育才路育才小学',1,1575438076),(93,79,'陈亮','18391241006','陕西 西安 雁塔区','雁翔路58号',1,1575439106),(94,382,'李刚','15263819448','重庆 渝中区','相隔万里',1,1575440043),(95,165,'颜飞','18392565454','陕西 西安 莲湖区','永福路',1,1575440725),(96,191,'黄晓星','18862921030','江苏 南通 崇川区','星苏花园',1,1575442226),(97,338,'付中坤','19913266623','河南 平顶山 新华区','东莞',1,1575443490),(98,354,'凡星','15666306649','山东 威海 环翠区','威海市经区深圳路24号楼',1,1575443993),(99,389,'网站','13112341234','北京 东城区','网站',1,1575444321),(100,361,'燕江鱼','15160605899','福建 三明 永安市','永星小区门卫',1,1575444581),(101,391,'孙建顺','17736536161','河北 唐山 路南区','兴泰里209',1,1575453353),(102,377,'刘恩辉','15070793327','广东 揭阳 揭西县','龙尾镇宝江汽修厂',1,1575457216),(103,398,'陶渊鹏','17888290226','浙江 金华 婺城区','南苑小区西37栋',1,1575458157),(104,399,'牛晓勇','13675352630','山东 烟台 芝罘区','凤凰台街道珠玑集团花坛春晟小区明珠路东9单元6楼12号',1,1575458545),(105,402,'简小姐','13425694548','广东 佛山 禅城区','汾江中路94号',1,1575462054),(106,394,'周素婷','13480249478','广东 广州 白云区','机场路278',1,1575462118),(107,263,'李勇','15633634354','河北 唐山 丰南区','大新庄镇黄米廒村',1,1575464405),(108,408,'赵玉','17601603806','河南 新乡 封丘县','硫磺皂镇',1,1575470895),(109,260,'谷运升','13402406624','河北 唐山 丰南区','尖字沽乡东河沽村',1,1575502178),(110,420,'好好爱自己','13074776305','内蒙古 呼和浩特 赛罕区','昭乌达路全来福快捷酒店',1,1575503592),(111,55,'马进','18678858033','北京 东城区','唐古城',1,1575513444),(112,54,'马进','15553147890','重庆 东城区','新世纪商场',1,1575513407),(113,99,'胡先生','18707153172','湖北 武汉 洪山区','光谷天地',1,1575514104),(114,427,'李显洪','18385205989','贵州 遵义 红花岗区','虾子',1,1575515764),(115,285,'mccm','17109324195','北京 东城区','znsjsi',1,1575516056),(116,426,'犹福莉','18311666289','贵州 遵义 红花岗区','虾子镇',1,1575516896),(117,430,'犹福莉','13312330228','贵州 遵义 红花岗区','虾子',1,1575517987),(118,314,'黎珖','15625220328','广东 深圳 南山区','香山西街香山美墅别墅2b栋',1,1575518371),(119,69,'小老哥','13534394277','北京 东城区','1',1,1575519492),(120,173,'李','18170974240','福建 福州 马尾区','万达广场',1,1575520959),(121,404,'陈健沾','13250478287','广东 佛山 顺德区','大良街道',1,1575522267),(122,436,'张林','18670943264','湖南 长沙 雨花区','长沙民政职业技术学院',1,1575524939),(123,441,'陈','18370113021','江西 九江 武宁县','豫宁大道',1,1575527474),(124,447,'季二伟','18605619489','安徽 淮北 濉溪县','临涣镇高皇村',1,1575529109),(125,449,'啊霞','18770283508','北京 东城区','东南路',1,1575530883),(126,451,'邵帅帅','18503978172','江苏 苏州 昆山市','昆山市合丰青春雅居2期',1,1575532329),(127,248,'董海龙','18733477678','河北 秦皇岛 抚宁县','抚宁县政庄村',1,1575534024),(128,454,'欧阳','17697364761','青海 西宁 城西区','新宁花苑',1,1575534666),(129,458,'boss','13068639181','广东 佛山 禅城区','华新路8号',1,1575541161),(130,124,'梁雲','17755105296','安徽 合肥 瑶海区','和平路交口',1,1575541251),(131,462,'周小洪','15985033973','贵州 遵义 红花岗区','春天堡生活小区',1,1575543553),(132,461,'郝易艇','15661991209','内蒙古 呼和浩特 赛罕区','巴彦街道内蒙古商贸职业学院',1,1575543973),(133,468,'邓秋泉','13612515286','广东 清远 连州市','连州镇共和村委会',1,1575545658),(134,484,'曾淼鑫','18236981845','河南 郑州 荥阳市','豫龙镇郑上路81号郑州职业技术学院',1,1575581189),(135,459,'王先生','15528248198','四川 自贡 沿滩区','联络镇邮局',1,1575595291),(136,473,'邓鹏洋','15515506574','河南 郑州 新密市','西大街 马庄95号',1,1575599632),(137,481,'陈国将','17729712535','河南 郑州 中牟县','刘集镇女子监狱小区',1,1575601429),(138,493,'陈柏庄','18523514400','重庆 九龙坡区','石坪桥横街七号一栋',1,1575604420),(139,492,'戴小姐','15921100850','上海 宝山区','共和新路新陆大厦4727号',1,1575706850),(140,502,'李雪锋','15015593191','广东 佛山 高明区','康美嘉',1,1575613833),(141,497,'张春晓','13860973358','福建 莆田 城厢区','月唐街306号',1,1575614882),(142,503,'王新','13620747457','吉林 吉林 蛟河市','蛟河市南河家园5号楼3单元203',1,1575615082),(143,482,'黄庆海','15916121724','福建 福州 鼓楼区','海天大道',1,1575619845),(144,513,'贺余林','13638411683','湖南 永州 祁阳县','祁阳县职业中专',1,1575624734),(145,422,'王亚飞','13938755811','河南 新乡 长垣县','丽水花园三期十四号楼',1,1575628027),(146,510,'孔秀芳','17686170649','山东 济宁 邹城市','千泉街道圣泉水岸社区22号楼',1,1575628605),(147,516,'吴国丽','15286348317','贵州 黔东南苗族侗族自治州 施秉县','城关镇养家街',1,1575634124),(148,527,'赵兴贵','15126916387','云南 文山壮族苗族自治州 麻栗坡县','铁厂乡',1,1575653085),(149,526,'高敏','15206684882','山东 淄博 临淄区','凤凰金地铁矿有限公司',1,1575693964),(150,525,'阿克力江','18699877076','新疆 喀什地区 泽普县','泽普镇12社区',1,1575698182),(151,539,'刘高峰','18751713300','江苏 南京 江宁区','溢泰环保',1,1575703874),(152,545,'李留杰','17624033682','辽宁 沈阳 沈河区','朝阳街80号',1,1575719375),(153,550,'燕','15915353902','北京 东城区','公园一号店',1,1575722376),(154,505,'贝','13242740704','广东 广州 天河区','东圃',1,1575782545),(155,555,'王瑞停','18272894677','江苏 苏州 常熟市','江苏省 苏州市 常熟市 详细地址:江苏省苏州市常熟市虞山镇小义一区百世快递',1,1575788260),(156,558,'韩秀红','15121530969','贵州 毕节地区 毕节市','七星关区碧阳大桥观湖一号富炬荣事达',1,1575785839),(157,561,'赵明明','17752518764','河南 郑州 中原区','二七广场',1,1575792425),(158,514,'李生','15219771845','广东 肇庆 封开县','广东省肇庆市封开县江口镇河南幸福家园',1,1575793889),(159,570,'徐志清','18773701706','湖南 益阳 资阳区','工艺美大',1,1575803573),(160,573,'陈轲','18710471219','陕西 西安 蓝田县','陕西省西安市蓝田县安村镇',1,1575806619),(161,578,'袁锦彬','17335650158','河南 郑州 中牟县','刘集镇',1,1575839528),(162,583,'井晓媛','15563148989','山东 济宁 邹城市','山东省济宁市邹城市千泉街道办事处圣泉水岸社区13号楼二单元601室',1,1575865208),(163,588,'唐怡','13984233489','陕西 西安 莲湖区','陕西省西安市莲湖区纬二十六街宏林名筑b座',1,1575871804),(164,406,'韩雅琦','18613579782','山西 太原 迎泽区','民营区汇隆花园北门五龙口南巷120号',1,1575876191),(165,590,'杜志伟','13437398583','广东 东莞','南城区腾龙大厦1601',1,1575877905),(166,563,'宋来旺','18296395441','江西 上饶 上饶县','旭日街道办旭日大道新交警大队门卫处',1,1575897273),(167,613,'郭春丽','15647492636','内蒙古 乌兰察布 集宁区','平地泉世纪馨苑小区',1,1575943947),(168,94,'吴彦祖','13112341234','北京 东城区','北京',1,1576035589),(169,616,'1234561','13700000000','北京 东城区','123123131',1,1576050572),(170,617,'好哦','13600000000','北京 东城区','哈红烧肉味儿',1,1576118877),(171,1,'11','17319266011','北京 东城区','111',1,1577626187),(172,15,'11','18100000000','北京 东城区','11',1,1579445622),(173,16,'代分','13765478900','北京 东城区','规划规定',1,1579449176);
/*!40000 ALTER TABLE `xy_member_address` ENABLE KEYS */;
UNLOCK TABLES;

--
-- Table structure for table `xy_message`
--

DROP TABLE IF EXISTS `xy_message`;
/*!40101 SET @saved_cs_client     = @@character_set_client */;
/*!40101 SET character_set_client = utf8 */;
CREATE TABLE `xy_message` (
  `id` int(11) NOT NULL AUTO_INCREMENT,
  `uid` int(11) NOT NULL DEFAULT '0' COMMENT '接收人ID',
  `sid` int(11) NOT NULL DEFAULT '0' COMMENT '发送人ID',
  `title` varchar(150) NOT NULL COMMENT '信息标题',
  `content` text NOT NULL COMMENT '正文内容',
  `addtime` int(10) NOT NULL COMMENT '发表时间',
  `type` int(1) NOT NULL DEFAULT '1' COMMENT '消息类型 1公告 2通知',
  PRIMARY KEY (`id`),
  KEY `sid` (`sid`) USING BTREE,
  KEY `uid` (`uid`) USING BTREE
) ENGINE=InnoDB AUTO_INCREMENT=31 DEFAULT CHARSET=utf8mb4 COMMENT='会员-消息表';
/*!40101 SET character_set_client = @saved_cs_client */;

--
-- Dumping data for table `xy_message`
--

LOCK TABLES `xy_message` WRITE;
/*!40000 ALTER TABLE `xy_message` DISABLE KEYS */;
INSERT INTO `xy_message` VALUES (29,51,0,'系统通知','充值订单SY1912081122127195已被退回，如有疑问请联系客服',1575799833,2),(30,1,0,'系统通知','充值订单SY2001201107564167已被退回，如有疑问请联系客服',1579489737,2);
/*!40000 ALTER TABLE `xy_message` ENABLE KEYS */;
UNLOCK TABLES;

--
-- Table structure for table `xy_msg`
--

DROP TABLE IF EXISTS `xy_msg`;
/*!40101 SET @saved_cs_client     = @@character_set_client */;
/*!40101 SET character_set_client = utf8 */;
CREATE TABLE `xy_msg` (
  `id` int(11) NOT NULL AUTO_INCREMENT,
  `title` varchar(20) NOT NULL DEFAULT '',
  `content` text NOT NULL COMMENT '文本内容',
  `type` int(1) NOT NULL DEFAULT '1' COMMENT '1平台公告 2平台简介 3抢单规则 4代理合作 5常见问题',
  `addtime` int(10) NOT NULL COMMENT '发表时间',
  `status` int(1) NOT NULL DEFAULT '0' COMMENT '0发布 1不发布',
  `author` varchar(10) NOT NULL DEFAULT '' COMMENT '作者',
  PRIMARY KEY (`id`)
) ENGINE=MyISAM DEFAULT CHARSET=utf8mb4;
/*!40101 SET character_set_client = @saved_cs_client */;

--
-- Dumping data for table `xy_msg`
--

LOCK TABLES `xy_msg` WRITE;
/*!40000 ALTER TABLE `xy_msg` DISABLE KEYS */;
/*!40000 ALTER TABLE `xy_msg` ENABLE KEYS */;
UNLOCK TABLES;

--
-- Table structure for table `xy_pay`
--

DROP TABLE IF EXISTS `xy_pay`;
/*!40101 SET @saved_cs_client     = @@character_set_client */;
/*!40101 SET character_set_client = utf8 */;
CREATE TABLE `xy_pay` (
  `id` int(11) NOT NULL AUTO_INCREMENT,
  `name` varchar(128) COLLATE utf8_unicode_ci DEFAULT NULL,
  `name2` varchar(255) COLLATE utf8_unicode_ci DEFAULT NULL,
  `ico` varchar(255) COLLATE utf8_unicode_ci DEFAULT NULL,
  `min` double(18,2) DEFAULT NULL,
  `max` double(18,2) DEFAULT NULL,
  `ewm` varchar(255) COLLATE utf8_unicode_ci DEFAULT NULL,
  `status` int(2) DEFAULT NULL,
  `url` varchar(255) COLLATE utf8_unicode_ci DEFAULT NULL,
  PRIMARY KEY (`id`)
) ENGINE=InnoDB AUTO_INCREMENT=6 DEFAULT CHARSET=utf8 COLLATE=utf8_unicode_ci;
/*!40101 SET character_set_client = @saved_cs_client */;

--
-- Dumping data for table `xy_pay`
--

LOCK TABLES `xy_pay` WRITE;
/*!40000 ALTER TABLE `xy_pay` DISABLE KEYS */;
INSERT INTO `xy_pay` VALUES (1,'支付宝快捷支付','zfb','/public/img/alipay.png',0.01,10000.00,'http://qd.x-g.vip/upload/20df580628aedf09/348342d01745b495.jpg',1,'/index/ctrl/recharge2?type=zfb'),(2,'微信快捷支付','wx','/public/img/wx.png',0.01,10000.00,'http://qd.x-g.vip/upload/20df580628aedf09/348342d01745b495.jpg',1,'/index/ctrl/recharge2?type=wx'),(3,'银行卡转账','card','/public/img/card.png',0.01,10000.00,NULL,1,'/index/ctrl/recharge'),(4,'比特币支付','bipay','https://cdn.fwtqo.cn/static/web/assets/img/logo/weblogo4x.png',0.01,10000.00,'http://qd.x-g.vip/upload/20df580628aedf09/348342d01745b495.jpg',0,'/index/ctrl/recharge2?type=bipay'),(5,'paysapi支付','paysapi',NULL,0.01,10000.00,NULL,0,'/index/ctrl/recharge2?type=paysapi');
/*!40000 ALTER TABLE `xy_pay` ENABLE KEYS */;
UNLOCK TABLES;

--
-- Table structure for table `xy_reads`
--

DROP TABLE IF EXISTS `xy_reads`;
/*!40101 SET @saved_cs_client     = @@character_set_client */;
/*!40101 SET character_set_client = utf8 */;
CREATE TABLE `xy_reads` (
  `id` int(10) unsigned NOT NULL AUTO_INCREMENT,
  `mid` int(10) unsigned NOT NULL DEFAULT '0' COMMENT '消息ID',
  `uid` int(10) unsigned NOT NULL DEFAULT '0' COMMENT '会员ID',
  `addtime` int(10) unsigned NOT NULL DEFAULT '0' COMMENT '读取时间',
  PRIMARY KEY (`id`),
  KEY `mid-uid` (`mid`,`uid`)
) ENGINE=InnoDB AUTO_INCREMENT=3 DEFAULT CHARSET=utf8mb4 COMMENT='会员-消息读取记录表';
/*!40101 SET character_set_client = @saved_cs_client */;

--
-- Dumping data for table `xy_reads`
--

LOCK TABLES `xy_reads` WRITE;
/*!40000 ALTER TABLE `xy_reads` DISABLE KEYS */;
INSERT INTO `xy_reads` VALUES (1,30,1,1579506344),(2,30,1,1579506352);
/*!40000 ALTER TABLE `xy_reads` ENABLE KEYS */;
UNLOCK TABLES;

--
-- Table structure for table `xy_recharge`
--

DROP TABLE IF EXISTS `xy_recharge`;
/*!40101 SET @saved_cs_client     = @@character_set_client */;
/*!40101 SET character_set_client = utf8 */;
CREATE TABLE `xy_recharge` (
  `id` char(18) NOT NULL,
  `uid` int(11) NOT NULL COMMENT '用户ID',
  `real_name` varchar(15) NOT NULL DEFAULT '' COMMENT '充值姓名',
  `tel` varchar(20) NOT NULL DEFAULT '' COMMENT '手机号',
  `num` decimal(12,2) NOT NULL COMMENT '充值金额',
  `type` int(2) NOT NULL DEFAULT '1' COMMENT '支付方式 1微信 2支付宝',
  `pic` varchar(255) NOT NULL DEFAULT '' COMMENT '打款凭证',
  `addtime` int(10) NOT NULL COMMENT '下单时间',
  `endtime` int(10) NOT NULL DEFAULT '0' COMMENT '处理时间',
  `status` int(2) NOT NULL DEFAULT '1' COMMENT '订单状态 1下单成功 2充值成功 3充值失败',
  `pay_name` varchar(255) DEFAULT NULL,
  PRIMARY KEY (`id`),
  KEY `uid` (`uid`) USING BTREE
) ENGINE=InnoDB DEFAULT CHARSET=utf8mb4 COMMENT='会员-充值表';
/*!40101 SET character_set_client = @saved_cs_client */;

--
-- Dumping data for table `xy_recharge`
--

LOCK TABLES `xy_recharge` WRITE;
/*!40000 ALTER TABLE `xy_recharge` DISABLE KEYS */;
/*!40000 ALTER TABLE `xy_recharge` ENABLE KEYS */;
UNLOCK TABLES;

--
-- Table structure for table `xy_reward_log`
--

DROP TABLE IF EXISTS `xy_reward_log`;
/*!40101 SET @saved_cs_client     = @@character_set_client */;
/*!40101 SET character_set_client = utf8 */;
CREATE TABLE `xy_reward_log` (
  `id` int(11) NOT NULL AUTO_INCREMENT,
  `oid` char(18) NOT NULL COMMENT '订单号',
  `uid` int(10) unsigned NOT NULL DEFAULT '0' COMMENT '产生交易用户',
  `sid` int(10) unsigned NOT NULL DEFAULT '0' COMMENT '交易对象',
  `num` decimal(10,2) NOT NULL DEFAULT '0.00' COMMENT '交易数额',
  `lv` int(10) unsigned NOT NULL DEFAULT '0' COMMENT '级差',
  `type` int(2) NOT NULL DEFAULT '0' COMMENT '订单类型 1充值订单(推广返佣) 2交易订单(交易返佣)',
  `status` int(2) NOT NULL DEFAULT '0' COMMENT '佣金发放状态 0自动发放 1未发放 2已发放',
  `addtime` int(10) unsigned NOT NULL COMMENT '创建时间',
  `endtime` int(10) unsigned NOT NULL DEFAULT '0' COMMENT '处理时间',
  PRIMARY KEY (`id`),
  KEY `oid` (`oid`) USING BTREE
) ENGINE=InnoDB AUTO_INCREMENT=8841 DEFAULT CHARSET=utf8mb4 COMMENT='订单佣金发放记录表';
/*!40101 SET character_set_client = @saved_cs_client */;

--
-- Dumping data for table `xy_reward_log`
--

LOCK TABLES `xy_reward_log` WRITE;
/*!40000 ALTER TABLE `xy_reward_log` DISABLE KEYS */;
INSERT INTO `xy_reward_log` VALUES (8779,'UB2001010229447516',1,0,47.70,0,2,0,1577817051,0),(8780,'UB2001010229447516',3,0,0.24,2,2,1,1577817051,0),(8781,'UB2001010229447516',2,3,0.24,1,2,1,1577817051,0),(8782,'UB2001052053465967',1,0,72.00,0,2,0,1579446319,0),(8783,'UB2001052053465967',3,0,0.36,1,2,1,1579446319,0),(8784,'UB2001192158147717',1,0,26.90,0,2,0,1579446319,0),(8785,'UB2001192158147717',3,0,0.13,1,2,1,1579446319,0),(8786,'UB2001192159041702',1,0,76.50,0,2,0,1579446319,0),(8787,'UB2001192159041702',3,0,0.38,1,2,1,1579446319,0),(8788,'UB2001192221493908',1,0,99.50,0,2,0,1579446319,0),(8789,'UB2001192221493908',3,0,0.50,1,2,1,1579446319,0),(8790,'UB2001192237411930',1,0,755.00,0,2,0,1579446319,0),(8791,'UB2001192237411930',3,0,3.78,1,2,1,1579446319,0),(8792,'UB2001192238261740',1,0,2997.00,0,2,0,1579446319,0),(8793,'UB2001192238261740',3,0,14.99,1,2,1,1579446319,0),(8794,'UB2001192245085690',1,0,693.00,0,2,0,1579446319,0),(8795,'UB2001192245085690',3,0,3.47,1,2,1,1579446319,0),(8796,'UB2001192249408690',1,0,276.00,0,2,0,1579446319,0),(8797,'UB2001192249408690',3,0,1.38,1,2,1,1579446319,0),(8798,'UB2001192250465123',1,0,49.50,0,2,0,1579446319,0),(8799,'UB2001192250465123',3,0,0.25,1,2,1,1579446319,0),(8800,'UB2001192251229060',1,0,18.00,0,2,0,1579446319,0),(8801,'UB2001192251229060',3,0,0.09,1,2,1,1579446319,0),(8802,'UB2001192253391471',1,0,69.30,0,2,0,1579446319,0),(8803,'UB2001192253391471',3,0,0.35,1,2,1,1579446319,0),(8804,'UB2001192253561188',15,0,1194.00,0,2,0,1579446319,0),(8805,'UB2001192254581729',1,0,59.70,0,2,0,1579446319,0),(8806,'UB2001192254581729',3,0,0.30,1,2,1,1579446319,0),(8807,'UB2001192257356442',1,0,2495.00,0,2,0,1579446319,0),(8808,'UB2001192257356442',3,0,12.48,1,2,1,1579446319,0),(8809,'UB2001192306017448',15,0,1498.00,0,2,0,1579446423,0),(8810,'UB2001192307117395',1,0,3995.00,0,2,0,1579446481,0),(8811,'UB2001192307117395',3,0,19.98,1,2,1,1579446481,0),(8812,'UB2001192309009720',15,0,795.00,0,2,0,1579446602,0),(8813,'UB2001192353102078',16,0,3996.00,0,2,0,1579449241,0),(8814,'UB2001200037021689',1,0,6496.00,0,2,0,1579451882,0),(8815,'UB2001200037021689',3,0,32.48,1,2,1,1579451882,0),(8816,'UB2001200915203743',1,0,5994.00,0,2,0,1579482961,0),(8817,'UB2001200915203743',3,0,29.97,1,2,1,1579482961,0),(8818,'UB2001200955553816',1,0,2997.00,0,2,0,1579485421,0),(8819,'UB2001200955553816',3,0,14.99,1,2,1,1579485421,0),(8820,'UB2001201119184442',15,0,702.00,0,2,0,1579490401,0),(8821,'UB2001201358274265',1,0,2247.00,0,2,0,1579500002,0),(8822,'UB2001201358274265',3,0,11.24,1,2,1,1579500002,0),(8823,'UB2001201416312359',1,0,5994.00,0,2,0,1579501082,0),(8824,'UB2001201416312359',3,0,29.97,1,2,1,1579501082,0),(8825,'UB2001201417146937',1,0,1352.00,0,2,0,1579501082,0),(8826,'UB2001201417146937',3,0,6.76,1,2,1,1579501082,0),(8827,'UB2001201542269199',1,0,6293.00,0,2,0,1579506242,0),(8828,'UB2001201542269199',3,0,31.47,1,2,1,1579506242,0),(8829,'UB2001201544114080',1,0,4495.00,0,2,0,1579506301,0),(8830,'UB2001201544114080',3,0,22.48,1,2,1,1579506301,0),(8831,'UB2001201753231139',1,0,2997.00,0,2,0,1579514041,0),(8832,'UB2001201753231139',3,0,14.99,1,2,1,1579514041,0),(8833,'UB2001201754141871',1,0,3297.00,0,2,0,1579514101,0),(8834,'UB2001201754141871',3,0,16.49,1,2,1,1579514101,0),(8835,'UB2001201754527656',1,0,899.00,0,2,0,1579514161,0),(8836,'UB2001201754527656',3,0,4.50,1,2,1,1579514161,0),(8837,'UB2001201756227990',1,0,4495.00,0,2,0,1579514222,0),(8838,'UB2001201756227990',3,0,22.48,1,2,1,1579514222,0),(8839,'UB2001202105559640',15,0,792.00,0,2,0,1579525621,0),(8840,'UB2001202106276089',15,0,594.00,0,2,0,1579525621,0);
/*!40000 ALTER TABLE `xy_reward_log` ENABLE KEYS */;
UNLOCK TABLES;

--
-- Table structure for table `xy_script`
--

DROP TABLE IF EXISTS `xy_script`;
/*!40101 SET @saved_cs_client     = @@character_set_client */;
/*!40101 SET character_set_client = utf8 */;
CREATE TABLE `xy_script` (
  `script` text NOT NULL COMMENT '代码块',
  `id` int(11) NOT NULL AUTO_INCREMENT,
  PRIMARY KEY (`id`)
) ENGINE=MyISAM AUTO_INCREMENT=2 DEFAULT CHARSET=utf8mb4;
/*!40101 SET character_set_client = @saved_cs_client */;

--
-- Dumping data for table `xy_script`
--

LOCK TABLES `xy_script` WRITE;
/*!40000 ALTER TABLE `xy_script` DISABLE KEYS */;
INSERT INTO `xy_script` VALUES ('',1);
/*!40000 ALTER TABLE `xy_script` ENABLE KEYS */;
UNLOCK TABLES;

--
-- Table structure for table `xy_user_error`
--

DROP TABLE IF EXISTS `xy_user_error`;
/*!40101 SET @saved_cs_client     = @@character_set_client */;
/*!40101 SET character_set_client = utf8 */;
CREATE TABLE `xy_user_error` (
  `id` int(11) unsigned NOT NULL AUTO_INCREMENT,
  `uid` int(11) NOT NULL COMMENT '用户ID',
  `addtime` int(11) NOT NULL COMMENT '记录时间',
  `oid` char(18) DEFAULT '' COMMENT '交易单号',
  `type` int(11) NOT NULL DEFAULT '1' COMMENT '记录类型 1解封 2违规操作 3冻结',
  PRIMARY KEY (`id`),
  KEY `uid` (`uid`) USING BTREE
) ENGINE=MyISAM AUTO_INCREMENT=51 DEFAULT CHARSET=utf8mb4 COMMENT='会员-违规操作记录表';
/*!40101 SET character_set_client = @saved_cs_client */;

--
-- Dumping data for table `xy_user_error`
--

LOCK TABLES `xy_user_error` WRITE;
/*!40000 ALTER TABLE `xy_user_error` DISABLE KEYS */;
INSERT INTO `xy_user_error` VALUES (8,51,1575345183,'UB1912031141063695',2),(9,51,1575352322,'UB1912031341336841',2),(10,53,1575368222,'UB1912031806196575',2),(11,289,1575429121,'UB1912041101088553',2),(12,289,1575430561,'UB1912041125077429',2),(13,289,1575433502,'UB1912041214065680',2),(14,53,1575452402,'UB1912041530238724',2),(15,368,1575452402,'UB1912041531364828',2),(16,289,1575511022,'UB1912050946322684',3),(17,289,1575511022,'-',1),(18,289,1575512281,'UB1912051008004421',2),(19,53,1575537361,'UB1912051705468174',2),(20,389,1575616801,'UB1912061510019183',2),(21,53,1575625381,'UB1912061733001565',3),(22,53,1575625381,'-',1),(23,389,1575709861,'UB1912071700436397',2),(24,492,1575710221,'UB1912071706516063',2),(25,389,1575710582,'UB1912071712438229',2),(26,492,1575711842,'UB1912071733516534',2),(27,389,1575713701,'UB1912071804287217',3),(28,389,1575713701,'-',1),(29,492,1575789721,'UB1912081511205249',2),(30,53,1575884822,'UB1912091736207914',2),(31,51,1575895021,'UB1912092026189847',2),(32,616,1576221242,'UB1912131235512815',3),(33,53,1576221242,'UB1912131429199986',3),(34,53,1576221242,'-',1),(35,616,1576221242,'-',1),(36,53,1576741981,'UB1912191550142196',3),(37,53,1576741981,'-',1),(38,389,1576822142,'UB1912201406485754',3),(39,389,1576822142,'-',1),(40,616,1576823882,'UB1912201435071029',3),(41,616,1576823882,'-',1),(42,1,1577803551,'UB1912312243505160',3),(43,1,1577803552,'-',1),(44,1,1577804296,'UB1912312256145329',3),(45,1,1577804297,'-',1),(46,1,1577804531,'UB1912312300079694',3),(47,1,1577804531,'-',1),(48,1,1577804721,'UB1912312303179863',3),(49,1,1577804721,'-',1),(50,1,1579512961,'UB2001201715167187',2);
/*!40000 ALTER TABLE `xy_user_error` ENABLE KEYS */;
UNLOCK TABLES;

--
-- Table structure for table `xy_users`
--

DROP TABLE IF EXISTS `xy_users`;
/*!40101 SET @saved_cs_client     = @@character_set_client */;
/*!40101 SET character_set_client = utf8 */;
CREATE TABLE `xy_users` (
  `id` int(10) unsigned NOT NULL AUTO_INCREMENT,
  `tel` varchar(20) NOT NULL DEFAULT '' COMMENT '手机',
  `username` varchar(36) NOT NULL DEFAULT '' COMMENT '用户名',
  `nickname` varchar(36) NOT NULL DEFAULT '' COMMENT '昵称',
  `pwd` char(40) NOT NULL DEFAULT '' COMMENT '密码',
  `salt` char(16) NOT NULL DEFAULT '' COMMENT '密码盐',
  `parent_id` int(10) unsigned NOT NULL DEFAULT '0' COMMENT '上级ID',
  `signiture` varchar(120) NOT NULL DEFAULT '' COMMENT '个性签名',
  `pwd_error_num` tinyint(3) unsigned NOT NULL DEFAULT '0' COMMENT '密码错误次数',
  `allow_login_time` int(10) unsigned NOT NULL DEFAULT '0' COMMENT '允许登录时间',
  `real_name` varchar(36) NOT NULL DEFAULT '' COMMENT '真实姓名',
  `id_card_num` char(18) NOT NULL DEFAULT '' COMMENT '身份证号码',
  `top_pic` varchar(96) NOT NULL DEFAULT '' COMMENT '身份证正面图',
  `bot_pic` varchar(96) NOT NULL DEFAULT '' COMMENT '身份证背面图',
  `id_status` tinyint(1) unsigned NOT NULL DEFAULT '0' COMMENT '实名认证状态，0未审核，1审核通过，2审核不通过',
  `invite_code` char(6) NOT NULL DEFAULT '' COMMENT '邀请码',
  `addtime` int(10) unsigned NOT NULL DEFAULT '0' COMMENT '注册时间',
  `status` tinyint(1) unsigned NOT NULL DEFAULT '1' COMMENT '状态，1启用，2禁用',
  `real_time` int(10) unsigned NOT NULL DEFAULT '0' COMMENT '实名时间',
  `pwd2` char(40) NOT NULL DEFAULT '' COMMENT '提现密码',
  `salt2` char(16) NOT NULL DEFAULT '' COMMENT '提现密码盐',
  `headpic` varchar(100) NOT NULL DEFAULT '' COMMENT '头像',
  `balance` decimal(15,2) unsigned NOT NULL DEFAULT '0.00' COMMENT '账户余额',
  `freeze_balance` decimal(15,2) NOT NULL DEFAULT '0.00' COMMENT '账号冻结金额',
  `login_status` tinyint(1) unsigned NOT NULL DEFAULT '0' COMMENT '是否登录状态，1：是，0否',
  `recharge_num` decimal(7,2) NOT NULL DEFAULT '0.00' COMMENT '日充值金额',
  `deposit_num` decimal(7,2) NOT NULL DEFAULT '0.00' COMMENT '日提现金额',
  `deal_status` tinyint(1) unsigned NOT NULL DEFAULT '1' COMMENT '交易状态，0交易冻结，1停止交易，2等待交易，3交易中',
  `deal_error` tinyint(1) NOT NULL DEFAULT '0' COMMENT '违规次数',
  `deal_reward_count` int(11) NOT NULL DEFAULT '0' COMMENT '奖励交易次数',
  `deal_count` int(4) NOT NULL DEFAULT '0' COMMENT '当日交易次数',
  `deal_time` int(10) unsigned NOT NULL DEFAULT '0' COMMENT '最后交易日期(年月日)',
  `active` smallint(5) unsigned NOT NULL DEFAULT '0' COMMENT '激活状态，0未激活(首次充值发放推广奖励)，1已激活',
  `childs` int(11) NOT NULL DEFAULT '0' COMMENT '直推用户数量',
  `kouchu_balance` decimal(15,2) DEFAULT NULL COMMENT '扣除金额',
  `kouchu_balance_uid` int(11) DEFAULT NULL,
  `show_td` int(11) DEFAULT '1',
  `show_cz` int(11) DEFAULT '1',
  `show_tx` int(11) DEFAULT '1',
  `show_tel` int(11) DEFAULT '1',
  `show_num` int(11) DEFAULT '1',
  `show_tel2` int(11) DEFAULT '1',
  PRIMARY KEY (`id`),
  UNIQUE KEY `tel` (`tel`),
  UNIQUE KEY `invite_code` (`invite_code`),
  UNIQUE KEY `username` (`username`) USING BTREE,
  KEY `parent_id` (`parent_id`)
) ENGINE=InnoDB AUTO_INCREMENT=18 DEFAULT CHARSET=utf8mb4 COMMENT='会员-用户表';
/*!40101 SET character_set_client = @saved_cs_client */;

--
-- Dumping data for table `xy_users`
--

LOCK TABLES `xy_users` WRITE;
/*!40000 ALTER TABLE `xy_users` DISABLE KEYS */;
INSERT INTO `xy_users` VALUES (1,'18503043295','大拇指','大拇指','2c00a0a23780efb6695c7e40cc2158e629f4688d','12342',3,'躺着赚钱',0,0,'','','','',0,'ARZHNE',1577619847,1,0,'d1f4efd5bb3b6b15ceb9922abb2d92754e88d73b','20525','/upload/xy/2020/01-20/20200120111239-5093909.jpeg',14724.54,864.51,1,0.00,0.00,1,1,0,13,1579449600,1,0,1.00,0,1,0,0,0,0,0),(2,'17319266010','XY_bmkw','','578ff055ca0f5a0c6b5fdf7c9b25178f2e0913d6','93942',3,'',0,0,'','','','',0,'X3YTHP',1577698881,1,0,'2d2fe5cafb64d984cd717df5acf5d6a79d58c899','27748','',1500.24,0.00,1,0.00,0.00,1,0,2,0,0,0,1,NULL,NULL,NULL,NULL,NULL,NULL,NULL,NULL),(3,'17319266011','AC_x1bfe','','ebadb9b48154a4105a6e56ace38b4f66c0bd90cc','36730',0,'',0,0,'','','','',0,'UK72CM',1577701362,1,0,'50415617687d8a4a6564bda13e241f379f25690e','56191','/upload/xy/2020/01-10/20200110093920-400854.png',1796.50,0.00,1,0.00,0.00,1,0,10,0,1578585600,0,5,40.00,1,1,1,0,0,0,1),(4,'17319266013','123','','1943aabf94994208b675f5e59c782b7df3fd1f84','51176',3,'',0,0,'','','','',0,'7N4M3K',1578593385,1,0,'','','',0.00,0.00,0,0.00,0.00,1,0,0,0,0,0,0,NULL,NULL,NULL,NULL,NULL,NULL,NULL,NULL),(8,'17319266014','111','','4824eeede18da261ba11a584526737b14c963fee','31644',4,'',0,0,'','','','',0,'E5GWMY',1578623288,1,0,'','','',0.00,0.00,0,0.00,0.00,1,0,2,0,0,0,1,NULL,NULL,NULL,NULL,NULL,NULL,NULL,NULL),(9,'17319266015','1111','','0455b9ee73fd3454f4a6b08f3949844b1c3a8889','16629',4,'',0,0,'','','','',0,'MCWSJA',1578623302,1,0,'','','',0.00,0.00,0,0.00,0.00,1,0,0,0,0,0,0,NULL,NULL,NULL,NULL,NULL,NULL,NULL,NULL),(10,'17319266016','2222','','2163b6d7ba8337742239cc78aba3a5774d4e0ef8','35717',4,'',0,0,'','','','',0,'8RVYTB',1578623318,1,0,'','','',0.00,0.00,0,0.00,0.00,1,0,0,0,0,0,0,NULL,NULL,NULL,NULL,NULL,NULL,NULL,NULL),(11,'17319266017','234','','c449c680c7fdf98a4c8cc8eb95616100cabffdb3','10873',4,'',0,0,'','','','',0,'86S4EP',1578623355,1,0,'','','',0.00,0.00,0,0.00,0.00,1,0,0,0,0,0,0,NULL,NULL,NULL,NULL,NULL,NULL,NULL,NULL),(12,'17319266018','345','','091a7140bfe5ca74e7380d503931e44188359d27','87891',4,'',0,0,'','','','',0,'KYDBU5',1578623369,1,0,'','','',0.00,0.00,0,0.00,0.00,1,0,0,0,0,0,0,NULL,NULL,NULL,NULL,NULL,NULL,NULL,NULL),(13,'17319266020','5678','','e4dabd457371c0c4bd520a87f5ef48cd3832e893','62359',8,'',0,0,'','','','',0,'FQWS54',1578625161,1,0,'','','',0.00,0.00,0,0.00,0.00,1,0,0,0,0,0,0,NULL,NULL,NULL,NULL,NULL,NULL,NULL,NULL),(14,'17319266021','7890','','e4dabd457371c0c4bd520a87f5ef48cd3832e893','',13,'',0,0,'','','','',0,'PLU334',0,1,0,'','','',0.00,0.00,0,0.00,0.00,1,0,0,0,0,0,0,NULL,NULL,NULL,NULL,NULL,NULL,NULL,NULL),(15,'18100000000','18100000000','','7e8145d99e3097bcb79f5b8c3cc5db94a85e5daf','13449',0,'',0,0,'','','','',0,'9WTDP4',1579445542,1,0,'','','',5013.14,0.00,1,0.00,0.00,1,0,0,3,1579449600,0,0,NULL,NULL,1,1,1,1,1,1),(16,'13788999988','231','','4e0088cdc58031bf8ebe25040d80cb042d64726b','92199',0,'',0,0,'','','','',0,'PDQG7N',1579448919,1,0,'','','',10007.99,0.00,1,0.00,0.00,1,0,0,1,1579363200,0,0,NULL,NULL,1,1,1,1,1,1),(17,'18523159258','HF_mn2cz','','51415b4efb212cfd76289b156be4c5131cdf1846','79020',0,'',0,0,'','','','',0,'G5NQRD',1579453689,1,0,'46ca1d23347617f8af0dbac8306d017af066332f','76','',0.00,0.00,1,0.00,0.00,1,0,0,0,0,0,0,NULL,NULL,1,1,1,1,1,1);
/*!40000 ALTER TABLE `xy_users` ENABLE KEYS */;
UNLOCK TABLES;

--
-- Table structure for table `xy_verify_msg`
--

DROP TABLE IF EXISTS `xy_verify_msg`;
/*!40101 SET @saved_cs_client     = @@character_set_client */;
/*!40101 SET character_set_client = utf8 */;
CREATE TABLE `xy_verify_msg` (
  `tel` char(11) NOT NULL DEFAULT '' COMMENT '用户ID',
  `msg` char(5) NOT NULL DEFAULT '' COMMENT '验证码',
  `addtime` int(10) unsigned NOT NULL DEFAULT '0' COMMENT '发送时间',
  `type` tinyint(4) NOT NULL DEFAULT '0' COMMENT '类型，1注册,2修改密码，3修改二级密码',
  PRIMARY KEY (`tel`),
  KEY `type` (`type`)
) ENGINE=MyISAM DEFAULT CHARSET=utf8mb4;
/*!40101 SET character_set_client = @saved_cs_client */;

--
-- Dumping data for table `xy_verify_msg`
--

LOCK TABLES `xy_verify_msg` WRITE;
/*!40000 ALTER TABLE `xy_verify_msg` DISABLE KEYS */;
INSERT INTO `xy_verify_msg` VALUES ('18792778070','30791',1575340323,1),('18678858033','52417',1575340416,1),('15553147890','73739',1575340495,1),('17663745274','33350',1575340554,1),('18670735894','36609',1575340708,1),('15550641849','97761',1575340843,1),('15954979746','81170',1575340958,1),('19804166629','22785',1575340983,1),('18502988107','26565',1575341050,1),('15113613222','37812',1575341129,1),('15131102773','77239',1575341138,1),('18724319280','15893',1575341404,1),('15518661001','91243',1575341777,1),('15639460689','44316',1575341851,1),('13196968090','96952',1575341988,1),('17754776299','83752',1575342389,1),('13534394277','62475',1575343360,1),('13462916156','53803',1575344666,2),('15771508176','11192',1575344206,1),('18526482199','22117',1575345258,1),('15624756444','68855',1575345894,1),('18144815503','38817',1575346026,1),('15174771594','76159',1575346081,1),('18979261828','77761',1575346110,1),('18871097976','97498',1575346794,1),('17676774196','53455',1575348028,1),('13453615149','11681',1575348143,1),('18702965296','81012',1575352369,1),('18391241006','74967',1575353912,1),('13726772691','55222',1575354264,1),('18266051110','64493',1575355289,1),('18820951680','54343',1575356380,1),('13403565225','58749',1575356625,1),('13057162368','95481',1575356809,1),('13126975906','32932',1575357048,1),('15070907432','16782',1575357498,1),('18622115296','42752',1575357749,1),('18773595001','64041',1575358737,1),('15080522292','38351',1575359273,1),('15532812527','17420',1575359887,2),('13145425172','44385',1575363301,1),('15139016780','92173',1575365439,1),('18620572780','49848',1575365500,1),('13864556268','37253',1575367106,1),('18966955603','11830',1575376182,2),('18224838905','10043',1575367542,1),('18210153750','78663',1575367772,1),('18530156244','90136',1575370905,1),('13807722001','29594',1575373430,1),('18707153172','39095',1575373765,1),('13712706001','97467',1575373968,1),('19945227387','73946',1575374477,1),('13135918208','36418',1575376024,1),('15878859199','40577',1575376282,1),('18636217260','10443',1575376724,1),('18986676876','63890',1575376922,1),('15750934594','52250',1575377325,1),('18250815422','69943',1575378088,1),('13383466129','48184',1575379321,1),('15914190547','44366',1575380090,1),('13593992929','56793',1575380429,1),('18582110498','82423',1575382970,1),('18215871824','97813',1575383263,1),('18215871024','22853',1575383318,1),('18503915382','51935',1575384145,1),('13732322002','46244',1575384156,1),('18156779351','12444',1575384209,1),('13164613103','18963',1575384258,1),('13872398015','28766',1575384417,1),('18095655267','79522',1575384574,1),('18056029767','88044',1575384686,1),('18529256945','92143',1575384706,1),('18538095444','94813',1575384734,1),('15872012091','30436',1575384735,1),('17717326389','44439',1575384755,1),('13625073168','96002',1575384775,1),('17755105296','71765',1575384776,1),('18060532553','24962',1575384879,1),('15234344737','32915',1575384973,1),('13909783253','35211',1575384994,1),('18155483903','21467',1575385016,1),('13148092700','94898',1575385110,1),('13459172353','20082',1575385149,1),('18995604223','27606',1575385292,1),('17607541657','54048',1575385175,1),('19959330263','23753',1575385382,1),('18765614062','24674',1575385425,1),('19904790953','46342',1575385616,2),('15572118183','26790',1575385434,1),('13288333150','13666',1575385440,1),('17933196139','46888',1575385463,1),('13076530485','39982',1575385510,1),('17633196139','58304',1575385524,1),('13430056062','20347',1575385559,1),('13929951029','88016',1575385640,1),('17673941509','53722',1575385725,1),('13041341344','57200',1575385763,1),('13585520903','77397',1575385814,1),('13030198973','82030',1575385818,1),('13680802397','58560',1575385953,1),('15091188141','17449',1575386009,1),('15284916832','97983',1575386047,1),('13318989378','11921',1575386133,1),('15308073235','99565',1575386145,1),('15160660880','96876',1575386186,1),('18110773763','94837',1575386260,1),('13287523873','66809',1575386373,1),('19971581026','78545',1575386803,1),('17608029485','48754',1575386467,1),('18635307994','94053',1575386511,1),('15904643108','88224',1575386520,1),('15751360155','64781',1575386552,1),('18827443327','51862',1575386566,1),('17366777570','43739',1575386610,1),('13895090472','68286',1575386617,1),('17789766218','51931',1575386625,1),('15306004857','42416',1575386744,1),('18875707075','38489',1575386794,1),('18963388038','28801',1575386936,1),('18791937521','63611',1575387083,1),('19905039420','28803',1575387201,1),('18037158031','73472',1575387304,1),('18392565454','77877',1575387331,1),('18765822915','25202',1575387679,1),('17346711411','33957',1575387717,1),('19850010293','40230',1575387731,1),('13892843146','35851',1575387847,1),('14759937161','64863',1575387874,1),('15111168832','55207',1575388025,1),('15399580361','84991',1575388178,1),('18170974240','32232',1575388226,1),('18803429334','90557',1575388469,1),('18164019797','32356',1575388708,1),('18806622251','46057',1575388646,1),('18010910585','90593',1575388729,1),('15607199575','29098',1575388771,1),('19970104071','51557',1575388892,1),('15617765057','14291',1575388925,1),('13129520953','98695',1575389095,1),('13193761917','13247',1575389274,1),('15932836398','16757',1575389297,1),('17675674194','48271',1575389388,1),('18772434077','42126',1575389514,1),('18455847157','33429',1575390123,1),('18065067086','93985',1575389687,1),('15585354001','73805',1575389972,1),('17726197713','31224',1575389732,1),('18078726673','27544',1575389768,1),('13480056839','46661',1575390004,1),('15893855359','22892',1575414063,1),('18862921030','35181',1575390204,1),('13797291615','73108',1575390465,1),('13030873575','12514',1575390543,1),('19942297125','29945',1575390879,1),('18562425119','54855',1575390935,1),('13768016411','81600',1575391675,2),('18352617410','14757',1575391979,1),('13570686531','75551',1575393258,1),('13576693713','74526',1575393592,1),('18991046144','26595',1575393900,1),('18862693152','87074',1575394179,1),('13847209367','55365',1575394361,1),('18798134529','92888',1575394591,1),('15556719270','79684',1575394921,1),('17687517663','58734',1575395335,1),('17753939288','29838',1575396059,1),('13627432037','37295',1575398805,1),('15063443037','59146',1575403001,1),('13450237659','28997',1575406836,1),('13812175104','52097',1575408164,1),('18456047063','55481',1575409330,1),('18041583488','49532',1575409953,1),('15151353425','44111',1575410210,1),('18298854896','24443',1575410802,1),('15597687690','54368',1575412902,1),('15005585464','97362',1575412950,1),('17521132454','44657',1575413810,1),('18621162843','11557',1575414013,1),('18164596090','85805',1575414619,1),('15653024123','32938',1575414631,1),('18904390246','92831',1575414706,1),('15548846997','61842',1575414822,1),('18655417757','48420',1575416279,1),('13968084260','66479',1575417854,1),('18547262862','42735',1575418581,1),('13463586722','64981',1575419220,1),('13135678096','53418',1575419241,1),('15837673023','23425',1575419460,1),('18857981073','68799',1575419724,1),('18533771925','66096',1575420172,1),('13754389382','30862',1575420496,1),('15857014724','19437',1575420558,1),('17603637936','62608',1575420566,1),('17601605765','91673',1575420567,1),('13008586333','68874',1575420570,1),('13180408695','20875',1575420573,1),('13754303185','30113',1575420575,1),('13095823266','44650',1575420576,1),('13112584699','38458',1575420603,1),('18113678037','40830',1575420604,1),('18478016687','66907',1575420606,1),('17726716422','36858',1575420607,1),('19930065600','80792',1575420617,1),('15732527080','87653',1575420621,1),('13145120198','97306',1575420955,1),('18691189652','73212',1575421059,2),('18633304008','30439',1575420632,1),('15175595181','53891',1575420736,2),('13216568620','35526',1575420674,1),('18733477678','49360',1575534077,3),('15033995368','56609',1575420705,1),('15647460823','52803',1575420740,1),('18694211383','45468',1575420746,1),('18634176177','23860',1575420746,1),('13483388388','89109',1575421089,1),('19102085875','66504',1575420803,1),('18569472179','80142',1575553235,2),('15931515411','81163',1575421013,2),('19143595209','14150',1575420881,1),('13098086136','85190',1575420933,1),('15232635732','66396',1575420941,1),('17367587462','85065',1575420953,1),('17330533231','70161',1575420965,1),('17317051217','70011',1575420966,1),('13402406624','95515',1575420975,1),('15891317723','12508',1575421001,1),('18931494111','41430',1575421002,1),('18656309528','23463',1575421003,1),('15633634354','20528',1575421005,1),('18859122245','68499',1575421006,1),('18991794577','84207',1575421118,2),('13868280371','43932',1575421057,1),('17730544971','29479',1575421068,1),('15132590296','21462',1575421080,1),('15933867330','90757',1575421081,1),('18145148329','71319',1575421088,1),('17603328719','95931',1575421163,2),('17831211650','18696',1575421209,1),('15933867338','92520',1575421112,1),('13453717842','85965',1575421119,1),('13333297793','78914',1575421133,1),('18330551323','60534',1575421137,1),('13587248800','79612',1575421304,1),('13606826652','16621',1575421148,1),('17109324195','13531',1575421149,1),('15233308910','50712',1575421150,1),('18332788844','82510',1575421396,1),('17732545524','63437',1575421192,1),('15211174670','14255',1575421320,2),('13714929803','50040',1575421227,1),('15369582621','47783',1575421243,1),('18903387497','73713',1575421285,1),('18299046213','18911',1575421308,1),('15991205535','65179',1575421327,1),('13631518558','69770',1575421376,1),('18966993754','65873',1575421395,1),('17731514116','95500',1575421440,1),('18356328869','19016',1575421447,1),('18103150502','19897',1575421671,1),('18833166903','95485',1575421684,1),('15132262294','93286',1575421696,1),('13832963623','59684',1575421711,1),('18091171937','20201',1575421718,2),('17694981824','52253',1575421719,1),('15614382743','53416',1575421753,1),('15710956333','34428',1575421782,1),('15355256196','93870',1575421833,1),('19982647831','92638',1575421834,1),('15197424788','20335',1575421843,1),('18848372827','11451',1575421848,1),('17868485271','54245',1575421862,1),('17858566965','14353',1575421868,1),('18395923697','29398',1575421872,1),('15190295149','75533',1575422006,1),('15032550062','81649',1575421944,1),('18231518006','94973',1575422001,1),('13545635340','88526',1575422008,1),('18700782952','60012',1575422026,1),('13315873314','27844',1575422091,1),('15071699653','80977',1575422375,1),('15625220328','99771',1575422551,1),('15009950190','36225',1575422641,1),('17605986907','56055',1575422806,1),('18767070748','87502',1575422919,1),('15028811711','43807',1575423129,1),('13473861564','40403',1575423194,1),('18085290425','77673',1575423213,1),('13663153492','95079',1575423297,1),('18132157772','30784',1575423461,1),('19903917471','63390',1575423762,1),('18747992978','92227',1575423817,1),('17828351453','38345',1575423918,1),('18857251703','27086',1575424504,1),('15623826779','12595',1575424602,1),('18832910853','93774',1575424605,1),('15633456736','19506',1575424680,1),('13091281822','40614',1575424928,1),('17330517373','91241',1575424931,1),('18824304489','66642',1575425108,1),('15924208594','47077',1575425133,1),('15245034612','74290',1575425135,1),('17736730377','32770',1575425230,1),('15050749944','39946',1575460426,2),('14786575101','31086',1575425674,1),('19913266623','39640',1575425686,1),('18028323293','97015',1575425766,1),('17731908791','25905',1575425838,1),('13834333337','90608',1575425840,1),('18732566351','18826',1575425939,1),('18612999483','22845',1575425954,1),('15752167666','91227',1575428659,3),('15271952893','29362',1575426364,1),('13613460074','25304',1575426669,1),('13103056732','89229',1575426849,2),('13223175213','70012',1575426923,1),('17331523234','91754',1575426948,1),('18978238398','61159',1575427823,1),('19956672077','70382',1575428361,1),('13552556054','41861',1575428647,1),('15854876290','31055',1575428661,1),('15342528830','47686',1575434104,1),('13222480078','84649',1575428837,1),('17671842569','58171',1575428901,1),('19822928011','29051',1575428903,1),('15666306649','79629',1575428985,1),('15919310449','31012',1575429091,1),('17829185368','21218',1575429690,1),('15111606505','11703',1575429963,1),('18529526508','96026',1575430734,1),('18179620835','47714',1575430858,1),('18650956118','20039',1575431377,1),('15160605899','66995',1575431618,1),('13895111238','21194',1575432089,1),('17689481192','52326',1575432536,1),('18604982332','75314',1575432971,1),('17620715534','78636',1575433069,1),('13483477555','17721',1575433446,1),('17876617764','18965',1575434098,1),('15516137590','18379',1575437742,3),('15660243754','13944',1575434741,1),('18090279072','32321',1575434887,1),('15730041339','48765',1575435437,1),('18691114044','79183',1575435569,1),('18066579182','99648',1575435697,1),('18397912511','32408',1575435781,1),('13641495104','63564',1575435833,1),('18169688929','97728',1575437268,1),('17331007488','56987',1575437803,1),('15070793327','71123',1575437826,1),('15957286636','42728',1575437881,1),('18099288975','87678',1575437931,1),('13023218973','40681',1575438095,1),('18872631767','24551',1575438589,1),('17573044321','96843',1575439354,1),('15263819448','91269',1575439906,1),('18380276519','14441',1575440533,1),('18692565454','52363',1575440642,3),('13841624752','85092',1575440677,1),('13215395554','30225',1575441005,1),('15669333015','39056',1575441176,1),('13413921934','32670',1575443552,1),('18672572065','87828',1575443967,1),('13889242328','76470',1575444065,1),('15915718348','49953',1575444242,1),('17665151090','36469',1575452877,1),('17736536161','53673',1575452972,1),('15855865596','27676',1575454687,1),('13269856680','83485',1575455159,1),('13480249478','16903',1575455832,1),('13177774065','13571',1575456614,1),('15178331570','54541',1575456944,1),('17360990253','77239',1575457590,1),('17888290226','80299',1575458042,1),('13675352630','41590',1575458279,1),('13891193020','83078',1575458532,1),('18367060036','24978',1575460426,1),('17109324202','97680',1575460512,1),('13425694548','48267',1575461743,1),('15868849401','27211',1575461909,1),('13250478287','40770',1575462844,1),('17601603806','59178',1575463188,1),('18613579782','92365',1575464150,1),('15849503735','90649',1575464894,1),('13730372514','15429',1575465449,1),('18203920486','84805',1575466962,1),('18312991996','94372',1575466302,1),('18539240874','77119',1575466420,1),('15702125031','14112',1575468258,1),('18186340442','47529',1575468861,1),('13285969560','14342',1575468981,1),('15668192597','31009',1575469429,1),('19862387747','99547',1575470937,1),('15212131997','76898',1575475656,1),('15326721627','97184',1575477327,1),('15514799222','63001',1575478217,1),('13018724894','87805',1575480075,1),('18761528305','88012',1575500786,1),('13074776305','35231',1575502526,1),('18952715676','19309',1575506264,1),('13938755811','14281',1575507431,1),('15200970586','56763',1575511673,1),('15727547608','82257',1575512910,1),('13636928552','86898',1575514009,1),('18311666289','15635',1575515263,1),('18385205989','25455',1575516147,3),('13222702076','40682',1575516473,1),('18292330752','46948',1575516568,1),('13312330228','10942',1575516775,1),('18302872790','54206',1575521663,1),('13979123576','16540',1575522373,1),('15670773136','88992',1575522905,1),('17634610141','66253',1575523170,1),('15999972408','17009',1575523419,1),('18670943264','88492',1575523984,1),('18012314332','95913',1575526126,1),('18261394162','70668',1575526759,2),('17781825563','44746',1575526713,1),('15983200156','76019',1575526942,1),('18370113021','32234',1575527140,1),('15521216409','65171',1575527441,1),('13337010494','73795',1575527672,1),('15930044724','12302',1575527903,1),('18671399792','41227',1575527990,1),('13355383991','17486',1575528119,1),('13354383991','45771',1575528209,1),('18605619489','73779',1575531591,3),('18317917137','54099',1575529285,2),('15003750445','71687',1575529751,1),('15003650445','49971',1575529812,1),('18770283508','97396',1575529941,1),('15851831427','53282',1575531091,1),('18503978172','43746',1575531650,1),('18750888027','93308',1575532099,1),('18707025688','99156',1575532306,1),('17697364761','12508',1575532823,1),('13847820311','83114',1575535270,1),('19139606630','27548',1575538010,1),('18658856648','31757',1575538401,1),('18678289385','40019',1575539512,1),('13068639181','36841',1575540915,1),('15528248198','21869',1575542633,1),('17648186653','55096',1575543051,1),('15985236989','18080',1575542728,1),('15661991209','51089',1575542780,1),('15985033973','89572',1575542863,1),('14747866408','32813',1575543397,1),('13055595534','68412',1575544104,1),('19834553336','24388',1575544140,1),('18701847413','22921',1575544488,1),('13612515286','24616',1575545096,1),('15974080179','47584',1575547611,1),('13240548273','16792',1575547624,1),('13205679501','58857',1575549359,1),('17639568781','26324',1575549946,1),('15007583650','64304',1575550057,1),('15515506574','42672',1575550211,2),('13912757473','39836',1575550805,1),('13399526890','12890',1575551421,2),('17614070638','92587',1575551613,1),('15191983071','90046',1575553007,1),('17603216760','97316',1575554705,1),('15270249034','28165',1575555277,1),('18565914063','37884',1575557580,1),('17729712535','61000',1575559087,1),('18033249958','73025',1575567878,1),('13279566913','47637',1575572047,1),('18236981845','47128',1575580703,1),('17638326466','87595',1575596866,1),('15518674889','48733',1575597402,1),('13117995372','40991',1575600270,1),('13927296938','13950',1575601077,1),('18104780587','84629',1575601316,1),('13853332099','12638',1575601769,1),('14707718873','29713',1575602378,1),('15921100850','34763',1575602704,1),('15683310712','14917',1575603245,1),('13630514724','20496',1575603553,1),('13512706980','61673',1575604399,1),('18306173075','81262',1575604540,1),('13860973358','28718',1575608098,1),('18215071177','73413',1575610296,2),('15062073857','58255',1575610536,1),('15674869826','32518',1575611400,1),('13773296794','28886',1575611670,1),('15015593191','28430',1575613474,1),('13629124174','23635',1575617298,1),('13620747457','34909',1575614914,1),('19832298531','40262',1575615198,1),('13242740704','68620',1575615273,1),('18711889473','82925',1575615360,1),('18533251536','69476',1575616164,1),('18095212356','50853',1575623910,3),('17686170649','34885',1575620319,1),('13313250678','57620',1575620413,1),('17353877880','43323',1575620563,1),('13638411683','49001',1575624427,1),('15832806221','87726',1575626218,2),('15219771845','83307',1575625939,1),('15083103120','13469',1575632000,1),('15286348317','29614',1575629605,1),('18658839662','40706',1575630229,1),('18687729085','62586',1575630629,1),('13668929949','91347',1575631759,1),('15972609270','72824',1575631855,1),('17611261208','21473',1575631856,1),('13268065990','27760',1575633471,1),('18157620873','75275',1575634017,1),('18133386267','12337',1575635660,1),('18830081358','40586',1575636488,1),('14751109308','36964',1575637643,1),('18272955568','99008',1575640812,1),('13677809200','43633',1575640512,1),('18699877076','20015',1575644106,1),('15206684882','56581',1575646209,1),('18508763225','43989',1575650143,1),('17800688708','69779',1575657219,1),('18648547369','28815',1575657407,1),('13131222957','58827',1575679041,1),('18047528848','31902',1575679161,1),('13554884924','84922',1575681772,1),('13409207321','43559',1575682178,1),('17671337490','69883',1575686808,1),('13148669529','55199',1575688046,1),('13116221874','88312',1575697288,1),('18136374050','34484',1575699950,1),('13469360423','31158',1575701532,1),('15659357091','86935',1575701609,1),('18090028098','30006',1575702475,2),('18751713300','38459',1575704300,3),('13915267424','27198',1575707934,1),('13971345610','33959',1575708679,1),('15333779351','16159',1575709517,1),('18155225273','11155',1575711195,1),('19909949873','10678',1575711830,1),('15552326234','51159',1575712687,1),('17624033682','36781',1575718087,1),('18503592400','23412',1575718476,1),('18600864120','11184',1575719047,1),('17821909673','18590',1575719220,1),('18284309713','30920',1575719962,1),('15915616902','91088',1575722281,1),('13546550374','77199',1575723328,1),('17733989722','33662',1575769578,1),('17777348826','59434',1575775642,1),('19884618793','47390',1575778103,1),('18272894677','62278',1575783773,1),('13819940455','34095',1575783985,1),('18176038132','74015',1575784229,1),('15121530969','14808',1575785083,1),('17109324121','24844',1575786845,1),('13045799260','23838',1575789802,1),('17752518764','58304',1575792281,1),('18206539390','45441',1575793853,1),('18296395441','73192',1575794252,1),('15818547702','59707',1575798261,1),('15278413992','76451',1575798654,1),('18696790487','51433',1575800001,1),('18123406351','73477',1575800513,1),('13670636859','35327',1575800675,1),('15036395913','46722',1575801365,1),('18773701706','88268',1575801609,1),('19874112882','74628',1575802507,1),('18095780810','94029',1575804395,1),('18710471219','50456',1575806188,1),('18522541184','46877',1575812017,1),('13343484221','19658',1575816275,1),('18657160407','22692',1575821715,1),('17513211162','48851',1575828557,1),('17335650158','73034',1575839316,1),('15549086722','49074',1575842216,1),('17637839905','80657',1575847104,1),('18636542255','17930',1575851066,1),('13427851386','80224',1575855123,1),('15563148989','63074',1575859722,1),('18144877589','58695',1575861738,1),('18990170450','86934',1575866663,1),('13824518533','37901',1575867280,1),('18512873992','16198',1575869973,1),('13984233489','19740',1575870681,1),('17530318803','15921',1575872143,1),('13437398583','90276',1575875170,1),('13706678260','18989',1575876088,1),('13143187425','27958',1575876479,1),('18007094336','80124',1575877077,1),('17666541762','40516',1575878886,1),('15355843635','67802',1575881169,1),('13397334761','66081',1575881177,1),('13168745169','24554',1575882620,1),('18637320030','79671',1575884471,1),('15892711857','90494',1575886653,1),('18377209858','49622',1575889357,1),('15272904689','52947',1575890471,1),('13076012463','33939',1575892818,1),('13952149780','70663',1575897881,1),('15819061397','81193',1575898534,1),('18059067857','90104',1575898868,1),('13590085152','52137',1575907679,1),('13511849091','29873',1575921337,1),('18689284659','84164',1575932619,1),('15818192442','55935',1575934410,1),('17642185696','32514',1575937710,1),('15767944014','66393',1575937853,1),('15024016873','50486',1575938936,1),('15027716060','47662',1575939085,1),('15072577913','10944',1575939218,1),('19175667020','94544',1575939775,1),('15647492636','61558',1575940295,1),('15142144267','88929',1575944779,1),('15076786518','18665',1575946319,1),('18367504539','85671',1576234319,1),('17056156072','54801',1576473469,1),('13111122221','68140',1577369539,2),('13178228091','51476',1577370017,1),('17319266010','78007',1578156076,2),('17319266011','18517',1577701341,1),('18523159258','73156',1579453658,1);
/*!40000 ALTER TABLE `xy_verify_msg` ENABLE KEYS */;
UNLOCK TABLES;
/*!40103 SET TIME_ZONE=@OLD_TIME_ZONE */;

/*!40101 SET SQL_MODE=@OLD_SQL_MODE */;
/*!40014 SET FOREIGN_KEY_CHECKS=@OLD_FOREIGN_KEY_CHECKS */;
/*!40014 SET UNIQUE_CHECKS=@OLD_UNIQUE_CHECKS */;
/*!40101 SET CHARACTER_SET_CLIENT=@OLD_CHARACTER_SET_CLIENT */;
/*!40101 SET CHARACTER_SET_RESULTS=@OLD_CHARACTER_SET_RESULTS */;
/*!40101 SET COLLATION_CONNECTION=@OLD_COLLATION_CONNECTION */;
/*!40111 SET SQL_NOTES=@OLD_SQL_NOTES */;

-- Dump completed on 2020-01-20  1:06:51
